experiment,evaluation_kind,detector,k,threshold,tp,fp,tn,fn,precision,recall,f1,false_positive_rate,detected_count,missed_count,evaluated_count,type0_count,average_precision,sample_count,seed
spatial,all,knn,1,,511,545,9455,489,0.48390151515151514,0.511,0.4970817120622568,0.0545,1056,489,11000,1000,,11000,42
spatial,all,knn,3,,528,465,9535,472,0.5317220543806647,0.528,0.5298544907175113,0.0465,993,472,11000,1000,,11000,42
spatial,all,knn,5,,521,490,9510,479,0.5153313550939663,0.521,0.5181501740427648,0.049,1011,479,11000,1000,,11000,42
spatial,all,knn,7,,531,511,9489,469,0.5095969289827256,0.531,0.5200783545543585,0.0511,1042,469,11000,1000,,11000,42
spatial,all,knn,9,,528,540,9460,472,0.4943820224719101,0.528,0.5106382978723405,0.054,1068,472,11000,1000,,11000,42
spatial,all,odin,1,0.0,761,3805,6195,239,0.16666666666666666,0.761,0.27344592166726556,0.3805,4566,239,11000,1000,0.15526383258535054,11000,42
spatial,all,odin,1,1.0,976,7080,2920,24,0.1211519364448858,0.976,0.21554770318021202,0.708,8056,24,11000,1000,0.15526383258535054,11000,42
spatial,all,odin,1,2.0,995,8889,1111,5,0.10066774585188183,0.995,0.1828371922087468,0.8889,9884,5,11000,1000,0.15526383258535054,11000,42
spatial,all,odin,1,3.0,1000,9635,365,0,0.09402914903620123,1.0,0.17189514396218306,0.9635,10635,0,11000,1000,0.15526383258535054,11000,42
spatial,all,odin,1,4.0,1000,9892,108,0,0.0918105031215571,1.0,0.16818028927009754,0.9892,10892,0,11000,1000,0.15526383258535054,11000,42
spatial,all,odin,1,5.0,1000,9972,28,0,0.09114108640174991,1.0,0.1670564650851988,0.9972,10972,0,11000,1000,0.15526383258535054,11000,42
spatial,all,odin,1,6.0,1000,9996,4,0,0.09094216078574027,1.0,0.16672224074691563,0.9996,10996,0,11000,1000,0.15526383258535054,11000,42
spatial,all,odin,1,7.0,1000,9999,1,0,0.09091735612328393,1.0,0.16668055671305942,0.9999,10999,0,11000,1000,0.15526383258535054,11000,42
spatial,all,odin,1,8.0,1000,10000,0,0,0.09090909090909091,1.0,0.16666666666666669,1.0,11000,0,11000,1000,0.15526383258535054,11000,42
spatial,all,odin,3,0.0,527,1103,8897,473,0.32331288343558284,0.527,0.4007604562737643,0.1103,1630,473,11000,1000,0.2716156895296258,11000,42
spatial,all,odin,3,1.0,850,2718,7282,150,0.2382286995515695,0.85,0.37215411558669,0.2718,3568,150,11000,1000,0.2716156895296258,11000,42
spatial,all,odin,3,2.0,950,4425,5575,50,0.17674418604651163,0.95,0.2980392156862745,0.4425,5375,50,11000,1000,0.2716156895296258,11000,42
spatial,all,odin,3,3.0,985,6036,3964,15,0.14029340549779235,0.985,0.24560528612392468,0.6036,7021,15,11000,1000,0.2716156895296258,11000,42
spatial,all,odin,3,4.0,994,7346,2654,6,0.11918465227817746,0.994,0.21284796573875803,0.7346,8340,6,11000,1000,0.2716156895296258,11000,42
spatial,all,odin,3,5.0,998,8312,1688,2,0.10719656283566058,0.998,0.1935984481086324,0.8312,9310,2,11000,1000,0.2716156895296258,11000,42
spatial,all,odin,3,6.0,999,9003,997,1,0.09988002399520096,0.999,0.18160334484639154,0.9003,10002,1,11000,1000,0.2716156895296258,11000,42
spatial,all,odin,3,7.0,1000,9426,574,0,0.0959140610013428,1.0,0.17503938386136883,0.9426,10426,0,11000,1000,0.2716156895296258,11000,42
spatial,all,odin,3,8.0,1000,9699,301,0,0.09346667912889055,1.0,0.1709547824600393,0.9699,10699,0,11000,1000,0.2716156895296258,11000,42
spatial,all,odin,3,9.0,1000,9831,169,0,0.09232757824762257,1.0,0.1690474178006931,0.9831,10831,0,11000,1000,0.2716156895296258,11000,42
spatial,all,odin,3,10.0,1000,9903,97,0,0.09171787581399615,1.0,0.16802486768041672,0.9903,10903,0,11000,1000,0.2716156895296258,11000,42
spatial,all,odin,3,11.0,1000,9947,53,0,0.09134922809902256,1.0,0.16740604335816522,0.9947,10947,0,11000,1000,0.2716156895296258,11000,42
spatial,all,odin,3,12.0,1000,9974,26,0,0.0911244760342628,1.0,0.16702856188408216,0.9974,10974,0,11000,1000,0.2716156895296258,11000,42
spatial,all,odin,3,13.0,1000,9986,14,0,0.09102494083378845,1.0,0.1668613382279326,0.9986,10986,0,11000,1000,0.2716156895296258,11000,42
spatial,all,odin,3,14.0,1000,9994,6,0,0.09095870474804439,1.0,0.16675004168751043,0.9994,10994,0,11000,1000,0.2716156895296258,11000,42
spatial,all,odin,3,15.0,1000,9996,4,0,0.09094216078574027,1.0,0.16672224074691563,0.9996,10996,0,11000,1000,0.2716156895296258,11000,42
spatial,all,odin,3,16.0,1000,9998,2,0,0.09092562284051646,1.0,0.16669444907484582,0.9998,10998,0,11000,1000,0.2716156895296258,11000,42
spatial,all,odin,3,17.0,1000,10000,0,0,0.09090909090909091,1.0,0.16666666666666669,1.0,11000,0,11000,1000,0.2716156895296258,11000,42
spatial,all,odin,5,0.0,393,489,9511,607,0.445578231292517,0.393,0.41764080765143463,0.0489,882,607,11000,1000,0.3578578886194626,11000,42
spatial,all,odin,5,1.0,745,1355,8645,255,0.3547619047619048,0.745,0.48064516129032264,0.1355,2100,255,11000,1000,0.3578578886194626,11000,42
spatial,all,odin,5,2.0,873,2437,7563,127,0.2637462235649547,0.873,0.40510440835266825,0.2437,3310,127,11000,1000,0.3578578886194626,11000,42
spatial,all,odin,5,3.0,951,3566,6434,49,0.21053796767766217,0.951,0.34475258292550304,0.3566,4517,49,11000,1000,0.3578578886194626,11000,42
spatial,all,odin,5,4.0,980,4679,5321,20,0.1731754726983566,0.98,0.29433848926265205,0.4679,5659,20,11000,1000,0.3578578886194626,11000,42
spatial,all,odin,5,5.0,991,5728,4272,9,0.14749218633725256,0.991,0.2567690115299909,0.5728,6719,9,11000,1000,0.3578578886194626,11000,42
spatial,all,odin,5,6.0,995,6640,3360,5,0.13032089063523247,0.995,0.23045744064852342,0.664,7635,5,11000,1000,0.3578578886194626,11000,42
spatial,all,odin,5,7.0,996,7467,2533,4,0.11768876285005317,0.996,0.2105040684772271,0.7467,8463,4,11000,1000,0.3578578886194626,11000,42
spatial,all,odin,5,8.0,997,8134,1866,3,0.10918847880845471,0.997,0.19682163656105026,0.8134,9131,3,11000,1000,0.3578578886194626,11000,42
spatial,all,odin,5,9.0,998,8623,1377,2,0.10373142085022347,0.998,0.187929573486489,0.8623,9621,2,11000,1000,0.3578578886194626,11000,42
spatial,all,odin,5,10.0,999,9043,957,1,0.09948217486556463,0.999,0.1809454808911429,0.9043,10042,1,11000,1000,0.3578578886194626,11000,42
spatial,all,odin,5,11.0,999,9358,642,1,0.09645650284831515,0.999,0.17592674121687066,0.9358,10357,1,11000,1000,0.3578578886194626,11000,42
spatial,all,odin,5,12.0,999,9538,462,1,0.09480876909936414,0.999,0.17318193637860796,0.9538,10537,1,11000,1000,0.3578578886194626,11000,42
spatial,all,odin,5,13.0,999,9679,321,1,0.09355684585128302,0.999,0.17109094022949134,0.9679,10678,1,11000,1000,0.3578578886194626,11000,42
spatial,all,odin,5,14.0,999,9784,216,1,0.0926458314012798,0.999,0.16956632436561148,0.9784,10783,1,11000,1000,0.3578578886194626,11000,42
spatial,all,odin,5,15.0,1000,9858,142,0,0.09209799226376865,1.0,0.168662506324844,0.9858,10858,0,11000,1000,0.3578578886194626,11000,42
spatial,all,odin,5,16.0,1000,9902,98,0,0.091726288754357,1.0,0.16803898504453033,0.9902,10902,0,11000,1000,0.3578578886194626,11000,42
spatial,all,odin,5,17.0,1000,9937,63,0,0.09143275121148395,1.0,0.16754628466113763,0.9937,10937,0,11000,1000,0.3578578886194626,11000,42
spatial,all,odin,5,18.0,1000,9956,44,0,0.09127418765972983,1.0,0.1672800267648043,0.9956,10956,0,11000,1000,0.3578578886194626,11000,42
spatial,all,odin,5,19.0,1000,9971,29,0,0.09114939385653086,1.0,0.16707042018210677,0.9971,10971,0,11000,1000,0.3578578886194626,11000,42
spatial,all,odin,5,20.0,1000,9977,23,0,0.0910995718320124,1.0,0.16698672455539784,0.9977,10977,0,11000,1000,0.3578578886194626,11000,42
spatial,all,odin,5,21.0,1000,9986,14,0,0.09102494083378845,1.0,0.1668613382279326,0.9986,10986,0,11000,1000,0.3578578886194626,11000,42
spatial,all,odin,5,22.0,1000,9992,8,0,0.09097525473071325,1.0,0.1667778519012675,0.9992,10992,0,11000,1000,0.3578578886194626,11000,42
spatial,all,odin,5,23.0,1000,9995,5,0,0.09095043201455207,1.0,0.16673614005835766,0.9995,10995,0,11000,1000,0.3578578886194626,11000,42
spatial,all,odin,5,24.0,1000,9997,3,0,0.09093389106119851,1.0,0.16670834375260482,0.9997,10997,0,11000,1000,0.3578578886194626,11000,42
spatial,all,odin,5,25.0,1000,9997,3,0,0.09093389106119851,1.0,0.16670834375260482,0.9997,10997,0,11000,1000,0.3578578886194626,11000,42
spatial,all,odin,5,26.0,1000,9998,2,0,0.09092562284051646,1.0,0.16669444907484582,0.9998,10998,0,11000,1000,0.3578578886194626,11000,42
spatial,all,odin,5,27.0,1000,10000,0,0,0.09090909090909091,1.0,0.16666666666666669,1.0,11000,0,11000,1000,0.3578578886194626,11000,42
spatial,all,odin,7,0.0,325,276,9724,675,0.540765391014975,0.325,0.4059962523422861,0.0276,601,675,11000,1000,0.42462286495989043,11000,42
spatial,all,odin,7,1.0,641,766,9234,359,0.45557924662402277,0.641,0.5326132114665559,0.0766,1407,359,11000,1000,0.42462286495989043,11000,42
spatial,all,odin,7,2.0,802,1477,8523,198,0.35190873189995614,0.802,0.4891735285147912,0.1477,2279,198,11000,1000,0.42462286495989043,11000,42
spatial,all,odin,7,3.0,900,2220,7780,100,0.28846153846153844,0.9,0.43689320388349506,0.222,3120,100,11000,1000,0.42462286495989043,11000,42
spatial,all,odin,7,4.0,943,3056,6944,57,0.2358089522380595,0.943,0.37727545509101823,0.3056,3999,57,11000,1000,0.42462286495989043,11000,42
spatial,all,odin,7,5.0,971,3941,6059,29,0.19767915309446255,0.971,0.3284844384303112,0.3941,4912,29,11000,1000,0.42462286495989043,11000,42
spatial,all,odin,7,6.0,984,4787,5213,16,0.1705077109686363,0.984,0.2906513070447496,0.4787,5771,16,11000,1000,0.42462286495989043,11000,42
spatial,all,odin,7,7.0,991,5581,4419,9,0.15079123554473525,0.991,0.2617538298996302,0.5581,6572,9,11000,1000,0.42462286495989043,11000,42
spatial,all,odin,7,8.0,993,6302,3698,7,0.1361206305688828,0.993,0.23942133815551536,0.6302,7295,7,11000,1000,0.42462286495989043,11000,42
spatial,all,odin,7,9.0,995,6947,3053,5,0.12528330395366408,0.995,0.22254529188101096,0.6947,7942,5,11000,1000,0.42462286495989043,11000,42
spatial,all,odin,7,10.0,995,7537,2463,5,0.11661978434130332,0.995,0.20877045740663028,0.7537,8532,5,11000,1000,0.42462286495989043,11000,42
spatial,all,odin,7,11.0,997,8015,1985,3,0.11063027075011096,0.997,0.19916100679184978,0.8015,9012,3,11000,1000,0.42462286495989043,11000,42
spatial,all,odin,7,12.0,997,8443,1557,3,0.10561440677966101,0.997,0.19099616858237548,0.8443,9440,3,11000,1000,0.42462286495989043,11000,42
spatial,all,odin,7,13.0,998,8781,1219,2,0.10205542489007056,0.998,0.18517487707579555,0.8781,9779,2,11000,1000,0.42462286495989043,11000,42
spatial,all,odin,7,14.0,999,9067,933,1,0.09924498311146433,0.999,0.18055304536417857,0.9067,10066,1,11000,1000,0.42462286495989043,11000,42
spatial,all,odin,7,15.0,999,9301,699,1,0.09699029126213592,0.999,0.1768141592920354,0.9301,10300,1,11000,1000,0.42462286495989043,11000,42
spatial,all,odin,7,16.0,999,9475,525,1,0.09537903379797594,0.999,0.17413282203242111,0.9475,10474,1,11000,1000,0.42462286495989043,11000,42
spatial,all,odin,7,17.0,999,9597,403,1,0.09428086070215176,0.999,0.17230079337702656,0.9597,10596,1,11000,1000,0.42462286495989043,11000,42
spatial,all,odin,7,18.0,999,9704,296,1,0.09333831635989909,0.999,0.17072545501153552,0.9704,10703,1,11000,1000,0.42462286495989043,11000,42
spatial,all,odin,7,19.0,999,9784,216,1,0.0926458314012798,0.999,0.16956632436561148,0.9784,10783,1,11000,1000,0.42462286495989043,11000,42
spatial,all,odin,7,20.0,1000,9843,157,0,0.09222539887485014,1.0,0.1688761293591151,0.9843,10843,0,11000,1000,0.42462286495989043,11000,42
spatial,all,odin,7,21.0,1000,9885,115,0,0.09186954524575103,1.0,0.16827934371055953,0.9885,10885,0,11000,1000,0.42462286495989043,11000,42
spatial,all,odin,7,22.0,1000,9917,83,0,0.09160025648071815,1.0,0.16782747335738862,0.9917,10917,0,11000,1000,0.42462286495989043,11000,42
spatial,all,odin,7,23.0,1000,9939,61,0,0.09141603437242893,1.0,0.1675182176061647,0.9939,10939,0,11000,1000,0.42462286495989043,11000,42
spatial,all,odin,7,24.0,1000,9954,46,0,0.09129085265656381,1.0,0.16730801405387316,0.9954,10954,0,11000,1000,0.42462286495989043,11000,42
spatial,all,odin,7,25.0,1000,9963,37,0,0.09121590805436468,1.0,0.16718214494691966,0.9963,10963,0,11000,1000,0.42462286495989043,11000,42
spatial,all,odin,7,26.0,1000,9972,28,0,0.09114108640174991,1.0,0.1670564650851988,0.9972,10972,0,11000,1000,0.42462286495989043,11000,42
spatial,all,odin,7,27.0,1000,9978,22,0,0.09109127345600292,1.0,0.16697278343629987,0.9978,10978,0,11000,1000,0.42462286495989043,11000,42
spatial,all,odin,7,28.0,1000,9985,15,0,0.09103322712790168,1.0,0.1668752607425949,0.9985,10985,0,11000,1000,0.42462286495989043,11000,42
spatial,all,odin,7,29.0,1000,9994,6,0,0.09095870474804439,1.0,0.16675004168751043,0.9994,10994,0,11000,1000,0.42462286495989043,11000,42
spatial,all,odin,7,30.0,1000,9996,4,0,0.09094216078574027,1.0,0.16672224074691563,0.9996,10996,0,11000,1000,0.42462286495989043,11000,42
spatial,all,odin,7,31.0,1000,9996,4,0,0.09094216078574027,1.0,0.16672224074691563,0.9996,10996,0,11000,1000,0.42462286495989043,11000,42
spatial,all,odin,7,32.0,1000,9998,2,0,0.09092562284051646,1.0,0.16669444907484582,0.9998,10998,0,11000,1000,0.42462286495989043,11000,42
spatial,all,odin,7,33.0,1000,9998,2,0,0.09092562284051646,1.0,0.16669444907484582,0.9998,10998,0,11000,1000,0.42462286495989043,11000,42
spatial,all,odin,7,34.0,1000,9999,1,0,0.09091735612328393,1.0,0.16668055671305942,0.9999,10999,0,11000,1000,0.42462286495989043,11000,42
spatial,all,odin,7,35.0,1000,10000,0,0,0.09090909090909091,1.0,0.16666666666666669,1.0,11000,0,11000,1000,0.42462286495989043,11000,42
spatial,all,odin,9,0.0,268,176,9824,732,0.6036036036036037,0.268,0.37119113573407203,0.0176,444,732,11000,1000,0.47165662938806496,11000,42
spatial,all,odin,9,1.0,567,506,9494,433,0.5284249767008388,0.567,0.5470332850940666,0.0506,1073,433,11000,1000,0.47165662938806496,11000,42
spatial,all,odin,9,2.0,739,961,9039,261,0.43470588235294116,0.739,0.5474074074074075,0.0961,1700,261,11000,1000,0.47165662938806496,11000,42
spatial,all,odin,9,3.0,853,1524,8476,147,0.3588557004627682,0.853,0.5051821143026355,0.1524,2377,147,11000,1000,0.47165662938806496,11000,42
spatial,all,odin,9,4.0,917,2142,7858,83,0.2997711670480549,0.917,0.45183542744518346,0.2142,3059,83,11000,1000,0.47165662938806496,11000,42
spatial,all,odin,9,5.0,945,2798,7202,55,0.252471279722148,0.945,0.3984819734345351,0.2798,3743,55,11000,1000,0.47165662938806496,11000,42
spatial,all,odin,9,6.0,967,3487,6513,33,0.2171082173327346,0.967,0.35460212687935455,0.3487,4454,33,11000,1000,0.47165662938806496,11000,42
spatial,all,odin,9,7.0,977,4189,5811,23,0.18912117692605498,0.977,0.31689912422964645,0.4189,5166,23,11000,1000,0.47165662938806496,11000,42
spatial,all,odin,9,8.0,986,4830,5170,14,0.16953232462173315,0.986,0.28931924882629106,0.483,5816,14,11000,1000,0.47165662938806496,11000,42
spatial,all,odin,9,9.0,988,5467,4533,12,0.1530596436870643,0.988,0.2650570087189805,0.5467,6455,12,11000,1000,0.47165662938806496,11000,42
spatial,all,odin,9,10.0,993,6073,3927,7,0.14053212567223322,0.993,0.24621869575998015,0.6073,7066,7,11000,1000,0.47165662938806496,11000,42
spatial,all,odin,9,11.0,993,6586,3414,7,0.13101992347275365,0.993,0.23149551229747056,0.6586,7579,7,11000,1000,0.47165662938806496,11000,42
spatial,all,odin,9,12.0,994,7101,2899,6,0.1227918468190241,0.994,0.21858163826278176,0.7101,8095,6,11000,1000,0.47165662938806496,11000,42
spatial,all,odin,9,13.0,994,7544,2456,6,0.11642070742562662,0.994,0.20842944013420003,0.7544,8538,6,11000,1000,0.47165662938806496,11000,42
spatial,all,odin,9,14.0,996,7927,2073,4,0.11162165191079233,0.996,0.20074574221505592,0.7927,8923,4,11000,1000,0.47165662938806496,11000,42
spatial,all,odin,9,15.0,998,8294,1706,2,0.10740421868273783,0.998,0.1939370384764866,0.8294,9292,2,11000,1000,0.47165662938806496,11000,42
spatial,all,odin,9,16.0,999,8622,1378,1,0.1038353601496726,0.999,0.18811787967234725,0.8622,9621,1,11000,1000,0.47165662938806496,11000,42
spatial,all,odin,9,17.0,999,8882,1118,1,0.10110312721384475,0.999,0.1836228287841191,0.8882,9881,1,11000,1000,0.47165662938806496,11000,42
spatial,all,odin,9,18.0,999,9087,913,1,0.09904818560380725,0.999,0.1802273137290276,0.9087,10086,1,11000,1000,0.47165662938806496,11000,42
spatial,all,odin,9,19.0,999,9276,724,1,0.09722627737226278,0.999,0.17720620842572063,0.9276,10275,1,11000,1000,0.47165662938806496,11000,42
spatial,all,odin,9,20.0,999,9428,572,1,0.09580895751414596,0.999,0.1748490417432397,0.9428,10427,1,11000,1000,0.47165662938806496,11000,42
spatial,all,odin,9,21.0,999,9546,454,1,0.09473684210526316,0.999,0.17306193157210917,0.9546,10545,1,11000,1000,0.47165662938806496,11000,42
spatial,all,odin,9,22.0,999,9643,357,1,0.09387333208043601,0.999,0.1716199965641642,0.9643,10642,1,11000,1000,0.47165662938806496,11000,42
spatial,all,odin,9,23.0,999,9719,281,1,0.09320768800149282,0.999,0.17050691244239632,0.9719,10718,1,11000,1000,0.47165662938806496,11000,42
spatial,all,odin,9,24.0,999,9778,222,1,0.0926974111533822,0.999,0.16965271291500383,0.9778,10777,1,11000,1000,0.47165662938806496,11000,42
spatial,all,odin,9,25.0,999,9836,164,1,0.09220119981541301,0.999,0.1688212927756654,0.9836,10835,1,11000,1000,0.47165662938806496,11000,42
spatial,all,odin,9,26.0,999,9867,133,1,0.09193815571507455,0.999,0.16838024608124053,0.9867,10866,1,11000,1000,0.47165662938806496,11000,42
spatial,all,odin,9,27.0,999,9901,99,1,0.09165137614678899,0.999,0.16789915966386554,0.9901,10900,1,11000,1000,0.47165662938806496,11000,42
spatial,all,odin,9,28.0,999,9917,83,1,0.09151703920850128,0.999,0.16767371601208458,0.9917,10916,1,11000,1000,0.47165662938806496,11000,42
spatial,all,odin,9,29.0,1000,9936,64,0,0.091441111923921,1.0,0.16756032171581772,0.9936,10936,0,11000,1000,0.47165662938806496,11000,42
spatial,all,odin,9,30.0,1000,9949,51,0,0.09133254178463787,1.0,0.16737802326554527,0.9949,10949,0,11000,1000,0.47165662938806496,11000,42
spatial,all,odin,9,31.0,1000,9957,43,0,0.09126585744273068,1.0,0.16726603663126202,0.9957,10957,0,11000,1000,0.47165662938806496,11000,42
spatial,all,odin,9,32.0,1000,9971,29,0,0.09114939385653086,1.0,0.16707042018210677,0.9971,10971,0,11000,1000,0.47165662938806496,11000,42
spatial,all,odin,9,33.0,1000,9977,23,0,0.0910995718320124,1.0,0.16698672455539784,0.9977,10977,0,11000,1000,0.47165662938806496,11000,42
spatial,all,odin,9,34.0,1000,9984,16,0,0.09104151493080845,1.0,0.16688918558077437,0.9984,10984,0,11000,1000,0.47165662938806496,11000,42
spatial,all,odin,9,35.0,1000,9987,13,0,0.0910166560480568,1.0,0.1668474180362059,0.9987,10987,0,11000,1000,0.47165662938806496,11000,42
spatial,all,odin,9,36.0,1000,9992,8,0,0.09097525473071325,1.0,0.1667778519012675,0.9992,10992,0,11000,1000,0.47165662938806496,11000,42
spatial,all,odin,9,37.0,1000,9994,6,0,0.09095870474804439,1.0,0.16675004168751043,0.9994,10994,0,11000,1000,0.47165662938806496,11000,42
spatial,all,odin,9,38.0,1000,9996,4,0,0.09094216078574027,1.0,0.16672224074691563,0.9996,10996,0,11000,1000,0.47165662938806496,11000,42
spatial,all,odin,9,39.0,1000,9997,3,0,0.09093389106119851,1.0,0.16670834375260482,0.9997,10997,0,11000,1000,0.47165662938806496,11000,42
spatial,all,odin,9,40.0,1000,9998,2,0,0.09092562284051646,1.0,0.16669444907484582,0.9998,10998,0,11000,1000,0.47165662938806496,11000,42
spatial,all,odin,9,41.0,1000,9998,2,0,0.09092562284051646,1.0,0.16669444907484582,0.9998,10998,0,11000,1000,0.47165662938806496,11000,42
spatial,all,odin,9,42.0,1000,9998,2,0,0.09092562284051646,1.0,0.16669444907484582,0.9998,10998,0,11000,1000,0.47165662938806496,11000,42
spatial,all,odin,9,43.0,1000,9999,1,0,0.09091735612328393,1.0,0.16668055671305942,0.9999,10999,0,11000,1000,0.47165662938806496,11000,42
spatial,all,odin,9,44.0,1000,9999,1,0,0.09091735612328393,1.0,0.16668055671305942,0.9999,10999,0,11000,1000,0.47165662938806496,11000,42
spatial,all,odin,9,45.0,1000,9999,1,0,0.09091735612328393,1.0,0.16668055671305942,0.9999,10999,0,11000,1000,0.47165662938806496,11000,42
spatial,all,odin,9,46.0,1000,10000,0,0,0.09090909090909091,1.0,0.16666666666666669,1.0,11000,0,11000,1000,0.47165662938806496,11000,42
mixup,all,knn,1,,637,999,9001,363,0.3893643031784841,0.637,0.4833080424886191,0.0999,1636,363,11000,1000,,11000,42
mixup,all,knn,3,,624,691,9309,376,0.47452471482889735,0.624,0.5390928725701944,0.0691,1315,376,11000,1000,,11000,42
mixup,all,knn,5,,602,573,9427,398,0.512340425531915,0.602,0.5535632183908046,0.0573,1175,398,11000,1000,,11000,42
mixup,all,knn,7,,584,578,9422,416,0.5025817555938038,0.584,0.540240518038853,0.0578,1162,416,11000,1000,,11000,42
mixup,all,knn,9,,578,574,9426,422,0.5017361111111112,0.578,0.5371747211895911,0.0574,1152,422,11000,1000,,11000,42
mixup,all,odin,1,0.0,102,4504,5496,898,0.02214502822405558,0.102,0.036389582590082056,0.4504,4606,898,11000,1000,0.06422434035948725,11000,42
mixup,all,odin,1,1.0,416,7642,2358,584,0.05162571357656987,0.416,0.09185250607198057,0.7642,8058,584,11000,1000,0.06422434035948725,11000,42
mixup,all,odin,1,2.0,722,9184,816,278,0.07288512012921462,0.722,0.13240418118466898,0.9184,9906,278,11000,1000,0.06422434035948725,11000,42
mixup,all,odin,1,3.0,862,9764,236,138,0.08112177677395069,0.862,0.14828831928436262,0.9764,10626,138,11000,1000,0.06422434035948725,11000,42
mixup,all,odin,1,4.0,934,9933,67,66,0.08594828379497561,0.934,0.15741130867110475,0.9933,10867,66,11000,1000,0.06422434035948725,11000,42
mixup,all,odin,1,5.0,974,9981,19,26,0.08890917389319945,0.974,0.16294437473860307,0.9981,10955,26,11000,1000,0.06422434035948725,11000,42
mixup,all,odin,1,6.0,992,9998,2,8,0.0902638762511374,0.992,0.16547122602168474,0.9998,10990,8,11000,1000,0.06422434035948725,11000,42
mixup,all,odin,1,7.0,997,10000,0,3,0.09066108938801491,0.997,0.16620821872134697,1.0,10997,3,11000,1000,0.06422434035948725,11000,42
mixup,all,odin,1,8.0,998,10000,0,2,0.09074377159483542,0.998,0.1663610601766961,1.0,10998,2,11000,1000,0.06422434035948725,11000,42
mixup,all,odin,1,9.0,999,10000,0,1,0.09082643876716065,0.999,0.16651387615634636,1.0,10999,1,11000,1000,0.06422434035948725,11000,42
mixup,all,odin,1,10.0,999,10000,0,1,0.09082643876716065,0.999,0.16651387615634636,1.0,10999,1,11000,1000,0.06422434035948725,11000,42
mixup,all,odin,1,11.0,999,10000,0,1,0.09082643876716065,0.999,0.16651387615634636,1.0,10999,1,11000,1000,0.06422434035948725,11000,42
mixup,all,odin,1,12.0,1000,10000,0,0,0.09090909090909091,1.0,0.16666666666666669,1.0,11000,0,11000,1000,0.06422434035948725,11000,42
mixup,all,odin,3,0.0,8,1552,8448,992,0.005128205128205128,0.008,0.00625,0.1552,1560,992,11000,1000,0.05900753820453955,11000,42
mixup,all,odin,3,1.0,48,3455,6545,952,0.013702540679417643,0.048,0.021319120586275817,0.3455,3503,952,11000,1000,0.05900753820453955,11000,42
mixup,all,odin,3,2.0,151,5289,4711,849,0.02775735294117647,0.151,0.0468944099378882,0.5289,5440,849,11000,1000,0.05900753820453955,11000,42
mixup,all,odin,3,3.0,319,6832,3168,681,0.044609145574045585,0.319,0.07827260458839405,0.6832,7151,681,11000,1000,0.05900753820453955,11000,42
mixup,all,odin,3,4.0,475,8020,1980,525,0.055915244261330196,0.475,0.10005265929436546,0.802,8495,525,11000,1000,0.05900753820453955,11000,42
mixup,all,odin,3,5.0,598,8823,1177,402,0.0634752149453349,0.598,0.11476825640533539,0.8823,9421,402,11000,1000,0.05900753820453955,11000,42
mixup,all,odin,3,6.0,689,9326,674,311,0.06879680479281078,0.689,0.1251021334543804,0.9326,10015,311,11000,1000,0.05900753820453955,11000,42
mixup,all,odin,3,7.0,779,9631,369,221,0.07483189241114313,0.779,0.13654688869412795,0.9631,10410,221,11000,1000,0.05900753820453955,11000,42
mixup,all,odin,3,8.0,842,9809,191,158,0.07905360998967233,0.842,0.14453694961805852,0.9809,10651,158,11000,1000,0.05900753820453955,11000,42
mixup,all,odin,3,9.0,893,9898,102,107,0.08275414697433046,0.893,0.1514714612840302,0.9898,10791,107,11000,1000,0.05900753820453955,11000,42
mixup,all,odin,3,10.0,920,9948,52,80,0.08465218991534781,0.92,0.15503875968992248,0.9948,10868,80,11000,1000,0.05900753820453955,11000,42
mixup,all,odin,3,11.0,942,9970,30,58,0.08632697947214077,0.942,0.15815983881799864,0.997,10912,58,11000,1000,0.05900753820453955,11000,42
mixup,all,odin,3,12.0,954,9990,10,46,0.08717105263157894,0.954,0.1597454789015405,0.999,10944,46,11000,1000,0.05900753820453955,11000,42
mixup,all,odin,3,13.0,966,9997,3,34,0.08811456718051629,0.966,0.16149795201872438,0.9997,10963,34,11000,1000,0.05900753820453955,11000,42
mixup,all,odin,3,14.0,972,9999,1,28,0.08859721082854799,0.972,0.16239244841700778,0.9999,10971,28,11000,1000,0.05900753820453955,11000,42
mixup,all,odin,3,15.0,980,10000,0,20,0.08925318761384335,0.98,0.16360601001669448,1.0,10980,20,11000,1000,0.05900753820453955,11000,42
mixup,all,odin,3,16.0,986,10000,0,14,0.08975059166211542,0.986,0.1645252794927415,1.0,10986,14,11000,1000,0.05900753820453955,11000,42
mixup,all,odin,3,17.0,991,10000,0,9,0.0901646801928851,0.991,0.16529063464264865,1.0,10991,9,11000,1000,0.05900753820453955,11000,42
mixup,all,odin,3,18.0,991,10000,0,9,0.0901646801928851,0.991,0.16529063464264865,1.0,10991,9,11000,1000,0.05900753820453955,11000,42
mixup,all,odin,3,19.0,992,10000,0,8,0.09024745269286755,0.992,0.16544362908605736,1.0,10992,8,11000,1000,0.05900753820453955,11000,42
mixup,all,odin,3,20.0,995,10000,0,5,0.0904956798544793,0.995,0.16590245935806586,1.0,10995,5,11000,1000,0.05900753820453955,11000,42
mixup,all,odin,3,21.0,996,10000,0,4,0.0905783921425973,0.996,0.16605535178392797,1.0,10996,4,11000,1000,0.05900753820453955,11000,42
mixup,all,odin,3,22.0,996,10000,0,4,0.0905783921425973,0.996,0.16605535178392797,1.0,10996,4,11000,1000,0.05900753820453955,11000,42
mixup,all,odin,3,23.0,997,10000,0,3,0.09066108938801491,0.997,0.16620821872134697,1.0,10997,3,11000,1000,0.05900753820453955,11000,42
mixup,all,odin,3,24.0,997,10000,0,3,0.09066108938801491,0.997,0.16620821872134697,1.0,10997,3,11000,1000,0.05900753820453955,11000,42
mixup,all,odin,3,25.0,997,10000,0,3,0.09066108938801491,0.997,0.16620821872134697,1.0,10997,3,11000,1000,0.05900753820453955,11000,42
mixup,all,odin,3,26.0,997,10000,0,3,0.09066108938801491,0.997,0.16620821872134697,1.0,10997,3,11000,1000,0.05900753820453955,11000,42
mixup,all,odin,3,27.0,997,10000,0,3,0.09066108938801491,0.997,0.16620821872134697,1.0,10997,3,11000,1000,0.05900753820453955,11000,42
mixup,all,odin,3,28.0,998,10000,0,2,0.09074377159483542,0.998,0.1663610601766961,1.0,10998,2,11000,1000,0.05900753820453955,11000,42
mixup,all,odin,3,29.0,999,10000,0,1,0.09082643876716065,0.999,0.16651387615634636,1.0,10999,1,11000,1000,0.05900753820453955,11000,42
mixup,all,odin,3,30.0,999,10000,0,1,0.09082643876716065,0.999,0.16651387615634636,1.0,10999,1,11000,1000,0.05900753820453955,11000,42
mixup,all,odin,3,31.0,999,10000,0,1,0.09082643876716065,0.999,0.16651387615634636,1.0,10999,1,11000,1000,0.05900753820453955,11000,42
mixup,all,odin,3,32.0,999,10000,0,1,0.09082643876716065,0.999,0.16651387615634636,1.0,10999,1,11000,1000,0.05900753820453955,11000,42
mixup,all,odin,3,33.0,999,10000,0,1,0.09082643876716065,0.999,0.16651387615634636,1.0,10999,1,11000,1000,0.05900753820453955,11000,42
mixup,all,odin,3,34.0,1000,10000,0,0,0.09090909090909091,1.0,0.16666666666666669,1.0,11000,0,11000,1000,0.05900753820453955,11000,42
mixup,all,odin,5,0.0,2,765,9235,998,0.002607561929595828,0.002,0.0022637238256932655,0.0765,767,998,11000,1000,0.05559474195886254,11000,42
mixup,all,odin,5,1.0,8,1964,8036,992,0.004056795131845842,0.008,0.005383580080753701,0.1964,1972,992,11000,1000,0.05559474195886254,11000,42
mixup,all,odin,5,2.0,38,3250,6750,962,0.011557177615571776,0.038,0.017723880597014924,0.325,3288,962,11000,1000,0.05559474195886254,11000,42
mixup,all,odin,5,3.0,90,4497,5503,910,0.01962066710268149,0.09,0.03221764811168785,0.4497,4587,910,11000,1000,0.05559474195886254,11000,42
mixup,all,odin,5,4.0,164,5677,4323,836,0.0280773840095874,0.164,0.04794620669492764,0.5677,5841,836,11000,1000,0.05559474195886254,11000,42
mixup,all,odin,5,5.0,257,6691,3309,743,0.03698906160046057,0.257,0.06467035732259688,0.6691,6948,743,11000,1000,0.05559474195886254,11000,42
mixup,all,odin,5,6.0,338,7546,2454,662,0.04287163876204972,0.338,0.07609185051778478,0.7546,7884,662,11000,1000,0.05559474195886254,11000,42
mixup,all,odin,5,7.0,421,8189,1811,579,0.048896631823461094,0.421,0.08761706555671177,0.8189,8610,579,11000,1000,0.05559474195886254,11000,42
mixup,all,odin,5,8.0,519,8702,1298,481,0.05628456783429129,0.519,0.10155562078074552,0.8702,9221,481,11000,1000,0.05559474195886254,11000,42
mixup,all,odin,5,9.0,582,9128,872,418,0.059938208032955714,0.582,0.10868347338935574,0.9128,9710,418,11000,1000,0.05559474195886254,11000,42
mixup,all,odin,5,10.0,646,9414,586,354,0.06421471172962227,0.646,0.11681735985533456,0.9414,10060,354,11000,1000,0.05559474195886254,11000,42
mixup,all,odin,5,11.0,700,9613,387,300,0.06787549694560263,0.7,0.12375143640060107,0.9613,10313,300,11000,1000,0.05559474195886254,11000,42
mixup,all,odin,5,12.0,756,9739,261,244,0.07203430204859457,0.756,0.13153545019573729,0.9739,10495,244,11000,1000,0.05559474195886254,11000,42
mixup,all,odin,5,13.0,802,9832,168,198,0.07541846906150085,0.802,0.13787175520027506,0.9832,10634,198,11000,1000,0.05559474195886254,11000,42
mixup,all,odin,5,14.0,834,9885,115,166,0.07780576546319619,0.834,0.14233296356344396,0.9885,10719,166,11000,1000,0.05559474195886254,11000,42
mixup,all,odin,5,15.0,862,9920,80,138,0.07994806158412168,0.862,0.14632490239348156,0.992,10782,138,11000,1000,0.05559474195886254,11000,42
mixup,all,odin,5,16.0,889,9953,47,111,0.08199594170817193,0.889,0.1501435568316163,0.9953,10842,111,11000,1000,0.05559474195886254,11000,42
mixup,all,odin,5,17.0,906,9969,31,94,0.0833103448275862,0.906,0.15258947368421055,0.9969,10875,94,11000,1000,0.05559474195886254,11000,42
mixup,all,odin,5,18.0,924,9981,19,76,0.08473177441540578,0.924,0.15522889542209156,0.9981,10905,76,11000,1000,0.05559474195886254,11000,42
mixup,all,odin,5,19.0,936,9988,12,64,0.08568290003661662,0.936,0.1569942972156994,0.9988,10924,64,11000,1000,0.05559474195886254,11000,42
mixup,all,odin,5,20.0,951,9993,7,49,0.0868969298245614,0.951,0.15924313462826523,0.9993,10944,49,11000,1000,0.05559474195886254,11000,42
mixup,all,odin,5,21.0,957,9997,3,43,0.08736534599233158,0.957,0.16011376944955666,0.9997,10954,43,11000,1000,0.05559474195886254,11000,42
mixup,all,odin,5,22.0,961,9998,2,39,0.0876904827082763,0.961,0.1607157789112802,0.9998,10959,39,11000,1000,0.05559474195886254,11000,42
mixup,all,odin,5,23.0,968,9999,1,32,0.08826479438314945,0.968,0.16177822344781484,0.9999,10967,32,11000,1000,0.05559474195886254,11000,42
mixup,all,odin,5,24.0,974,9999,1,26,0.08876332816914244,0.974,0.16269940699908125,0.9999,10973,26,11000,1000,0.05559474195886254,11000,42
mixup,all,odin,5,25.0,976,9999,1,24,0.08892938496583143,0.976,0.1630062630480167,0.9999,10975,24,11000,1000,0.05559474195886254,11000,42
mixup,all,odin,5,26.0,981,10000,0,19,0.08933612603588016,0.981,0.1637592855354311,1.0,10981,19,11000,1000,0.05559474195886254,11000,42
mixup,all,odin,5,27.0,985,10000,0,15,0.08966772872098316,0.985,0.164372131831456,1.0,10985,15,11000,1000,0.05559474195886254,11000,42
mixup,all,odin,5,28.0,988,10000,0,12,0.08991627229705133,0.988,0.1648314981648315,1.0,10988,12,11000,1000,0.05559474195886254,11000,42
mixup,all,odin,5,29.0,989,10000,0,11,0.08999908999909,0.989,0.16498456918842272,1.0,10989,11,11000,1000,0.05559474195886254,11000,42
mixup,all,odin,5,30.0,990,10000,0,10,0.09008189262966333,0.99,0.1651376146788991,1.0,10990,10,11000,1000,0.05559474195886254,11000,42
mixup,all,odin,5,31.0,992,10000,0,8,0.09024745269286755,0.992,0.16544362908605736,1.0,10992,8,11000,1000,0.05559474195886254,11000,42
mixup,all,odin,5,32.0,992,10000,0,8,0.09024745269286755,0.992,0.16544362908605736,1.0,10992,8,11000,1000,0.05559474195886254,11000,42
mixup,all,odin,5,33.0,993,10000,0,7,0.09033021013372146,0.993,0.16559659801550905,1.0,10993,7,11000,1000,0.05559474195886254,11000,42
mixup,all,odin,5,34.0,994,10000,0,6,0.09041295251955613,0.994,0.16574954143738538,1.0,10994,6,11000,1000,0.05559474195886254,11000,42
mixup,all,odin,5,35.0,994,10000,0,6,0.09041295251955613,0.994,0.16574954143738538,1.0,10994,6,11000,1000,0.05559474195886254,11000,42
mixup,all,odin,5,36.0,996,10000,0,4,0.0905783921425973,0.996,0.16605535178392797,1.0,10996,4,11000,1000,0.05559474195886254,11000,42
mixup,all,odin,5,37.0,996,10000,0,4,0.0905783921425973,0.996,0.16605535178392797,1.0,10996,4,11000,1000,0.05559474195886254,11000,42
mixup,all,odin,5,38.0,996,10000,0,4,0.0905783921425973,0.996,0.16605535178392797,1.0,10996,4,11000,1000,0.05559474195886254,11000,42
mixup,all,odin,5,39.0,996,10000,0,4,0.0905783921425973,0.996,0.16605535178392797,1.0,10996,4,11000,1000,0.05559474195886254,11000,42
mixup,all,odin,5,40.0,997,10000,0,3,0.09066108938801491,0.997,0.16620821872134697,1.0,10997,3,11000,1000,0.05559474195886254,11000,42
mixup,all,odin,5,41.0,997,10000,0,3,0.09066108938801491,0.997,0.16620821872134697,1.0,10997,3,11000,1000,0.05559474195886254,11000,42
mixup,all,odin,5,42.0,997,10000,0,3,0.09066108938801491,0.997,0.16620821872134697,1.0,10997,3,11000,1000,0.05559474195886254,11000,42
mixup,all,odin,5,43.0,998,10000,0,2,0.09074377159483542,0.998,0.1663610601766961,1.0,10998,2,11000,1000,0.05559474195886254,11000,42
mixup,all,odin,5,44.0,999,10000,0,1,0.09082643876716065,0.999,0.16651387615634636,1.0,10999,1,11000,1000,0.05559474195886254,11000,42
mixup,all,odin,5,45.0,999,10000,0,1,0.09082643876716065,0.999,0.16651387615634636,1.0,10999,1,11000,1000,0.05559474195886254,11000,42
mixup,all,odin,5,46.0,999,10000,0,1,0.09082643876716065,0.999,0.16651387615634636,1.0,10999,1,11000,1000,0.05559474195886254,11000,42
mixup,all,odin,5,47.0,999,10000,0,1,0.09082643876716065,0.999,0.16651387615634636,1.0,10999,1,11000,1000,0.05559474195886254,11000,42
mixup,all,odin,5,48.0,999,10000,0,1,0.09082643876716065,0.999,0.16651387615634636,1.0,10999,1,11000,1000,0.05559474195886254,11000,42
mixup,all,odin,5,49.0,999,10000,0,1,0.09082643876716065,0.999,0.16651387615634636,1.0,10999,1,11000,1000,0.05559474195886254,11000,42
mixup,all,odin,5,50.0,999,10000,0,1,0.09082643876716065,0.999,0.16651387615634636,1.0,10999,1,11000,1000,0.05559474195886254,11000,42
mixup,all,odin,5,51.0,999,10000,0,1,0.09082643876716065,0.999,0.16651387615634636,1.0,10999,1,11000,1000,0.05559474195886254,11000,42
mixup,all,odin,5,52.0,999,10000,0,1,0.09082643876716065,0.999,0.16651387615634636,1.0,10999,1,11000,1000,0.05559474195886254,11000,42
mixup,all,odin,5,53.0,999,10000,0,1,0.09082643876716065,0.999,0.16651387615634636,1.0,10999,1,11000,1000,0.05559474195886254,11000,42
mixup,all,odin,5,54.0,999,10000,0,1,0.09082643876716065,0.999,0.16651387615634636,1.0,10999,1,11000,1000,0.05559474195886254,11000,42
mixup,all,odin,5,55.0,999,10000,0,1,0.09082643876716065,0.999,0.16651387615634636,1.0,10999,1,11000,1000,0.05559474195886254,11000,42
mixup,all,odin,5,56.0,999,10000,0,1,0.09082643876716065,0.999,0.16651387615634636,1.0,10999,1,11000,1000,0.05559474195886254,11000,42
mixup,all,odin,5,57.0,999,10000,0,1,0.09082643876716065,0.999,0.16651387615634636,1.0,10999,1,11000,1000,0.05559474195886254,11000,42
mixup,all,odin,5,58.0,999,10000,0,1,0.09082643876716065,0.999,0.16651387615634636,1.0,10999,1,11000,1000,0.05559474195886254,11000,42
mixup,all,odin,5,59.0,999,10000,0,1,0.09082643876716065,0.999,0.16651387615634636,1.0,10999,1,11000,1000,0.05559474195886254,11000,42
mixup,all,odin,5,60.0,999,10000,0,1,0.09082643876716065,0.999,0.16651387615634636,1.0,10999,1,11000,1000,0.05559474195886254,11000,42
mixup,all,odin,5,61.0,999,10000,0,1,0.09082643876716065,0.999,0.16651387615634636,1.0,10999,1,11000,1000,0.05559474195886254,11000,42
mixup,all,odin,5,62.0,999,10000,0,1,0.09082643876716065,0.999,0.16651387615634636,1.0,10999,1,11000,1000,0.05559474195886254,11000,42
mixup,all,odin,5,63.0,999,10000,0,1,0.09082643876716065,0.999,0.16651387615634636,1.0,10999,1,11000,1000,0.05559474195886254,11000,42
mixup,all,odin,5,64.0,1000,10000,0,0,0.09090909090909091,1.0,0.16666666666666669,1.0,11000,0,11000,1000,0.05559474195886254,11000,42
mixup,all,odin,7,0.0,1,475,9525,999,0.0021008403361344537,0.001,0.0013550135501355014,0.0475,476,999,11000,1000,0.05374991424185065,11000,42
mixup,all,odin,7,1.0,3,1240,8760,997,0.002413515687851971,0.003,0.0026749888542131075,0.124,1243,997,11000,1000,0.05374991424185065,11000,42
mixup,all,odin,7,2.0,16,2212,7788,984,0.00718132854578097,0.016,0.009913258983890954,0.2212,2228,984,11000,1000,0.05374991424185065,11000,42
mixup,all,odin,7,3.0,32,3168,6832,968,0.01,0.032,0.015238095238095238,0.3168,3200,968,11000,1000,0.05374991424185065,11000,42
mixup,all,odin,7,4.0,53,4143,5857,947,0.012631077216396568,0.053,0.02040030792917629,0.4143,4196,947,11000,1000,0.05374991424185065,11000,42
mixup,all,odin,7,5.0,101,5037,4963,899,0.019657454262358893,0.101,0.03290974258716194,0.5037,5138,899,11000,1000,0.05374991424185065,11000,42
mixup,all,odin,7,6.0,153,5899,4101,847,0.025280898876404494,0.153,0.04339194554736245,0.5899,6052,847,11000,1000,0.05374991424185065,11000,42
mixup,all,odin,7,7.0,205,6640,3360,795,0.029948867786705625,0.205,0.05226258763543658,0.664,6845,795,11000,1000,0.05374991424185065,11000,42
mixup,all,odin,7,8.0,271,7259,2741,729,0.03598937583001328,0.271,0.06354044548651816,0.7259,7530,729,11000,1000,0.05374991424185065,11000,42
mixup,all,odin,7,9.0,342,7822,2178,658,0.04189122978931896,0.342,0.07463989524225229,0.7822,8164,658,11000,1000,0.05374991424185065,11000,42
mixup,all,odin,7,10.0,395,8299,1701,605,0.045433632390154126,0.395,0.08149370744790592,0.8299,8694,605,11000,1000,0.05374991424185065,11000,42
mixup,all,odin,7,11.0,458,8685,1315,542,0.05009296729738598,0.458,0.09030858720299714,0.8685,9143,542,11000,1000,0.05374991424185065,11000,42
mixup,all,odin,7,12.0,513,8994,1006,487,0.053960239823288104,0.513,0.09764918625678119,0.8994,9507,487,11000,1000,0.05374991424185065,11000,42
mixup,all,odin,7,13.0,569,9241,759,431,0.05800203873598369,0.569,0.10527289546716004,0.9241,9810,431,11000,1000,0.05374991424185065,11000,42
mixup,all,odin,7,14.0,615,9462,538,385,0.06103006847275975,0.615,0.11104089554933647,0.9462,10077,385,11000,1000,0.05374991424185065,11000,42
mixup,all,odin,7,15.0,647,9592,408,353,0.0631897646254517,0.647,0.11513479846961472,0.9592,10239,353,11000,1000,0.05374991424185065,11000,42
mixup,all,odin,7,16.0,699,9713,287,301,0.0671340760660776,0.699,0.12250262881177709,0.9713,10412,301,11000,1000,0.05374991424185065,11000,42
mixup,all,odin,7,17.0,742,9797,203,258,0.07040516178005503,0.742,0.12860733165785596,0.9797,10539,258,11000,1000,0.05374991424185065,11000,42
mixup,all,odin,7,18.0,768,9843,157,232,0.07237772123268306,0.768,0.13228834725691155,0.9843,10611,232,11000,1000,0.05374991424185065,11000,42
mixup,all,odin,7,19.0,790,9892,108,210,0.07395618797977907,0.79,0.13525081321691493,0.9892,10682,210,11000,1000,0.05374991424185065,11000,42
mixup,all,odin,7,20.0,821,9927,73,179,0.07638630442873093,0.821,0.13976847122914537,0.9927,10748,179,11000,1000,0.05374991424185065,11000,42
mixup,all,odin,7,21.0,834,9944,56,166,0.07737984783818891,0.834,0.14161996943453897,0.9944,10778,166,11000,1000,0.05374991424185065,11000,42
mixup,all,odin,7,22.0,859,9958,42,141,0.07941203660904132,0.859,0.1453837691461454,0.9958,10817,141,11000,1000,0.05374991424185065,11000,42
mixup,all,odin,7,23.0,884,9974,26,116,0.08141462516117148,0.884,0.1490976555911621,0.9974,10858,116,11000,1000,0.05374991424185065,11000,42
mixup,all,odin,7,24.0,897,9984,16,103,0.08243727598566308,0.897,0.15099739079202087,0.9984,10881,103,11000,1000,0.05374991424185065,11000,42
mixup,all,odin,7,25.0,909,9988,12,91,0.08341745434523264,0.909,0.15281163318483654,0.9988,10897,91,11000,1000,0.05374991424185065,11000,42
mixup,all,odin,7,26.0,923,9993,7,77,0.08455478197141811,0.923,0.1549177576367909,0.9993,10916,77,11000,1000,0.05374991424185065,11000,42
mixup,all,odin,7,27.0,932,9997,3,68,0.08527770152804465,0.932,0.15625785899907785,0.9997,10929,68,11000,1000,0.05374991424185065,11000,42
mixup,all,odin,7,28.0,937,9999,1,63,0.08568032187271397,0.937,0.1570040214477212,0.9999,10936,63,11000,1000,0.05374991424185065,11000,42
mixup,all,odin,7,29.0,944,9999,1,56,0.08626519236041305,0.944,0.15808423344218372,0.9999,10943,56,11000,1000,0.05374991424185065,11000,42
mixup,all,odin,7,30.0,948,10000,0,52,0.0865911582024114,0.948,0.1586876464680281,1.0,10948,52,11000,1000,0.05374991424185065,11000,42
mixup,all,odin,7,31.0,954,10000,0,46,0.08709147343436188,0.954,0.159611845407395,1.0,10954,46,11000,1000,0.05374991424185065,11000,42
mixup,all,odin,7,32.0,964,10000,0,36,0.08792411528639182,0.964,0.1611501170177198,1.0,10964,36,11000,1000,0.05374991424185065,11000,42
mixup,all,odin,7,33.0,965,10000,0,35,0.08800729594163247,0.965,0.16130380275804432,1.0,10965,35,11000,1000,0.05374991424185065,11000,42
mixup,all,odin,7,34.0,968,10000,0,32,0.08825674690007294,0.968,0.16176470588235292,1.0,10968,32,11000,1000,0.05374991424185065,11000,42
mixup,all,odin,7,35.0,975,10000,0,25,0.0888382687927107,0.975,0.162839248434238,1.0,10975,25,11000,1000,0.05374991424185065,11000,42
mixup,all,odin,7,36.0,977,10000,0,23,0.0890042816798761,0.977,0.16314602989062368,1.0,10977,23,11000,1000,0.05374991424185065,11000,42
mixup,all,odin,7,37.0,978,10000,0,22,0.08908726543997085,0.978,0.16329938220070128,1.0,10978,22,11000,1000,0.05374991424185065,11000,42
mixup,all,odin,7,38.0,983,10000,0,17,0.08950195757079123,0.983,0.16406575982642077,1.0,10983,17,11000,1000,0.05374991424185065,11000,42
mixup,all,odin,7,39.0,984,10000,0,16,0.08958485069191552,0.984,0.164218958611482,1.0,10984,16,11000,1000,0.05374991424185065,11000,42
mixup,all,odin,7,40.0,986,10000,0,14,0.08975059166211542,0.986,0.1645252794927415,1.0,10986,14,11000,1000,0.05374991424185065,11000,42
mixup,all,odin,7,41.0,986,10000,0,14,0.08975059166211542,0.986,0.1645252794927415,1.0,10986,14,11000,1000,0.05374991424185065,11000,42
mixup,all,odin,7,42.0,987,10000,0,13,0.08983343951943205,0.987,0.1646784016017352,1.0,10987,13,11000,1000,0.05374991424185065,11000,42
mixup,all,odin,7,43.0,987,10000,0,13,0.08983343951943205,0.987,0.1646784016017352,1.0,10987,13,11000,1000,0.05374991424185065,11000,42
mixup,all,odin,7,44.0,988,10000,0,12,0.08991627229705133,0.988,0.1648314981648315,1.0,10988,12,11000,1000,0.05374991424185065,11000,42
mixup,all,odin,7,45.0,991,10000,0,9,0.0901646801928851,0.991,0.16529063464264865,1.0,10991,9,11000,1000,0.05374991424185065,11000,42
mixup,all,odin,7,46.0,992,10000,0,8,0.09024745269286755,0.992,0.16544362908605736,1.0,10992,8,11000,1000,0.05374991424185065,11000,42
mixup,all,odin,7,47.0,993,10000,0,7,0.09033021013372146,0.993,0.16559659801550905,1.0,10993,7,11000,1000,0.05374991424185065,11000,42
mixup,all,odin,7,48.0,994,10000,0,6,0.09041295251955613,0.994,0.16574954143738538,1.0,10994,6,11000,1000,0.05374991424185065,11000,42
mixup,all,odin,7,49.0,995,10000,0,5,0.0904956798544793,0.995,0.16590245935806586,1.0,10995,5,11000,1000,0.05374991424185065,11000,42
mixup,all,odin,7,50.0,995,10000,0,5,0.0904956798544793,0.995,0.16590245935806586,1.0,10995,5,11000,1000,0.05374991424185065,11000,42
mixup,all,odin,7,51.0,995,10000,0,5,0.0904956798544793,0.995,0.16590245935806586,1.0,10995,5,11000,1000,0.05374991424185065,11000,42
mixup,all,odin,7,52.0,995,10000,0,5,0.0904956798544793,0.995,0.16590245935806586,1.0,10995,5,11000,1000,0.05374991424185065,11000,42
mixup,all,odin,7,53.0,995,10000,0,5,0.0904956798544793,0.995,0.16590245935806586,1.0,10995,5,11000,1000,0.05374991424185065,11000,42
mixup,all,odin,7,54.0,996,10000,0,4,0.0905783921425973,0.996,0.16605535178392797,1.0,10996,4,11000,1000,0.05374991424185065,11000,42
mixup,all,odin,7,55.0,996,10000,0,4,0.0905783921425973,0.996,0.16605535178392797,1.0,10996,4,11000,1000,0.05374991424185065,11000,42
mixup,all,odin,7,56.0,997,10000,0,3,0.09066108938801491,0.997,0.16620821872134697,1.0,10997,3,11000,1000,0.05374991424185065,11000,42
mixup,all,odin,7,57.0,997,10000,0,3,0.09066108938801491,0.997,0.16620821872134697,1.0,10997,3,11000,1000,0.05374991424185065,11000,42
mixup,all,odin,7,58.0,997,10000,0,3,0.09066108938801491,0.997,0.16620821872134697,1.0,10997,3,11000,1000,0.05374991424185065,11000,42
mixup,all,odin,7,59.0,999,10000,0,1,0.09082643876716065,0.999,0.16651387615634636,1.0,10999,1,11000,1000,0.05374991424185065,11000,42
mixup,all,odin,7,60.0,999,10000,0,1,0.09082643876716065,0.999,0.16651387615634636,1.0,10999,1,11000,1000,0.05374991424185065,11000,42
mixup,all,odin,7,61.0,999,10000,0,1,0.09082643876716065,0.999,0.16651387615634636,1.0,10999,1,11000,1000,0.05374991424185065,11000,42
mixup,all,odin,7,62.0,999,10000,0,1,0.09082643876716065,0.999,0.16651387615634636,1.0,10999,1,11000,1000,0.05374991424185065,11000,42
mixup,all,odin,7,63.0,999,10000,0,1,0.09082643876716065,0.999,0.16651387615634636,1.0,10999,1,11000,1000,0.05374991424185065,11000,42
mixup,all,odin,7,64.0,999,10000,0,1,0.09082643876716065,0.999,0.16651387615634636,1.0,10999,1,11000,1000,0.05374991424185065,11000,42
mixup,all,odin,7,65.0,999,10000,0,1,0.09082643876716065,0.999,0.16651387615634636,1.0,10999,1,11000,1000,0.05374991424185065,11000,42
mixup,all,odin,7,66.0,999,10000,0,1,0.09082643876716065,0.999,0.16651387615634636,1.0,10999,1,11000,1000,0.05374991424185065,11000,42
mixup,all,odin,7,67.0,999,10000,0,1,0.09082643876716065,0.999,0.16651387615634636,1.0,10999,1,11000,1000,0.05374991424185065,11000,42
mixup,all,odin,7,68.0,999,10000,0,1,0.09082643876716065,0.999,0.16651387615634636,1.0,10999,1,11000,1000,0.05374991424185065,11000,42
mixup,all,odin,7,69.0,999,10000,0,1,0.09082643876716065,0.999,0.16651387615634636,1.0,10999,1,11000,1000,0.05374991424185065,11000,42
mixup,all,odin,7,70.0,999,10000,0,1,0.09082643876716065,0.999,0.16651387615634636,1.0,10999,1,11000,1000,0.05374991424185065,11000,42
mixup,all,odin,7,71.0,999,10000,0,1,0.09082643876716065,0.999,0.16651387615634636,1.0,10999,1,11000,1000,0.05374991424185065,11000,42
mixup,all,odin,7,72.0,999,10000,0,1,0.09082643876716065,0.999,0.16651387615634636,1.0,10999,1,11000,1000,0.05374991424185065,11000,42
mixup,all,odin,7,73.0,999,10000,0,1,0.09082643876716065,0.999,0.16651387615634636,1.0,10999,1,11000,1000,0.05374991424185065,11000,42
mixup,all,odin,7,74.0,999,10000,0,1,0.09082643876716065,0.999,0.16651387615634636,1.0,10999,1,11000,1000,0.05374991424185065,11000,42
mixup,all,odin,7,75.0,999,10000,0,1,0.09082643876716065,0.999,0.16651387615634636,1.0,10999,1,11000,1000,0.05374991424185065,11000,42
mixup,all,odin,7,76.0,999,10000,0,1,0.09082643876716065,0.999,0.16651387615634636,1.0,10999,1,11000,1000,0.05374991424185065,11000,42
mixup,all,odin,7,77.0,999,10000,0,1,0.09082643876716065,0.999,0.16651387615634636,1.0,10999,1,11000,1000,0.05374991424185065,11000,42
mixup,all,odin,7,78.0,999,10000,0,1,0.09082643876716065,0.999,0.16651387615634636,1.0,10999,1,11000,1000,0.05374991424185065,11000,42
mixup,all,odin,7,79.0,999,10000,0,1,0.09082643876716065,0.999,0.16651387615634636,1.0,10999,1,11000,1000,0.05374991424185065,11000,42
mixup,all,odin,7,80.0,999,10000,0,1,0.09082643876716065,0.999,0.16651387615634636,1.0,10999,1,11000,1000,0.05374991424185065,11000,42
mixup,all,odin,7,81.0,999,10000,0,1,0.09082643876716065,0.999,0.16651387615634636,1.0,10999,1,11000,1000,0.05374991424185065,11000,42
mixup,all,odin,7,82.0,999,10000,0,1,0.09082643876716065,0.999,0.16651387615634636,1.0,10999,1,11000,1000,0.05374991424185065,11000,42
mixup,all,odin,7,83.0,999,10000,0,1,0.09082643876716065,0.999,0.16651387615634636,1.0,10999,1,11000,1000,0.05374991424185065,11000,42
mixup,all,odin,7,84.0,999,10000,0,1,0.09082643876716065,0.999,0.16651387615634636,1.0,10999,1,11000,1000,0.05374991424185065,11000,42
mixup,all,odin,7,85.0,999,10000,0,1,0.09082643876716065,0.999,0.16651387615634636,1.0,10999,1,11000,1000,0.05374991424185065,11000,42
mixup,all,odin,7,86.0,999,10000,0,1,0.09082643876716065,0.999,0.16651387615634636,1.0,10999,1,11000,1000,0.05374991424185065,11000,42
mixup,all,odin,7,87.0,999,10000,0,1,0.09082643876716065,0.999,0.16651387615634636,1.0,10999,1,11000,1000,0.05374991424185065,11000,42
mixup,all,odin,7,88.0,999,10000,0,1,0.09082643876716065,0.999,0.16651387615634636,1.0,10999,1,11000,1000,0.05374991424185065,11000,42
mixup,all,odin,7,89.0,999,10000,0,1,0.09082643876716065,0.999,0.16651387615634636,1.0,10999,1,11000,1000,0.05374991424185065,11000,42
mixup,all,odin,7,90.0,999,10000,0,1,0.09082643876716065,0.999,0.16651387615634636,1.0,10999,1,11000,1000,0.05374991424185065,11000,42
mixup,all,odin,7,91.0,999,10000,0,1,0.09082643876716065,0.999,0.16651387615634636,1.0,10999,1,11000,1000,0.05374991424185065,11000,42
mixup,all,odin,7,92.0,999,10000,0,1,0.09082643876716065,0.999,0.16651387615634636,1.0,10999,1,11000,1000,0.05374991424185065,11000,42
mixup,all,odin,7,93.0,999,10000,0,1,0.09082643876716065,0.999,0.16651387615634636,1.0,10999,1,11000,1000,0.05374991424185065,11000,42
mixup,all,odin,7,94.0,999,10000,0,1,0.09082643876716065,0.999,0.16651387615634636,1.0,10999,1,11000,1000,0.05374991424185065,11000,42
mixup,all,odin,7,95.0,999,10000,0,1,0.09082643876716065,0.999,0.16651387615634636,1.0,10999,1,11000,1000,0.05374991424185065,11000,42
mixup,all,odin,7,96.0,999,10000,0,1,0.09082643876716065,0.999,0.16651387615634636,1.0,10999,1,11000,1000,0.05374991424185065,11000,42
mixup,all,odin,7,97.0,999,10000,0,1,0.09082643876716065,0.999,0.16651387615634636,1.0,10999,1,11000,1000,0.05374991424185065,11000,42
mixup,all,odin,7,98.0,999,10000,0,1,0.09082643876716065,0.999,0.16651387615634636,1.0,10999,1,11000,1000,0.05374991424185065,11000,42
mixup,all,odin,7,99.0,999,10000,0,1,0.09082643876716065,0.999,0.16651387615634636,1.0,10999,1,11000,1000,0.05374991424185065,11000,42
mixup,all,odin,7,100.0,999,10000,0,1,0.09082643876716065,0.999,0.16651387615634636,1.0,10999,1,11000,1000,0.05374991424185065,11000,42
mixup,all,odin,7,101.0,999,10000,0,1,0.09082643876716065,0.999,0.16651387615634636,1.0,10999,1,11000,1000,0.05374991424185065,11000,42
mixup,all,odin,7,102.0,999,10000,0,1,0.09082643876716065,0.999,0.16651387615634636,1.0,10999,1,11000,1000,0.05374991424185065,11000,42
mixup,all,odin,7,103.0,999,10000,0,1,0.09082643876716065,0.999,0.16651387615634636,1.0,10999,1,11000,1000,0.05374991424185065,11000,42
mixup,all,odin,7,104.0,999,10000,0,1,0.09082643876716065,0.999,0.16651387615634636,1.0,10999,1,11000,1000,0.05374991424185065,11000,42
mixup,all,odin,7,105.0,999,10000,0,1,0.09082643876716065,0.999,0.16651387615634636,1.0,10999,1,11000,1000,0.05374991424185065,11000,42
mixup,all,odin,7,106.0,1000,10000,0,0,0.09090909090909091,1.0,0.16666666666666669,1.0,11000,0,11000,1000,0.05374991424185065,11000,42
mixup,all,odin,9,0.0,1,343,9657,999,0.0029069767441860465,0.001,0.001488095238095238,0.0343,344,999,11000,1000,0.05242696939005733,11000,42
mixup,all,odin,9,1.0,1,891,9109,999,0.0011210762331838565,0.001,0.00105708245243129,0.0891,892,999,11000,1000,0.05242696939005733,11000,42
mixup,all,odin,9,2.0,7,1557,8443,993,0.004475703324808184,0.007,0.005460218408736349,0.1557,1564,993,11000,1000,0.05242696939005733,11000,42
mixup,all,odin,9,3.0,16,2364,7636,984,0.0067226890756302525,0.016,0.009467455621301775,0.2364,2380,984,11000,1000,0.05242696939005733,11000,42
mixup,all,odin,9,4.0,32,3152,6848,968,0.010050251256281407,0.032,0.015296367112810707,0.3152,3184,968,11000,1000,0.05242696939005733,11000,42
mixup,all,odin,9,5.0,48,3887,6113,952,0.012198221092757306,0.048,0.01945288753799392,0.3887,3935,952,11000,1000,0.05242696939005733,11000,42
mixup,all,odin,9,6.0,74,4685,5315,926,0.015549485185963437,0.074,0.025698906060079876,0.4685,4759,926,11000,1000,0.05242696939005733,11000,42
mixup,all,odin,9,7.0,108,5351,4649,892,0.01978384319472431,0.108,0.03344170924291687,0.5351,5459,892,11000,1000,0.05242696939005733,11000,42
mixup,all,odin,9,8.0,143,6009,3991,857,0.0232444733420026,0.143,0.03998881431767338,0.6009,6152,857,11000,1000,0.05242696939005733,11000,42
mixup,all,odin,9,9.0,183,6604,3396,817,0.026963312214527774,0.183,0.047001412610761524,0.6604,6787,817,11000,1000,0.05242696939005733,11000,42
mixup,all,odin,9,10.0,228,7116,2884,772,0.03104575163398693,0.228,0.05465004793863855,0.7116,7344,772,11000,1000,0.05242696939005733,11000,42
mixup,all,odin,9,11.0,276,7613,2387,724,0.03498542274052478,0.276,0.062099223759703004,0.7613,7889,724,11000,1000,0.05242696939005733,11000,42
mixup,all,odin,9,12.0,314,8011,1989,686,0.037717717717717716,0.314,0.06734584450402145,0.8011,8325,686,11000,1000,0.05242696939005733,11000,42
mixup,all,odin,9,13.0,359,8360,1640,641,0.04117444661084987,0.359,0.07387591315979011,0.836,8719,641,11000,1000,0.05242696939005733,11000,42
mixup,all,odin,9,14.0,404,8668,1332,596,0.0445326278659612,0.404,0.08022239872915013,0.8668,9072,596,11000,1000,0.05242696939005733,11000,42
mixup,all,odin,9,15.0,455,8913,1087,545,0.04856959863364645,0.455,0.08777006172839505,0.8913,9368,545,11000,1000,0.05242696939005733,11000,42
mixup,all,odin,9,16.0,503,9183,817,497,0.05193062151558951,0.503,0.09414186786449562,0.9183,9686,497,11000,1000,0.05242696939005733,11000,42
mixup,all,odin,9,17.0,541,9371,629,459,0.05458030669895077,0.541,0.09915689149560118,0.9371,9912,459,11000,1000,0.05242696939005733,11000,42
mixup,all,odin,9,18.0,575,9503,497,425,0.057054971224449295,0.575,0.10380935186856834,0.9503,10078,425,11000,1000,0.05242696939005733,11000,42
mixup,all,odin,9,19.0,602,9606,394,398,0.058973354231974924,0.602,0.10742326909350464,0.9606,10208,398,11000,1000,0.05242696939005733,11000,42
mixup,all,odin,9,20.0,641,9693,307,359,0.062028256241532805,0.641,0.1131109934709723,0.9693,10334,359,11000,1000,0.05242696939005733,11000,42
mixup,all,odin,9,21.0,673,9764,236,327,0.06448213088052122,0.673,0.11768820494885023,0.9764,10437,327,11000,1000,0.05242696939005733,11000,42
mixup,all,odin,9,22.0,707,9813,187,293,0.06720532319391635,0.707,0.12274305555555556,0.9813,10520,293,11000,1000,0.05242696939005733,11000,42
mixup,all,odin,9,23.0,741,9863,137,259,0.06987929083364768,0.741,0.12771458117890383,0.9863,10604,259,11000,1000,0.05242696939005733,11000,42
mixup,all,odin,9,24.0,764,9900,100,236,0.07164291072768192,0.764,0.1310013717421125,0.99,10664,236,11000,1000,0.05242696939005733,11000,42
mixup,all,odin,9,25.0,783,9925,75,217,0.0731228987672768,0.783,0.1337546976426375,0.9925,10708,217,11000,1000,0.05242696939005733,11000,42
mixup,all,odin,9,26.0,798,9947,53,202,0.0742671009771987,0.798,0.13588761174968073,0.9947,10745,202,11000,1000,0.05242696939005733,11000,42
mixup,all,odin,9,27.0,821,9963,37,179,0.07613130563798219,0.821,0.13934147997284455,0.9963,10784,179,11000,1000,0.05242696939005733,11000,42
mixup,all,odin,9,28.0,842,9969,31,158,0.07788363703635186,0.842,0.1425789518245703,0.9969,10811,158,11000,1000,0.05242696939005733,11000,42
mixup,all,odin,9,29.0,855,9977,23,145,0.0789327917282127,0.855,0.14452332657200812,0.9977,10832,145,11000,1000,0.05242696939005733,11000,42
mixup,all,odin,9,30.0,875,9985,15,125,0.08057090239410682,0.875,0.14755480607082633,0.9985,10860,125,11000,1000,0.05242696939005733,11000,42
mixup,all,odin,9,31.0,889,9991,9,111,0.08170955882352941,0.889,0.1496632996632997,0.9991,10880,111,11000,1000,0.05242696939005733,11000,42
mixup,all,odin,9,32.0,896,9996,4,104,0.08226221079691516,0.896,0.1506895391860074,0.9996,10892,104,11000,1000,0.05242696939005733,11000,42
mixup,all,odin,9,33.0,906,9996,4,94,0.08310401761144744,0.906,0.15224332045034447,0.9996,10902,94,11000,1000,0.05242696939005733,11000,42
mixup,all,odin,9,34.0,913,9998,2,87,0.08367702318760883,0.913,0.15330366887750818,0.9998,10911,87,11000,1000,0.05242696939005733,11000,42
mixup,all,odin,9,35.0,924,9999,1,76,0.08459214501510574,0.924,0.15499454835192486,0.9999,10923,76,11000,1000,0.05242696939005733,11000,42
mixup,all,odin,9,36.0,931,9999,1,69,0.08517840805123514,0.931,0.15607711651299244,0.9999,10930,69,11000,1000,0.05242696939005733,11000,42
mixup,all,odin,9,37.0,933,10000,0,67,0.08533796762096406,0.933,0.1563730830470125,1.0,10933,67,11000,1000,0.05242696939005733,11000,42
mixup,all,odin,9,38.0,937,10000,0,63,0.08567248788516046,0.937,0.15699086872748597,1.0,10937,63,11000,1000,0.05242696939005733,11000,42
mixup,all,odin,9,39.0,943,10000,0,57,0.08617380974138719,0.943,0.15791677133048648,1.0,10943,57,11000,1000,0.05242696939005733,11000,42
mixup,all,odin,9,40.0,950,10000,0,50,0.0867579908675799,0.95,0.15899581589958156,1.0,10950,50,11000,1000,0.05242696939005733,11000,42
mixup,all,odin,9,41.0,957,10000,0,43,0.08734142557269325,0.957,0.16007359705611776,1.0,10957,43,11000,1000,0.05242696939005733,11000,42
mixup,all,odin,9,42.0,961,10000,0,39,0.08767448225526868,0.961,0.16068890560989882,1.0,10961,39,11000,1000,0.05242696939005733,11000,42
mixup,all,odin,9,43.0,969,10000,0,31,0.08833986689762056,0.969,0.16191828891302532,1.0,10969,31,11000,1000,0.05242696939005733,11000,42
mixup,all,odin,9,44.0,971,10000,0,29,0.08850606143469146,0.971,0.16222537799682568,1.0,10971,29,11000,1000,0.05242696939005733,11000,42
mixup,all,odin,9,45.0,972,10000,0,28,0.08858913598250091,0.972,0.16237888406281323,1.0,10972,28,11000,1000,0.05242696939005733,11000,42
mixup,all,odin,9,46.0,975,10000,0,25,0.0888382687927107,0.975,0.162839248434238,1.0,10975,25,11000,1000,0.05242696939005733,11000,42
mixup,all,odin,9,47.0,976,10000,0,24,0.08892128279883382,0.976,0.1629926519706079,1.0,10976,24,11000,1000,0.05242696939005733,11000,42
mixup,all,odin,9,48.0,978,10000,0,22,0.08908726543997085,0.978,0.16329938220070128,1.0,10978,22,11000,1000,0.05242696939005733,11000,42
mixup,all,odin,9,49.0,980,10000,0,20,0.08925318761384335,0.98,0.16360601001669448,1.0,10980,20,11000,1000,0.05242696939005733,11000,42
mixup,all,odin,9,50.0,980,10000,0,20,0.08925318761384335,0.98,0.16360601001669448,1.0,10980,20,11000,1000,0.05242696939005733,11000,42
mixup,all,odin,9,51.0,982,10000,0,18,0.08941904935348753,0.982,0.1639125354698715,1.0,10982,18,11000,1000,0.05242696939005733,11000,42
mixup,all,odin,9,52.0,983,10000,0,17,0.08950195757079123,0.983,0.16406575982642077,1.0,10983,17,11000,1000,0.05242696939005733,11000,42
mixup,all,odin,9,53.0,983,10000,0,17,0.08950195757079123,0.983,0.16406575982642077,1.0,10983,17,11000,1000,0.05242696939005733,11000,42
mixup,all,odin,9,54.0,987,10000,0,13,0.08983343951943205,0.987,0.1646784016017352,1.0,10987,13,11000,1000,0.05242696939005733,11000,42
mixup,all,odin,9,55.0,988,10000,0,12,0.08991627229705133,0.988,0.1648314981648315,1.0,10988,12,11000,1000,0.05242696939005733,11000,42
mixup,all,odin,9,56.0,988,10000,0,12,0.08991627229705133,0.988,0.1648314981648315,1.0,10988,12,11000,1000,0.05242696939005733,11000,42
mixup,all,odin,9,57.0,989,10000,0,11,0.08999908999909,0.989,0.16498456918842272,1.0,10989,11,11000,1000,0.05242696939005733,11000,42
mixup,all,odin,9,58.0,989,10000,0,11,0.08999908999909,0.989,0.16498456918842272,1.0,10989,11,11000,1000,0.05242696939005733,11000,42
mixup,all,odin,9,59.0,989,10000,0,11,0.08999908999909,0.989,0.16498456918842272,1.0,10989,11,11000,1000,0.05242696939005733,11000,42
mixup,all,odin,9,60.0,989,10000,0,11,0.08999908999909,0.989,0.16498456918842272,1.0,10989,11,11000,1000,0.05242696939005733,11000,42
mixup,all,odin,9,61.0,990,10000,0,10,0.09008189262966333,0.99,0.1651376146788991,1.0,10990,10,11000,1000,0.05242696939005733,11000,42
mixup,all,odin,9,62.0,991,10000,0,9,0.0901646801928851,0.991,0.16529063464264865,1.0,10991,9,11000,1000,0.05242696939005733,11000,42
mixup,all,odin,9,63.0,991,10000,0,9,0.0901646801928851,0.991,0.16529063464264865,1.0,10991,9,11000,1000,0.05242696939005733,11000,42
mixup,all,odin,9,64.0,992,10000,0,8,0.09024745269286755,0.992,0.16544362908605736,1.0,10992,8,11000,1000,0.05242696939005733,11000,42
mixup,all,odin,9,65.0,992,10000,0,8,0.09024745269286755,0.992,0.16544362908605736,1.0,10992,8,11000,1000,0.05242696939005733,11000,42
mixup,all,odin,9,66.0,993,10000,0,7,0.09033021013372146,0.993,0.16559659801550905,1.0,10993,7,11000,1000,0.05242696939005733,11000,42
mixup,all,odin,9,67.0,994,10000,0,6,0.09041295251955613,0.994,0.16574954143738538,1.0,10994,6,11000,1000,0.05242696939005733,11000,42
mixup,all,odin,9,68.0,994,10000,0,6,0.09041295251955613,0.994,0.16574954143738538,1.0,10994,6,11000,1000,0.05242696939005733,11000,42
mixup,all,odin,9,69.0,996,10000,0,4,0.0905783921425973,0.996,0.16605535178392797,1.0,10996,4,11000,1000,0.05242696939005733,11000,42
mixup,all,odin,9,70.0,997,10000,0,3,0.09066108938801491,0.997,0.16620821872134697,1.0,10997,3,11000,1000,0.05242696939005733,11000,42
mixup,all,odin,9,71.0,998,10000,0,2,0.09074377159483542,0.998,0.1663610601766961,1.0,10998,2,11000,1000,0.05242696939005733,11000,42
mixup,all,odin,9,72.0,998,10000,0,2,0.09074377159483542,0.998,0.1663610601766961,1.0,10998,2,11000,1000,0.05242696939005733,11000,42
mixup,all,odin,9,73.0,998,10000,0,2,0.09074377159483542,0.998,0.1663610601766961,1.0,10998,2,11000,1000,0.05242696939005733,11000,42
mixup,all,odin,9,74.0,998,10000,0,2,0.09074377159483542,0.998,0.1663610601766961,1.0,10998,2,11000,1000,0.05242696939005733,11000,42
mixup,all,odin,9,75.0,998,10000,0,2,0.09074377159483542,0.998,0.1663610601766961,1.0,10998,2,11000,1000,0.05242696939005733,11000,42
mixup,all,odin,9,76.0,998,10000,0,2,0.09074377159483542,0.998,0.1663610601766961,1.0,10998,2,11000,1000,0.05242696939005733,11000,42
mixup,all,odin,9,77.0,998,10000,0,2,0.09074377159483542,0.998,0.1663610601766961,1.0,10998,2,11000,1000,0.05242696939005733,11000,42
mixup,all,odin,9,78.0,998,10000,0,2,0.09074377159483542,0.998,0.1663610601766961,1.0,10998,2,11000,1000,0.05242696939005733,11000,42
mixup,all,odin,9,79.0,998,10000,0,2,0.09074377159483542,0.998,0.1663610601766961,1.0,10998,2,11000,1000,0.05242696939005733,11000,42
mixup,all,odin,9,80.0,999,10000,0,1,0.09082643876716065,0.999,0.16651387615634636,1.0,10999,1,11000,1000,0.05242696939005733,11000,42
mixup,all,odin,9,81.0,999,10000,0,1,0.09082643876716065,0.999,0.16651387615634636,1.0,10999,1,11000,1000,0.05242696939005733,11000,42
mixup,all,odin,9,82.0,999,10000,0,1,0.09082643876716065,0.999,0.16651387615634636,1.0,10999,1,11000,1000,0.05242696939005733,11000,42
mixup,all,odin,9,83.0,999,10000,0,1,0.09082643876716065,0.999,0.16651387615634636,1.0,10999,1,11000,1000,0.05242696939005733,11000,42
mixup,all,odin,9,84.0,999,10000,0,1,0.09082643876716065,0.999,0.16651387615634636,1.0,10999,1,11000,1000,0.05242696939005733,11000,42
mixup,all,odin,9,85.0,999,10000,0,1,0.09082643876716065,0.999,0.16651387615634636,1.0,10999,1,11000,1000,0.05242696939005733,11000,42
mixup,all,odin,9,86.0,999,10000,0,1,0.09082643876716065,0.999,0.16651387615634636,1.0,10999,1,11000,1000,0.05242696939005733,11000,42
mixup,all,odin,9,87.0,999,10000,0,1,0.09082643876716065,0.999,0.16651387615634636,1.0,10999,1,11000,1000,0.05242696939005733,11000,42
mixup,all,odin,9,88.0,999,10000,0,1,0.09082643876716065,0.999,0.16651387615634636,1.0,10999,1,11000,1000,0.05242696939005733,11000,42
mixup,all,odin,9,89.0,999,10000,0,1,0.09082643876716065,0.999,0.16651387615634636,1.0,10999,1,11000,1000,0.05242696939005733,11000,42
mixup,all,odin,9,90.0,999,10000,0,1,0.09082643876716065,0.999,0.16651387615634636,1.0,10999,1,11000,1000,0.05242696939005733,11000,42
mixup,all,odin,9,91.0,999,10000,0,1,0.09082643876716065,0.999,0.16651387615634636,1.0,10999,1,11000,1000,0.05242696939005733,11000,42
mixup,all,odin,9,92.0,999,10000,0,1,0.09082643876716065,0.999,0.16651387615634636,1.0,10999,1,11000,1000,0.05242696939005733,11000,42
mixup,all,odin,9,93.0,999,10000,0,1,0.09082643876716065,0.999,0.16651387615634636,1.0,10999,1,11000,1000,0.05242696939005733,11000,42
mixup,all,odin,9,94.0,999,10000,0,1,0.09082643876716065,0.999,0.16651387615634636,1.0,10999,1,11000,1000,0.05242696939005733,11000,42
mixup,all,odin,9,95.0,999,10000,0,1,0.09082643876716065,0.999,0.16651387615634636,1.0,10999,1,11000,1000,0.05242696939005733,11000,42
mixup,all,odin,9,96.0,999,10000,0,1,0.09082643876716065,0.999,0.16651387615634636,1.0,10999,1,11000,1000,0.05242696939005733,11000,42
mixup,all,odin,9,97.0,999,10000,0,1,0.09082643876716065,0.999,0.16651387615634636,1.0,10999,1,11000,1000,0.05242696939005733,11000,42
mixup,all,odin,9,98.0,999,10000,0,1,0.09082643876716065,0.999,0.16651387615634636,1.0,10999,1,11000,1000,0.05242696939005733,11000,42
mixup,all,odin,9,99.0,999,10000,0,1,0.09082643876716065,0.999,0.16651387615634636,1.0,10999,1,11000,1000,0.05242696939005733,11000,42
mixup,all,odin,9,100.0,999,10000,0,1,0.09082643876716065,0.999,0.16651387615634636,1.0,10999,1,11000,1000,0.05242696939005733,11000,42
mixup,all,odin,9,101.0,999,10000,0,1,0.09082643876716065,0.999,0.16651387615634636,1.0,10999,1,11000,1000,0.05242696939005733,11000,42
mixup,all,odin,9,102.0,999,10000,0,1,0.09082643876716065,0.999,0.16651387615634636,1.0,10999,1,11000,1000,0.05242696939005733,11000,42
mixup,all,odin,9,103.0,999,10000,0,1,0.09082643876716065,0.999,0.16651387615634636,1.0,10999,1,11000,1000,0.05242696939005733,11000,42
mixup,all,odin,9,104.0,999,10000,0,1,0.09082643876716065,0.999,0.16651387615634636,1.0,10999,1,11000,1000,0.05242696939005733,11000,42
mixup,all,odin,9,105.0,999,10000,0,1,0.09082643876716065,0.999,0.16651387615634636,1.0,10999,1,11000,1000,0.05242696939005733,11000,42
mixup,all,odin,9,106.0,999,10000,0,1,0.09082643876716065,0.999,0.16651387615634636,1.0,10999,1,11000,1000,0.05242696939005733,11000,42
mixup,all,odin,9,107.0,999,10000,0,1,0.09082643876716065,0.999,0.16651387615634636,1.0,10999,1,11000,1000,0.05242696939005733,11000,42
mixup,all,odin,9,108.0,999,10000,0,1,0.09082643876716065,0.999,0.16651387615634636,1.0,10999,1,11000,1000,0.05242696939005733,11000,42
mixup,all,odin,9,109.0,999,10000,0,1,0.09082643876716065,0.999,0.16651387615634636,1.0,10999,1,11000,1000,0.05242696939005733,11000,42
mixup,all,odin,9,110.0,999,10000,0,1,0.09082643876716065,0.999,0.16651387615634636,1.0,10999,1,11000,1000,0.05242696939005733,11000,42
mixup,all,odin,9,111.0,999,10000,0,1,0.09082643876716065,0.999,0.16651387615634636,1.0,10999,1,11000,1000,0.05242696939005733,11000,42
mixup,all,odin,9,112.0,999,10000,0,1,0.09082643876716065,0.999,0.16651387615634636,1.0,10999,1,11000,1000,0.05242696939005733,11000,42
mixup,all,odin,9,113.0,999,10000,0,1,0.09082643876716065,0.999,0.16651387615634636,1.0,10999,1,11000,1000,0.05242696939005733,11000,42
mixup,all,odin,9,114.0,999,10000,0,1,0.09082643876716065,0.999,0.16651387615634636,1.0,10999,1,11000,1000,0.05242696939005733,11000,42
mixup,all,odin,9,115.0,999,10000,0,1,0.09082643876716065,0.999,0.16651387615634636,1.0,10999,1,11000,1000,0.05242696939005733,11000,42
mixup,all,odin,9,116.0,999,10000,0,1,0.09082643876716065,0.999,0.16651387615634636,1.0,10999,1,11000,1000,0.05242696939005733,11000,42
mixup,all,odin,9,117.0,999,10000,0,1,0.09082643876716065,0.999,0.16651387615634636,1.0,10999,1,11000,1000,0.05242696939005733,11000,42
mixup,all,odin,9,118.0,999,10000,0,1,0.09082643876716065,0.999,0.16651387615634636,1.0,10999,1,11000,1000,0.05242696939005733,11000,42
mixup,all,odin,9,119.0,999,10000,0,1,0.09082643876716065,0.999,0.16651387615634636,1.0,10999,1,11000,1000,0.05242696939005733,11000,42
mixup,all,odin,9,120.0,999,10000,0,1,0.09082643876716065,0.999,0.16651387615634636,1.0,10999,1,11000,1000,0.05242696939005733,11000,42
mixup,all,odin,9,121.0,999,10000,0,1,0.09082643876716065,0.999,0.16651387615634636,1.0,10999,1,11000,1000,0.05242696939005733,11000,42
mixup,all,odin,9,122.0,999,10000,0,1,0.09082643876716065,0.999,0.16651387615634636,1.0,10999,1,11000,1000,0.05242696939005733,11000,42
mixup,all,odin,9,123.0,999,10000,0,1,0.09082643876716065,0.999,0.16651387615634636,1.0,10999,1,11000,1000,0.05242696939005733,11000,42
mixup,all,odin,9,124.0,999,10000,0,1,0.09082643876716065,0.999,0.16651387615634636,1.0,10999,1,11000,1000,0.05242696939005733,11000,42
mixup,all,odin,9,125.0,999,10000,0,1,0.09082643876716065,0.999,0.16651387615634636,1.0,10999,1,11000,1000,0.05242696939005733,11000,42
mixup,all,odin,9,126.0,999,10000,0,1,0.09082643876716065,0.999,0.16651387615634636,1.0,10999,1,11000,1000,0.05242696939005733,11000,42
mixup,all,odin,9,127.0,999,10000,0,1,0.09082643876716065,0.999,0.16651387615634636,1.0,10999,1,11000,1000,0.05242696939005733,11000,42
mixup,all,odin,9,128.0,999,10000,0,1,0.09082643876716065,0.999,0.16651387615634636,1.0,10999,1,11000,1000,0.05242696939005733,11000,42
mixup,all,odin,9,129.0,999,10000,0,1,0.09082643876716065,0.999,0.16651387615634636,1.0,10999,1,11000,1000,0.05242696939005733,11000,42
mixup,all,odin,9,130.0,999,10000,0,1,0.09082643876716065,0.999,0.16651387615634636,1.0,10999,1,11000,1000,0.05242696939005733,11000,42
mixup,all,odin,9,131.0,999,10000,0,1,0.09082643876716065,0.999,0.16651387615634636,1.0,10999,1,11000,1000,0.05242696939005733,11000,42
mixup,all,odin,9,132.0,999,10000,0,1,0.09082643876716065,0.999,0.16651387615634636,1.0,10999,1,11000,1000,0.05242696939005733,11000,42
mixup,all,odin,9,133.0,999,10000,0,1,0.09082643876716065,0.999,0.16651387615634636,1.0,10999,1,11000,1000,0.05242696939005733,11000,42
mixup,all,odin,9,134.0,999,10000,0,1,0.09082643876716065,0.999,0.16651387615634636,1.0,10999,1,11000,1000,0.05242696939005733,11000,42
mixup,all,odin,9,135.0,1000,10000,0,0,0.09090909090909091,1.0,0.16666666666666669,1.0,11000,0,11000,1000,0.05242696939005733,11000,42
combined,all,knn,1,,591,807,9193,409,0.4227467811158798,0.591,0.49291075896580483,0.0807,1398,409,11000,1000,,11000,42
combined,spatial,knn,1,,273,807,9193,227,0.25277777777777777,0.546,0.34556962025316457,0.0807,1080,227,10500,500,,11000,42
combined,mixup,knn,1,,318,807,9193,182,0.2826666666666667,0.636,0.3913846153846154,0.0807,1125,182,10500,500,,11000,42
combined,all,knn,3,,586,612,9388,414,0.48914858096828046,0.586,0.5332120109190173,0.0612,1198,414,11000,1000,,11000,42
combined,spatial,knn,3,,284,612,9388,216,0.3169642857142857,0.568,0.4068767908309456,0.0612,896,216,10500,500,,11000,42
combined,mixup,knn,3,,302,612,9388,198,0.3304157549234136,0.604,0.4271570014144272,0.0612,914,198,10500,500,,11000,42
combined,all,knn,5,,566,536,9464,434,0.5136116152450091,0.566,0.538534728829686,0.0536,1102,434,11000,1000,,11000,42
combined,spatial,knn,5,,266,536,9464,234,0.3316708229426434,0.532,0.40860215053763443,0.0536,802,234,10500,500,,11000,42
combined,mixup,knn,5,,300,536,9464,200,0.3588516746411483,0.6,0.4491017964071856,0.0536,836,200,10500,500,,11000,42
combined,all,knn,7,,537,537,9463,463,0.5,0.537,0.5178399228543877,0.0537,1074,463,11000,1000,,11000,42
combined,spatial,knn,7,,256,537,9463,244,0.3228247162673392,0.512,0.3959783449342614,0.0537,793,244,10500,500,,11000,42
combined,mixup,knn,7,,281,537,9463,219,0.343520782396088,0.562,0.4264036418816389,0.0537,818,219,10500,500,,11000,42
combined,all,knn,9,,536,557,9443,464,0.49039341262580055,0.536,0.5121834687052079,0.0557,1093,464,11000,1000,,11000,42
combined,spatial,knn,9,,262,557,9443,238,0.3199023199023199,0.524,0.39727065959059893,0.0557,819,238,10500,500,,11000,42
combined,mixup,knn,9,,274,557,9443,226,0.3297232250300842,0.548,0.41172051089406464,0.0557,831,226,10500,500,,11000,42
combined,all,odin,1,0.0,457,4194,5806,543,0.09825843904536659,0.457,0.16174128472836666,0.4194,4651,543,11000,1000,0.09078144317338907,11000,42
combined,spatial,odin,1,0.0,415,4194,5806,85,0.09004122369277501,0.83,0.1624584067332159,0.4194,4609,85,10500,500,0.08534638078042227,11000,42
combined,mixup,odin,1,0.0,42,4194,5806,458,0.009915014164305949,0.084,0.017736486486486486,0.4194,4236,458,10500,500,0.032182481159104645,11000,42
combined,all,odin,1,1.0,674,7386,2614,326,0.08362282878411911,0.674,0.14878587196467993,0.7386,8060,326,11000,1000,0.09078144317338907,11000,42
combined,spatial,odin,1,1.0,496,7386,2614,4,0.06292819081451408,0.992,0.11834884275829158,0.7386,7882,4,10500,500,0.08534638078042227,11000,42
combined,mixup,odin,1,1.0,178,7386,2614,322,0.023532522474881017,0.356,0.0441468253968254,0.7386,7564,322,10500,500,0.032182481159104645,11000,42
combined,all,odin,1,2.0,819,9074,926,181,0.08278580814717477,0.819,0.15037179840264392,0.9074,9893,181,11000,1000,0.09078144317338907,11000,42
combined,spatial,odin,1,2.0,500,9074,926,0,0.05222477543346564,1.0,0.09926543577526305,0.9074,9574,0,10500,500,0.08534638078042227,11000,42
combined,mixup,odin,1,2.0,319,9074,926,181,0.03396146066219525,0.638,0.06449004346507631,0.9074,9393,181,10500,500,0.032182481159104645,11000,42
combined,all,odin,1,3.0,898,9705,295,102,0.08469301141186457,0.898,0.15478755494268723,0.9705,10603,102,11000,1000,0.09078144317338907,11000,42
combined,spatial,odin,1,3.0,500,9705,295,0,0.04899559039686428,1.0,0.09341429238673518,0.9705,10205,0,10500,500,0.08534638078042227,11000,42
combined,mixup,odin,1,3.0,398,9705,295,102,0.03939423933485103,0.796,0.07507309252098464,0.9705,10103,102,10500,500,0.032182481159104645,11000,42
combined,all,odin,1,4.0,951,9915,85,49,0.08752070679182772,0.951,0.16028990392718695,0.9915,10866,49,11000,1000,0.09078144317338907,11000,42
combined,spatial,odin,1,4.0,500,9915,85,0,0.04800768122899664,1.0,0.09161704076958313,0.9915,10415,0,10500,500,0.08534638078042227,11000,42
combined,mixup,odin,1,4.0,451,9915,85,49,0.04350762106887903,0.902,0.08301122768267992,0.9915,10366,49,10500,500,0.032182481159104645,11000,42
combined,all,odin,1,5.0,977,9973,27,23,0.08922374429223744,0.977,0.16351464435146443,0.9973,10950,23,11000,1000,0.09078144317338907,11000,42
combined,spatial,odin,1,5.0,500,9973,27,0,0.04774181227919412,1.0,0.09113278046113187,0.9973,10473,0,10500,500,0.08534638078042227,11000,42
combined,mixup,odin,1,5.0,477,9973,27,23,0.045645933014354066,0.954,0.08712328767123287,0.9973,10450,23,10500,500,0.032182481159104645,11000,42
combined,all,odin,1,6.0,990,9997,3,10,0.09010648948757623,0.99,0.16517894385584383,0.9997,10987,10,11000,1000,0.09078144317338907,11000,42
combined,spatial,odin,1,6.0,500,9997,3,0,0.04763265694960465,1.0,0.09093389106119851,0.9997,10497,0,10500,500,0.08534638078042227,11000,42
combined,mixup,odin,1,6.0,490,9997,3,10,0.046724516067512156,0.98,0.08919632292709567,0.9997,10487,10,10500,500,0.032182481159104645,11000,42
combined,all,odin,1,7.0,996,10000,0,4,0.0905783921425973,0.996,0.16605535178392797,1.0,10996,4,11000,1000,0.09078144317338907,11000,42
combined,spatial,odin,1,7.0,500,10000,0,0,0.047619047619047616,1.0,0.0909090909090909,1.0,10500,0,10500,500,0.08534638078042227,11000,42
combined,mixup,odin,1,7.0,496,10000,0,4,0.04725609756097561,0.992,0.09021462349945433,1.0,10496,4,10500,500,0.032182481159104645,11000,42
combined,all,odin,1,8.0,998,10000,0,2,0.09074377159483542,0.998,0.1663610601766961,1.0,10998,2,11000,1000,0.09078144317338907,11000,42
combined,spatial,odin,1,8.0,500,10000,0,0,0.047619047619047616,1.0,0.0909090909090909,1.0,10500,0,10500,500,0.08534638078042227,11000,42
combined,mixup,odin,1,8.0,498,10000,0,2,0.047437607163269196,0.996,0.0905619203491544,1.0,10498,2,10500,500,0.032182481159104645,11000,42
combined,all,odin,1,9.0,999,10000,0,1,0.09082643876716065,0.999,0.16651387615634636,1.0,10999,1,11000,1000,0.09078144317338907,11000,42
combined,spatial,odin,1,9.0,500,10000,0,0,0.047619047619047616,1.0,0.0909090909090909,1.0,10500,0,10500,500,0.08534638078042227,11000,42
combined,mixup,odin,1,9.0,499,10000,0,1,0.04752833603200305,0.998,0.09073552141103737,1.0,10499,1,10500,500,0.032182481159104645,11000,42
combined,all,odin,1,10.0,999,10000,0,1,0.09082643876716065,0.999,0.16651387615634636,1.0,10999,1,11000,1000,0.09078144317338907,11000,42
combined,spatial,odin,1,10.0,500,10000,0,0,0.047619047619047616,1.0,0.0909090909090909,1.0,10500,0,10500,500,0.08534638078042227,11000,42
combined,mixup,odin,1,10.0,499,10000,0,1,0.04752833603200305,0.998,0.09073552141103737,1.0,10499,1,10500,500,0.032182481159104645,11000,42
combined,all,odin,1,11.0,999,10000,0,1,0.09082643876716065,0.999,0.16651387615634636,1.0,10999,1,11000,1000,0.09078144317338907,11000,42
combined,spatial,odin,1,11.0,500,10000,0,0,0.047619047619047616,1.0,0.0909090909090909,1.0,10500,0,10500,500,0.08534638078042227,11000,42
combined,mixup,odin,1,11.0,499,10000,0,1,0.04752833603200305,0.998,0.09073552141103737,1.0,10499,1,10500,500,0.032182481159104645,11000,42
combined,all,odin,1,12.0,999,10000,0,1,0.09082643876716065,0.999,0.16651387615634636,1.0,10999,1,11000,1000,0.09078144317338907,11000,42
combined,spatial,odin,1,12.0,500,10000,0,0,0.047619047619047616,1.0,0.0909090909090909,1.0,10500,0,10500,500,0.08534638078042227,11000,42
combined,mixup,odin,1,12.0,499,10000,0,1,0.04752833603200305,0.998,0.09073552141103737,1.0,10499,1,10500,500,0.032182481159104645,11000,42
combined,all,odin,1,13.0,1000,10000,0,0,0.09090909090909091,1.0,0.16666666666666669,1.0,11000,0,11000,1000,0.09078144317338907,11000,42
combined,spatial,odin,1,13.0,500,10000,0,0,0.047619047619047616,1.0,0.0909090909090909,1.0,10500,0,10500,500,0.08534638078042227,11000,42
combined,mixup,odin,1,13.0,500,10000,0,0,0.047619047619047616,1.0,0.0909090909090909,1.0,10500,0,10500,500,0.032182481159104645,11000,42
combined,all,odin,3,0.0,338,1369,8631,662,0.19800820152314,0.338,0.24972294052456598,0.1369,1707,662,11000,1000,0.12821039805060114,11000,42
combined,spatial,odin,3,0.0,337,1369,8631,163,0.19753810082063306,0.674,0.3055303717135086,0.1369,1706,163,10500,500,0.17126533398367497,11000,42
combined,mixup,odin,3,0.0,1,1369,8631,499,0.00072992700729927,0.002,0.00106951871657754,0.1369,1370,499,10500,500,0.028694348971171558,11000,42
combined,all,odin,3,1.0,472,3157,6843,528,0.13006337834114082,0.472,0.20393173471592138,0.3157,3629,528,11000,1000,0.12821039805060114,11000,42
combined,spatial,odin,3,1.0,461,3157,6843,39,0.12741846323935876,0.922,0.22389509470616803,0.3157,3618,39,10500,500,0.17126533398367497,11000,42
combined,mixup,odin,3,1.0,11,3157,6843,489,0.003472222222222222,0.022,0.005997818974918211,0.3157,3168,489,10500,500,0.028694348971171558,11000,42
combined,all,odin,3,2.0,527,4934,5066,473,0.09650247207471159,0.527,0.16313264200588143,0.4934,5461,473,11000,1000,0.12821039805060114,11000,42
combined,spatial,odin,3,2.0,490,4934,5066,10,0.09033923303834808,0.98,0.16542876434841322,0.4934,5424,10,10500,500,0.17126533398367497,11000,42
combined,mixup,odin,3,2.0,37,4934,5066,463,0.007443170388251861,0.074,0.013525863644671907,0.4934,4971,463,10500,500,0.028694348971171558,11000,42
combined,all,odin,3,3.0,586,6528,3472,414,0.08237278605566489,0.586,0.14444170569386247,0.6528,7114,414,11000,1000,0.12821039805060114,11000,42
combined,spatial,odin,3,3.0,495,6528,3472,5,0.07048269970098249,0.99,0.13159643759138642,0.6528,7023,5,10500,500,0.17126533398367497,11000,42
combined,mixup,odin,3,3.0,91,6528,3472,409,0.013748300347484515,0.182,0.025565388397246806,0.6528,6619,409,10500,500,0.028694348971171558,11000,42
combined,all,odin,3,4.0,661,7774,2226,339,0.07836395969176052,0.661,0.1401165871754107,0.7774,8435,339,11000,1000,0.12821039805060114,11000,42
combined,spatial,odin,3,4.0,498,7774,2226,2,0.06020309477756286,0.996,0.11354309165526676,0.7774,8272,2,10500,500,0.17126533398367497,11000,42
combined,mixup,odin,3,4.0,163,7774,2226,337,0.02053672672294318,0.326,0.03863932677492,0.7774,7937,337,10500,500,0.028694348971171558,11000,42
combined,all,odin,3,5.0,722,8626,1374,278,0.07723577235772358,0.722,0.13954387321221493,0.8626,9348,278,11000,1000,0.12821039805060114,11000,42
combined,spatial,odin,3,5.0,500,8626,1374,0,0.054788516326977864,1.0,0.10388531061707874,0.8626,9126,0,10500,500,0.17126533398367497,11000,42
combined,mixup,odin,3,5.0,222,8626,1374,278,0.025090415913200725,0.444,0.04749679075738126,0.8626,8848,278,10500,500,0.028694348971171558,11000,42
combined,all,odin,3,6.0,791,9206,794,209,0.07912373712113634,0.791,0.14385741565881605,0.9206,9997,209,11000,1000,0.12821039805060114,11000,42
combined,spatial,odin,3,6.0,500,9206,794,0,0.051514527096641255,1.0,0.09798157946306095,0.9206,9706,0,10500,500,0.17126533398367497,11000,42
combined,mixup,odin,3,6.0,291,9206,794,209,0.030641255133199957,0.582,0.05821746523957188,0.9206,9497,209,10500,500,0.028694348971171558,11000,42
combined,all,odin,3,7.0,827,9556,444,173,0.0796494269478956,0.827,0.14530440130018452,0.9556,10383,173,11000,1000,0.12821039805060114,11000,42
combined,spatial,odin,3,7.0,500,9556,444,0,0.049721559268098646,1.0,0.094732853353543,0.9556,10056,0,10500,500,0.17126533398367497,11000,42
combined,mixup,odin,3,7.0,327,9556,444,173,0.033087119295760394,0.654,0.06298757584513145,0.9556,9883,173,10500,500,0.028694348971171558,11000,42
combined,all,odin,3,8.0,865,9755,245,135,0.08145009416195857,0.865,0.14888123924268504,0.9755,10620,135,11000,1000,0.12821039805060114,11000,42
combined,spatial,odin,3,8.0,500,9755,245,0,0.04875670404680644,1.0,0.09298000929800093,0.9755,10255,0,10500,500,0.17126533398367497,11000,42
combined,mixup,odin,3,8.0,365,9755,245,135,0.03606719367588933,0.73,0.0687382297551789,0.9755,10120,135,10500,500,0.028694348971171558,11000,42
combined,all,odin,3,9.0,898,9868,132,102,0.08341073750696637,0.898,0.15264320924698283,0.9868,10766,102,11000,1000,0.12821039805060114,11000,42
combined,spatial,odin,3,9.0,500,9868,132,0,0.04822530864197531,1.0,0.09201324990798675,0.9868,10368,0,10500,500,0.17126533398367497,11000,42
combined,mixup,odin,3,9.0,398,9868,132,102,0.03876875121761153,0.796,0.07393646665428198,0.9868,10266,102,10500,500,0.028694348971171558,11000,42
combined,all,odin,3,10.0,925,9930,70,75,0.0852141870105942,0.925,0.1560522986081822,0.993,10855,75,11000,1000,0.12821039805060114,11000,42
combined,spatial,odin,3,10.0,500,9930,70,0,0.04793863854266539,1.0,0.09149130832570905,0.993,10430,0,10500,500,0.17126533398367497,11000,42
combined,mixup,odin,3,10.0,425,9930,70,75,0.04104297440849831,0.85,0.07830492860432979,0.993,10355,75,10500,500,0.028694348971171558,11000,42
combined,all,odin,3,11.0,941,9961,39,59,0.08631443771784994,0.941,0.15812468492690307,0.9961,10902,59,11000,1000,0.12821039805060114,11000,42
combined,spatial,odin,3,11.0,500,9961,39,0,0.047796577765032024,1.0,0.09123255177447313,0.9961,10461,0,10500,500,0.17126533398367497,11000,42
combined,mixup,odin,3,11.0,441,9961,39,59,0.0423956931359354,0.882,0.08090258668134288,0.9961,10402,59,10500,500,0.028694348971171558,11000,42
combined,all,odin,3,12.0,955,9983,17,45,0.08731029438654234,0.955,0.1599932987100017,0.9983,10938,45,11000,1000,0.12821039805060114,11000,42
combined,spatial,odin,3,12.0,500,9983,17,0,0.04769627015167414,1.0,0.09104980424292088,0.9983,10483,0,10500,500,0.17126533398367497,11000,42
combined,mixup,odin,3,12.0,455,9983,17,45,0.04359072619275723,0.91,0.08319619674529163,0.9983,10438,45,10500,500,0.028694348971171558,11000,42
combined,all,odin,3,13.0,966,9996,4,34,0.08812260536398467,0.966,0.16151145293429192,0.9996,10962,34,11000,1000,0.12821039805060114,11000,42
combined,spatial,odin,3,13.0,500,9996,4,0,0.04763719512195122,1.0,0.09094216078574027,0.9996,10496,0,10500,500,0.17126533398367497,11000,42
combined,mixup,odin,3,13.0,466,9996,4,34,0.04454215255209329,0.932,0.08502098157270571,0.9996,10462,34,10500,500,0.028694348971171558,11000,42
combined,all,odin,3,14.0,975,9997,3,25,0.08886255924170616,0.975,0.16288005345806883,0.9997,10972,25,11000,1000,0.12821039805060114,11000,42
combined,spatial,odin,3,14.0,500,9997,3,0,0.04763265694960465,1.0,0.09093389106119851,0.9997,10497,0,10500,500,0.17126533398367497,11000,42
combined,mixup,odin,3,14.0,475,9997,3,25,0.04535905271199389,0.95,0.08658403208166242,0.9997,10472,25,10500,500,0.028694348971171558,11000,42
combined,all,odin,3,15.0,980,9999,1,20,0.08926131705984151,0.98,0.16361966775189915,0.9999,10979,20,11000,1000,0.12821039805060114,11000,42
combined,spatial,odin,3,15.0,500,9999,1,0,0.04762358319839985,1.0,0.09091735612328394,0.9999,10499,0,10500,500,0.17126533398367497,11000,42
combined,mixup,odin,3,15.0,480,9999,1,20,0.045805897509304326,0.96,0.08743965752800803,0.9999,10479,20,10500,500,0.028694348971171558,11000,42
combined,all,odin,3,16.0,987,9999,1,13,0.0898416166029492,0.987,0.16469214083096947,0.9999,10986,13,11000,1000,0.12821039805060114,11000,42
combined,spatial,odin,3,16.0,500,9999,1,0,0.04762358319839985,1.0,0.09091735612328394,0.9999,10499,0,10500,500,0.17126533398367497,11000,42
combined,mixup,odin,3,16.0,487,9999,1,13,0.046442876215906925,0.974,0.08865829237210995,0.9999,10486,13,10500,500,0.028694348971171558,11000,42
combined,all,odin,3,17.0,989,10000,0,11,0.08999908999909,0.989,0.16498456918842272,1.0,10989,11,11000,1000,0.12821039805060114,11000,42
combined,spatial,odin,3,17.0,500,10000,0,0,0.047619047619047616,1.0,0.0909090909090909,1.0,10500,0,10500,500,0.17126533398367497,11000,42
combined,mixup,odin,3,17.0,489,10000,0,11,0.046620268853084186,0.978,0.08899808899808902,1.0,10489,11,10500,500,0.028694348971171558,11000,42
combined,all,odin,3,18.0,992,10000,0,8,0.09024745269286755,0.992,0.16544362908605736,1.0,10992,8,11000,1000,0.12821039805060114,11000,42
combined,spatial,odin,3,18.0,500,10000,0,0,0.047619047619047616,1.0,0.0909090909090909,1.0,10500,0,10500,500,0.17126533398367497,11000,42
combined,mixup,odin,3,18.0,492,10000,0,8,0.04689287075867327,0.984,0.08951965065502183,1.0,10492,8,10500,500,0.028694348971171558,11000,42
combined,all,odin,3,19.0,993,10000,0,7,0.09033021013372146,0.993,0.16559659801550905,1.0,10993,7,11000,1000,0.12821039805060114,11000,42
combined,spatial,odin,3,19.0,500,10000,0,0,0.047619047619047616,1.0,0.0909090909090909,1.0,10500,0,10500,500,0.17126533398367497,11000,42
combined,mixup,odin,3,19.0,493,10000,0,7,0.0469837034213285,0.986,0.08969344128081505,1.0,10493,7,10500,500,0.028694348971171558,11000,42
combined,all,odin,3,20.0,995,10000,0,5,0.0904956798544793,0.995,0.16590245935806586,1.0,10995,5,11000,1000,0.12821039805060114,11000,42
combined,spatial,odin,3,20.0,500,10000,0,0,0.047619047619047616,1.0,0.0909090909090909,1.0,10500,0,10500,500,0.17126533398367497,11000,42
combined,mixup,odin,3,20.0,495,10000,0,5,0.04716531681753216,0.99,0.09004092769440655,1.0,10495,5,10500,500,0.028694348971171558,11000,42
combined,all,odin,3,21.0,996,10000,0,4,0.0905783921425973,0.996,0.16605535178392797,1.0,10996,4,11000,1000,0.12821039805060114,11000,42
combined,spatial,odin,3,21.0,500,10000,0,0,0.047619047619047616,1.0,0.0909090909090909,1.0,10500,0,10500,500,0.17126533398367497,11000,42
combined,mixup,odin,3,21.0,496,10000,0,4,0.04725609756097561,0.992,0.09021462349945433,1.0,10496,4,10500,500,0.028694348971171558,11000,42
combined,all,odin,3,22.0,997,10000,0,3,0.09066108938801491,0.997,0.16620821872134697,1.0,10997,3,11000,1000,0.12821039805060114,11000,42
combined,spatial,odin,3,22.0,500,10000,0,0,0.047619047619047616,1.0,0.0909090909090909,1.0,10500,0,10500,500,0.17126533398367497,11000,42
combined,mixup,odin,3,22.0,497,10000,0,3,0.04734686100790702,0.994,0.0903882877148313,1.0,10497,3,10500,500,0.028694348971171558,11000,42
combined,all,odin,3,23.0,998,10000,0,2,0.09074377159483542,0.998,0.1663610601766961,1.0,10998,2,11000,1000,0.12821039805060114,11000,42
combined,spatial,odin,3,23.0,500,10000,0,0,0.047619047619047616,1.0,0.0909090909090909,1.0,10500,0,10500,500,0.17126533398367497,11000,42
combined,mixup,odin,3,23.0,498,10000,0,2,0.047437607163269196,0.996,0.0905619203491544,1.0,10498,2,10500,500,0.028694348971171558,11000,42
combined,all,odin,3,24.0,998,10000,0,2,0.09074377159483542,0.998,0.1663610601766961,1.0,10998,2,11000,1000,0.12821039805060114,11000,42
combined,spatial,odin,3,24.0,500,10000,0,0,0.047619047619047616,1.0,0.0909090909090909,1.0,10500,0,10500,500,0.17126533398367497,11000,42
combined,mixup,odin,3,24.0,498,10000,0,2,0.047437607163269196,0.996,0.0905619203491544,1.0,10498,2,10500,500,0.028694348971171558,11000,42
combined,all,odin,3,25.0,998,10000,0,2,0.09074377159483542,0.998,0.1663610601766961,1.0,10998,2,11000,1000,0.12821039805060114,11000,42
combined,spatial,odin,3,25.0,500,10000,0,0,0.047619047619047616,1.0,0.0909090909090909,1.0,10500,0,10500,500,0.17126533398367497,11000,42
combined,mixup,odin,3,25.0,498,10000,0,2,0.047437607163269196,0.996,0.0905619203491544,1.0,10498,2,10500,500,0.028694348971171558,11000,42
combined,all,odin,3,26.0,998,10000,0,2,0.09074377159483542,0.998,0.1663610601766961,1.0,10998,2,11000,1000,0.12821039805060114,11000,42
combined,spatial,odin,3,26.0,500,10000,0,0,0.047619047619047616,1.0,0.0909090909090909,1.0,10500,0,10500,500,0.17126533398367497,11000,42
combined,mixup,odin,3,26.0,498,10000,0,2,0.047437607163269196,0.996,0.0905619203491544,1.0,10498,2,10500,500,0.028694348971171558,11000,42
combined,all,odin,3,27.0,998,10000,0,2,0.09074377159483542,0.998,0.1663610601766961,1.0,10998,2,11000,1000,0.12821039805060114,11000,42
combined,spatial,odin,3,27.0,500,10000,0,0,0.047619047619047616,1.0,0.0909090909090909,1.0,10500,0,10500,500,0.17126533398367497,11000,42
combined,mixup,odin,3,27.0,498,10000,0,2,0.047437607163269196,0.996,0.0905619203491544,1.0,10498,2,10500,500,0.028694348971171558,11000,42
combined,all,odin,3,28.0,998,10000,0,2,0.09074377159483542,0.998,0.1663610601766961,1.0,10998,2,11000,1000,0.12821039805060114,11000,42
combined,spatial,odin,3,28.0,500,10000,0,0,0.047619047619047616,1.0,0.0909090909090909,1.0,10500,0,10500,500,0.17126533398367497,11000,42
combined,mixup,odin,3,28.0,498,10000,0,2,0.047437607163269196,0.996,0.0905619203491544,1.0,10498,2,10500,500,0.028694348971171558,11000,42
combined,all,odin,3,29.0,999,10000,0,1,0.09082643876716065,0.999,0.16651387615634636,1.0,10999,1,11000,1000,0.12821039805060114,11000,42
combined,spatial,odin,3,29.0,500,10000,0,0,0.047619047619047616,1.0,0.0909090909090909,1.0,10500,0,10500,500,0.17126533398367497,11000,42
combined,mixup,odin,3,29.0,499,10000,0,1,0.04752833603200305,0.998,0.09073552141103737,1.0,10499,1,10500,500,0.028694348971171558,11000,42
combined,all,odin,3,30.0,999,10000,0,1,0.09082643876716065,0.999,0.16651387615634636,1.0,10999,1,11000,1000,0.12821039805060114,11000,42
combined,spatial,odin,3,30.0,500,10000,0,0,0.047619047619047616,1.0,0.0909090909090909,1.0,10500,0,10500,500,0.17126533398367497,11000,42
combined,mixup,odin,3,30.0,499,10000,0,1,0.04752833603200305,0.998,0.09073552141103737,1.0,10499,1,10500,500,0.028694348971171558,11000,42
combined,all,odin,3,31.0,999,10000,0,1,0.09082643876716065,0.999,0.16651387615634636,1.0,10999,1,11000,1000,0.12821039805060114,11000,42
combined,spatial,odin,3,31.0,500,10000,0,0,0.047619047619047616,1.0,0.0909090909090909,1.0,10500,0,10500,500,0.17126533398367497,11000,42
combined,mixup,odin,3,31.0,499,10000,0,1,0.04752833603200305,0.998,0.09073552141103737,1.0,10499,1,10500,500,0.028694348971171558,11000,42
combined,all,odin,3,32.0,999,10000,0,1,0.09082643876716065,0.999,0.16651387615634636,1.0,10999,1,11000,1000,0.12821039805060114,11000,42
combined,spatial,odin,3,32.0,500,10000,0,0,0.047619047619047616,1.0,0.0909090909090909,1.0,10500,0,10500,500,0.17126533398367497,11000,42
combined,mixup,odin,3,32.0,499,10000,0,1,0.04752833603200305,0.998,0.09073552141103737,1.0,10499,1,10500,500,0.028694348971171558,11000,42
combined,all,odin,3,33.0,1000,10000,0,0,0.09090909090909091,1.0,0.16666666666666669,1.0,11000,0,11000,1000,0.12821039805060114,11000,42
combined,spatial,odin,3,33.0,500,10000,0,0,0.047619047619047616,1.0,0.0909090909090909,1.0,10500,0,10500,500,0.17126533398367497,11000,42
combined,mixup,odin,3,33.0,500,10000,0,0,0.047619047619047616,1.0,0.0909090909090909,1.0,10500,0,10500,500,0.028694348971171558,11000,42
combined,all,odin,5,0.0,276,657,9343,724,0.2958199356913183,0.276,0.2855664769787895,0.0657,933,724,11000,1000,0.16088059203552316,11000,42
combined,spatial,odin,5,0.0,276,657,9343,224,0.2958199356913183,0.552,0.3852058618283322,0.0657,933,224,10500,500,0.24098948269258486,11000,42
combined,mixup,odin,5,0.0,0,657,9343,500,0.0,0.0,0.0,0.0657,657,500,10500,500,0.02713050757269512,11000,42
combined,all,odin,5,1.0,427,1711,8289,573,0.19971936389148737,0.427,0.2721478648820905,0.1711,2138,573,11000,1000,0.16088059203552316,11000,42
combined,spatial,odin,5,1.0,427,1711,8289,73,0.19971936389148737,0.854,0.32373009855951485,0.1711,2138,73,10500,500,0.24098948269258486,11000,42
combined,mixup,odin,5,1.0,0,1711,8289,500,0.0,0.0,0.0,0.1711,1711,500,10500,500,0.02713050757269512,11000,42
combined,all,odin,5,2.0,473,2922,7078,527,0.13932253313696613,0.473,0.21524459613196814,0.2922,3395,527,11000,1000,0.16088059203552316,11000,42
combined,spatial,odin,5,2.0,469,2922,7078,31,0.13830728398702447,0.938,0.24106913389874066,0.2922,3391,31,10500,500,0.24098948269258486,11000,42
combined,mixup,odin,5,2.0,4,2922,7078,496,0.001367053998632946,0.008,0.0023350846468184476,0.2922,2926,496,10500,500,0.02713050757269512,11000,42
combined,all,odin,5,3.0,499,4135,5865,501,0.10768234786361675,0.499,0.17713880014199504,0.4135,4634,501,11000,1000,0.16088059203552316,11000,42
combined,spatial,odin,5,3.0,487,4135,5865,13,0.10536564257897015,0.974,0.1901600937133932,0.4135,4622,13,10500,500,0.24098948269258486,11000,42
combined,mixup,odin,5,3.0,12,4135,5865,488,0.0028936580660718593,0.024,0.005164622336991608,0.4135,4147,488,10500,500,0.02713050757269512,11000,42
combined,all,odin,5,4.0,528,5299,4701,472,0.09061266517933757,0.528,0.1546799472681998,0.5299,5827,472,11000,1000,0.16088059203552316,11000,42
combined,spatial,odin,5,4.0,494,5299,4701,6,0.08527533229760055,0.988,0.15699984109327825,0.5299,5793,6,10500,500,0.24098948269258486,11000,42
combined,mixup,odin,5,4.0,34,5299,4701,466,0.0063753984624039,0.068,0.01165780901765815,0.5299,5333,466,10500,500,0.02713050757269512,11000,42
combined,all,odin,5,5.0,557,6324,3676,443,0.08094753669524779,0.557,0.14135262022585968,0.6324,6881,443,11000,1000,0.16088059203552316,11000,42
combined,spatial,odin,5,5.0,496,6324,3676,4,0.07272727272727272,0.992,0.1355191256830601,0.6324,6820,4,10500,500,0.24098948269258486,11000,42
combined,mixup,odin,5,5.0,61,6324,3676,439,0.009553641346906812,0.122,0.017719680464778502,0.6324,6385,439,10500,500,0.02713050757269512,11000,42
combined,all,odin,5,6.0,587,7226,2774,413,0.07513119160373737,0.587,0.13321230001134687,0.7226,7813,413,11000,1000,0.16088059203552316,11000,42
combined,spatial,odin,5,6.0,499,7226,2774,1,0.06459546925566342,0.998,0.12133738601823707,0.7226,7725,1,10500,500,0.24098948269258486,11000,42
combined,mixup,odin,5,6.0,88,7226,2774,412,0.012031719989062073,0.176,0.02252367545431277,0.7226,7314,412,10500,500,0.02713050757269512,11000,42
combined,all,odin,5,7.0,632,7934,2066,368,0.07378006070511324,0.632,0.13213464352916582,0.7934,8566,368,11000,1000,0.16088059203552316,11000,42
combined,spatial,odin,5,7.0,499,7934,2066,1,0.0591722993003676,0.998,0.11172058658905183,0.7934,8433,1,10500,500,0.24098948269258486,11000,42
combined,mixup,odin,5,7.0,133,7934,2066,367,0.016486922028015372,0.266,0.031049375510680516,0.7934,8067,367,10500,500,0.02713050757269512,11000,42
combined,all,odin,5,8.0,679,8501,1499,321,0.07396514161220044,0.679,0.13339882121807464,0.8501,9180,321,11000,1000,0.16088059203552316,11000,42
combined,spatial,odin,5,8.0,499,8501,1499,1,0.05544444444444444,0.998,0.10505263157894737,0.8501,9000,1,10500,500,0.24098948269258486,11000,42
combined,mixup,odin,5,8.0,180,8501,1499,320,0.020734938371155396,0.36,0.03921141487855353,0.8501,8681,320,10500,500,0.02713050757269512,11000,42
combined,all,odin,5,9.0,708,8946,1054,292,0.07333747669359851,0.708,0.1329078280458044,0.8946,9654,292,11000,1000,0.16088059203552316,11000,42
combined,spatial,odin,5,9.0,499,8946,1054,1,0.052832186341979885,0.998,0.1003519356460533,0.8946,9445,1,10500,500,0.24098948269258486,11000,42
combined,mixup,odin,5,9.0,209,8946,1054,291,0.022829055161114144,0.418,0.0432936302433972,0.8946,9155,291,10500,500,0.02713050757269512,11000,42
combined,all,odin,5,10.0,748,9259,741,252,0.07474767662636154,0.748,0.13591350958480966,0.9259,10007,252,11000,1000,0.16088059203552316,11000,42
combined,spatial,odin,5,10.0,499,9259,741,1,0.05113752818200451,0.998,0.09728992006239033,0.9259,9758,1,10500,500,0.24098948269258486,11000,42
combined,mixup,odin,5,10.0,249,9259,741,251,0.026188472864955827,0.498,0.049760191846522785,0.9259,9508,251,10500,500,0.02713050757269512,11000,42
combined,all,odin,5,11.0,780,9516,484,220,0.07575757575757576,0.78,0.13810198300283286,0.9516,10296,220,11000,1000,0.16088059203552316,11000,42
combined,spatial,odin,5,11.0,499,9516,484,1,0.04982526210683974,0.998,0.09491203043271516,0.9516,10015,1,10500,500,0.24098948269258486,11000,42
combined,mixup,odin,5,11.0,281,9516,484,219,0.028682249668265797,0.562,0.05457900359327959,0.9516,9797,219,10500,500,0.02713050757269512,11000,42
combined,all,odin,5,12.0,805,9671,329,195,0.07684230622374952,0.805,0.14029278494248867,0.9671,10476,195,11000,1000,0.16088059203552316,11000,42
combined,spatial,odin,5,12.0,500,9671,329,0,0.04915937469275391,1.0,0.093711929528629,0.9671,10171,0,10500,500,0.24098948269258486,11000,42
combined,mixup,odin,5,12.0,305,9671,329,195,0.030573376102646353,0.61,0.05822833142420772,0.9671,9976,195,10500,500,0.02713050757269512,11000,42
combined,all,odin,5,13.0,837,9778,222,163,0.07885068299576072,0.837,0.14412397761515283,0.9778,10615,163,11000,1000,0.16088059203552316,11000,42
combined,spatial,odin,5,13.0,500,9778,222,0,0.04864759680871765,1.0,0.09278159213212099,0.9778,10278,0,10500,500,0.24098948269258486,11000,42
combined,mixup,odin,5,13.0,337,9778,222,163,0.033316856154226394,0.674,0.0634950541686293,0.9778,10115,163,10500,500,0.02713050757269512,11000,42
combined,all,odin,5,14.0,862,9846,154,138,0.08050056032872618,0.862,0.14724974376494704,0.9846,10708,138,11000,1000,0.16088059203552316,11000,42
combined,spatial,odin,5,14.0,500,9846,154,0,0.04832785617630002,1.0,0.09219988936013276,0.9846,10346,0,10500,500,0.24098948269258486,11000,42
combined,mixup,odin,5,14.0,362,9846,154,138,0.035462382445141064,0.724,0.06761299962644751,0.9846,10208,138,10500,500,0.02713050757269512,11000,42
combined,all,odin,5,15.0,879,9897,103,121,0.08157015590200445,0.879,0.1492866847826087,0.9897,10776,121,11000,1000,0.16088059203552316,11000,42
combined,spatial,odin,5,15.0,500,9897,103,0,0.048090795421756274,1.0,0.09176837661741764,0.9897,10397,0,10500,500,0.24098948269258486,11000,42
combined,mixup,odin,5,15.0,379,9897,103,121,0.03688205527442585,0.758,0.07034149962880475,0.9897,10276,121,10500,500,0.02713050757269512,11000,42
combined,all,odin,5,16.0,896,9939,61,104,0.08269497000461468,0.896,0.15141529362061681,0.9939,10835,104,11000,1000,0.16088059203552316,11000,42
combined,spatial,odin,5,16.0,500,9939,61,0,0.047897308171280774,1.0,0.09141603437242893,0.9939,10439,0,10500,500,0.24098948269258486,11000,42
combined,mixup,odin,5,16.0,396,9939,61,104,0.038316400580551524,0.792,0.07309644670050762,0.9939,10335,104,10500,500,0.02713050757269512,11000,42
combined,all,odin,5,17.0,907,9961,39,93,0.08345601766654398,0.907,0.1528479946073475,0.9961,10868,93,11000,1000,0.16088059203552316,11000,42
combined,spatial,odin,5,17.0,500,9961,39,0,0.047796577765032024,1.0,0.09123255177447313,0.9961,10461,0,10500,500,0.24098948269258486,11000,42
combined,mixup,odin,5,17.0,407,9961,39,93,0.0392554012345679,0.814,0.07489878542510121,0.9961,10368,93,10500,500,0.02713050757269512,11000,42
combined,all,odin,5,18.0,925,9974,26,75,0.08487017157537388,0.925,0.15547525002101018,0.9974,10899,75,11000,1000,0.16088059203552316,11000,42
combined,spatial,odin,5,18.0,500,9974,26,0,0.04773725415314111,1.0,0.0911244760342628,0.9974,10474,0,10500,500,0.24098948269258486,11000,42
combined,mixup,odin,5,18.0,425,9974,26,75,0.04086931435714972,0.85,0.07798880631250574,0.9974,10399,75,10500,500,0.02713050757269512,11000,42
combined,all,odin,5,19.0,934,9984,16,66,0.08554680344385418,0.934,0.156737707669072,0.9984,10918,66,11000,1000,0.16088059203552316,11000,42
combined,spatial,odin,5,19.0,500,9984,16,0,0.04769172071728348,1.0,0.09104151493080845,0.9984,10484,0,10500,500,0.24098948269258486,11000,42
combined,mixup,odin,5,19.0,434,9984,16,66,0.04165866769053561,0.868,0.0795017402454662,0.9984,10418,66,10500,500,0.02713050757269512,11000,42
combined,all,odin,5,20.0,943,9988,12,57,0.08626841094135944,0.943,0.15807560137457044,0.9988,10931,57,11000,1000,0.16088059203552316,11000,42
combined,spatial,odin,5,20.0,500,9988,12,0,0.04767353165522502,1.0,0.09100837277029486,0.9988,10488,0,10500,500,0.24098948269258486,11000,42
combined,mixup,odin,5,20.0,443,9988,12,57,0.0424695618828492,0.886,0.08105388345073644,0.9988,10431,57,10500,500,0.02713050757269512,11000,42
combined,all,odin,5,21.0,953,9995,5,47,0.0870478626233102,0.953,0.1595246066287245,0.9995,10948,47,11000,1000,0.16088059203552316,11000,42
combined,spatial,odin,5,21.0,500,9995,5,0,0.04764173415912339,1.0,0.09095043201455208,0.9995,10495,0,10500,500,0.24098948269258486,11000,42
combined,mixup,odin,5,21.0,453,9995,5,47,0.04335758039816233,0.906,0.08275484106686154,0.9995,10448,47,10500,500,0.02713050757269512,11000,42
combined,all,odin,5,22.0,959,9997,3,41,0.08753194596568091,0.959,0.16042154566744735,0.9997,10956,41,11000,1000,0.16088059203552316,11000,42
combined,spatial,odin,5,22.0,500,9997,3,0,0.04763265694960465,1.0,0.09093389106119851,0.9997,10497,0,10500,500,0.24098948269258486,11000,42
combined,mixup,odin,5,22.0,459,9997,3,41,0.043898240244835504,0.918,0.08378970427163199,0.9997,10456,41,10500,500,0.02713050757269512,11000,42
combined,all,odin,5,23.0,967,9997,3,33,0.0881977380518059,0.967,0.16165162153126045,0.9997,10964,33,11000,1000,0.16088059203552316,11000,42
combined,spatial,odin,5,23.0,500,9997,3,0,0.04763265694960465,1.0,0.09093389106119851,0.9997,10497,0,10500,500,0.24098948269258486,11000,42
combined,mixup,odin,5,23.0,467,9997,3,33,0.04462920489296636,0.934,0.085187887632251,0.9997,10464,33,10500,500,0.02713050757269512,11000,42
combined,all,odin,5,24.0,972,9998,2,28,0.0886052871467639,0.972,0.16240601503759397,0.9998,10970,28,11000,1000,0.16088059203552316,11000,42
combined,spatial,odin,5,24.0,500,9998,2,0,0.04762811964183654,1.0,0.09092562284051646,0.9998,10498,0,10500,500,0.24098948269258486,11000,42
combined,mixup,odin,5,24.0,472,9998,2,28,0.04508118433619866,0.944,0.08605287146763901,0.9998,10470,28,10500,500,0.02713050757269512,11000,42
combined,all,odin,5,25.0,975,9999,1,25,0.08884636413340623,0.975,0.16285284783698012,0.9999,10974,25,11000,1000,0.16088059203552316,11000,42
combined,spatial,odin,5,25.0,500,9999,1,0,0.04762358319839985,1.0,0.09091735612328394,0.9999,10499,0,10500,500,0.24098948269258486,11000,42
combined,mixup,odin,5,25.0,475,9999,1,25,0.045350391445484056,0.95,0.08656825223254967,0.9999,10474,25,10500,500,0.02713050757269512,11000,42
combined,all,odin,5,26.0,979,9999,1,21,0.08917835671342686,0.979,0.16346635498413759,0.9999,10978,21,11000,1000,0.16088059203552316,11000,42
combined,spatial,odin,5,26.0,500,9999,1,0,0.04762358319839985,1.0,0.09091735612328394,0.9999,10499,0,10500,500,0.24098948269258486,11000,42
combined,mixup,odin,5,26.0,479,9999,1,21,0.04571483107463256,0.958,0.08726543997085079,0.9999,10478,21,10500,500,0.02713050757269512,11000,42
combined,all,odin,5,27.0,983,9999,1,17,0.08951010744855217,0.983,0.1640794525121015,0.9999,10982,17,11000,1000,0.16088059203552316,11000,42
combined,spatial,odin,5,27.0,500,9999,1,0,0.04762358319839985,1.0,0.09091735612328394,0.9999,10499,0,10500,500,0.24098948269258486,11000,42
combined,mixup,odin,5,27.0,483,9999,1,17,0.04607899255867201,0.966,0.0879621198324531,0.9999,10482,17,10500,500,0.02713050757269512,11000,42
combined,all,odin,5,28.0,984,10000,0,16,0.08958485069191552,0.984,0.164218958611482,1.0,10984,16,11000,1000,0.16088059203552316,11000,42
combined,spatial,odin,5,28.0,500,10000,0,0,0.047619047619047616,1.0,0.0909090909090909,1.0,10500,0,10500,500,0.24098948269258486,11000,42
combined,mixup,odin,5,28.0,484,10000,0,16,0.04616558565433041,0.968,0.08812818645302259,1.0,10484,16,10500,500,0.02713050757269512,11000,42
combined,all,odin,5,29.0,986,10000,0,14,0.08975059166211542,0.986,0.1645252794927415,1.0,10986,14,11000,1000,0.16088059203552316,11000,42
combined,spatial,odin,5,29.0,500,10000,0,0,0.047619047619047616,1.0,0.0909090909090909,1.0,10500,0,10500,500,0.24098948269258486,11000,42
combined,mixup,odin,5,29.0,486,10000,0,14,0.046347510967003624,0.972,0.08847624249044236,1.0,10486,14,10500,500,0.02713050757269512,11000,42
combined,all,odin,5,30.0,988,10000,0,12,0.08991627229705133,0.988,0.1648314981648315,1.0,10988,12,11000,1000,0.16088059203552316,11000,42
combined,spatial,odin,5,30.0,500,10000,0,0,0.047619047619047616,1.0,0.0909090909090909,1.0,10500,0,10500,500,0.24098948269258486,11000,42
combined,mixup,odin,5,30.0,488,10000,0,12,0.04652936689549962,0.976,0.08882417182380781,1.0,10488,12,10500,500,0.02713050757269512,11000,42
combined,all,odin,5,31.0,989,10000,0,11,0.08999908999909,0.989,0.16498456918842272,1.0,10989,11,11000,1000,0.16088059203552316,11000,42
combined,spatial,odin,5,31.0,500,10000,0,0,0.047619047619047616,1.0,0.0909090909090909,1.0,10500,0,10500,500,0.24098948269258486,11000,42
combined,mixup,odin,5,31.0,489,10000,0,11,0.046620268853084186,0.978,0.08899808899808902,1.0,10489,11,10500,500,0.02713050757269512,11000,42
combined,all,odin,5,32.0,989,10000,0,11,0.08999908999909,0.989,0.16498456918842272,1.0,10989,11,11000,1000,0.16088059203552316,11000,42
combined,spatial,odin,5,32.0,500,10000,0,0,0.047619047619047616,1.0,0.0909090909090909,1.0,10500,0,10500,500,0.24098948269258486,11000,42
combined,mixup,odin,5,32.0,489,10000,0,11,0.046620268853084186,0.978,0.08899808899808902,1.0,10489,11,10500,500,0.02713050757269512,11000,42
combined,all,odin,5,33.0,991,10000,0,9,0.0901646801928851,0.991,0.16529063464264865,1.0,10991,9,11000,1000,0.16088059203552316,11000,42
combined,spatial,odin,5,33.0,500,10000,0,0,0.047619047619047616,1.0,0.0909090909090909,1.0,10500,0,10500,500,0.24098948269258486,11000,42
combined,mixup,odin,5,33.0,491,10000,0,9,0.046802020779715944,0.982,0.08934582840505868,1.0,10491,9,10500,500,0.02713050757269512,11000,42
combined,all,odin,5,34.0,992,10000,0,8,0.09024745269286755,0.992,0.16544362908605736,1.0,10992,8,11000,1000,0.16088059203552316,11000,42
combined,spatial,odin,5,34.0,500,10000,0,0,0.047619047619047616,1.0,0.0909090909090909,1.0,10500,0,10500,500,0.24098948269258486,11000,42
combined,mixup,odin,5,34.0,492,10000,0,8,0.04689287075867327,0.984,0.08951965065502183,1.0,10492,8,10500,500,0.02713050757269512,11000,42
combined,all,odin,5,35.0,993,10000,0,7,0.09033021013372146,0.993,0.16559659801550905,1.0,10993,7,11000,1000,0.16088059203552316,11000,42
combined,spatial,odin,5,35.0,500,10000,0,0,0.047619047619047616,1.0,0.0909090909090909,1.0,10500,0,10500,500,0.24098948269258486,11000,42
combined,mixup,odin,5,35.0,493,10000,0,7,0.0469837034213285,0.986,0.08969344128081505,1.0,10493,7,10500,500,0.02713050757269512,11000,42
combined,all,odin,5,36.0,993,10000,0,7,0.09033021013372146,0.993,0.16559659801550905,1.0,10993,7,11000,1000,0.16088059203552316,11000,42
combined,spatial,odin,5,36.0,500,10000,0,0,0.047619047619047616,1.0,0.0909090909090909,1.0,10500,0,10500,500,0.24098948269258486,11000,42
combined,mixup,odin,5,36.0,493,10000,0,7,0.0469837034213285,0.986,0.08969344128081505,1.0,10493,7,10500,500,0.02713050757269512,11000,42
combined,all,odin,5,37.0,994,10000,0,6,0.09041295251955613,0.994,0.16574954143738538,1.0,10994,6,11000,1000,0.16088059203552316,11000,42
combined,spatial,odin,5,37.0,500,10000,0,0,0.047619047619047616,1.0,0.0909090909090909,1.0,10500,0,10500,500,0.24098948269258486,11000,42
combined,mixup,odin,5,37.0,494,10000,0,6,0.04707451877263198,0.988,0.08986720029106786,1.0,10494,6,10500,500,0.02713050757269512,11000,42
combined,all,odin,5,38.0,996,10000,0,4,0.0905783921425973,0.996,0.16605535178392797,1.0,10996,4,11000,1000,0.16088059203552316,11000,42
combined,spatial,odin,5,38.0,500,10000,0,0,0.047619047619047616,1.0,0.0909090909090909,1.0,10500,0,10500,500,0.24098948269258486,11000,42
combined,mixup,odin,5,38.0,496,10000,0,4,0.04725609756097561,0.992,0.09021462349945433,1.0,10496,4,10500,500,0.02713050757269512,11000,42
combined,all,odin,5,39.0,998,10000,0,2,0.09074377159483542,0.998,0.1663610601766961,1.0,10998,2,11000,1000,0.16088059203552316,11000,42
combined,spatial,odin,5,39.0,500,10000,0,0,0.047619047619047616,1.0,0.0909090909090909,1.0,10500,0,10500,500,0.24098948269258486,11000,42
combined,mixup,odin,5,39.0,498,10000,0,2,0.047437607163269196,0.996,0.0905619203491544,1.0,10498,2,10500,500,0.02713050757269512,11000,42
combined,all,odin,5,40.0,998,10000,0,2,0.09074377159483542,0.998,0.1663610601766961,1.0,10998,2,11000,1000,0.16088059203552316,11000,42
combined,spatial,odin,5,40.0,500,10000,0,0,0.047619047619047616,1.0,0.0909090909090909,1.0,10500,0,10500,500,0.24098948269258486,11000,42
combined,mixup,odin,5,40.0,498,10000,0,2,0.047437607163269196,0.996,0.0905619203491544,1.0,10498,2,10500,500,0.02713050757269512,11000,42
combined,all,odin,5,41.0,998,10000,0,2,0.09074377159483542,0.998,0.1663610601766961,1.0,10998,2,11000,1000,0.16088059203552316,11000,42
combined,spatial,odin,5,41.0,500,10000,0,0,0.047619047619047616,1.0,0.0909090909090909,1.0,10500,0,10500,500,0.24098948269258486,11000,42
combined,mixup,odin,5,41.0,498,10000,0,2,0.047437607163269196,0.996,0.0905619203491544,1.0,10498,2,10500,500,0.02713050757269512,11000,42
combined,all,odin,5,42.0,998,10000,0,2,0.09074377159483542,0.998,0.1663610601766961,1.0,10998,2,11000,1000,0.16088059203552316,11000,42
combined,spatial,odin,5,42.0,500,10000,0,0,0.047619047619047616,1.0,0.0909090909090909,1.0,10500,0,10500,500,0.24098948269258486,11000,42
combined,mixup,odin,5,42.0,498,10000,0,2,0.047437607163269196,0.996,0.0905619203491544,1.0,10498,2,10500,500,0.02713050757269512,11000,42
combined,all,odin,5,43.0,998,10000,0,2,0.09074377159483542,0.998,0.1663610601766961,1.0,10998,2,11000,1000,0.16088059203552316,11000,42
combined,spatial,odin,5,43.0,500,10000,0,0,0.047619047619047616,1.0,0.0909090909090909,1.0,10500,0,10500,500,0.24098948269258486,11000,42
combined,mixup,odin,5,43.0,498,10000,0,2,0.047437607163269196,0.996,0.0905619203491544,1.0,10498,2,10500,500,0.02713050757269512,11000,42
combined,all,odin,5,44.0,998,10000,0,2,0.09074377159483542,0.998,0.1663610601766961,1.0,10998,2,11000,1000,0.16088059203552316,11000,42
combined,spatial,odin,5,44.0,500,10000,0,0,0.047619047619047616,1.0,0.0909090909090909,1.0,10500,0,10500,500,0.24098948269258486,11000,42
combined,mixup,odin,5,44.0,498,10000,0,2,0.047437607163269196,0.996,0.0905619203491544,1.0,10498,2,10500,500,0.02713050757269512,11000,42
combined,all,odin,5,45.0,999,10000,0,1,0.09082643876716065,0.999,0.16651387615634636,1.0,10999,1,11000,1000,0.16088059203552316,11000,42
combined,spatial,odin,5,45.0,500,10000,0,0,0.047619047619047616,1.0,0.0909090909090909,1.0,10500,0,10500,500,0.24098948269258486,11000,42
combined,mixup,odin,5,45.0,499,10000,0,1,0.04752833603200305,0.998,0.09073552141103737,1.0,10499,1,10500,500,0.02713050757269512,11000,42
combined,all,odin,5,46.0,999,10000,0,1,0.09082643876716065,0.999,0.16651387615634636,1.0,10999,1,11000,1000,0.16088059203552316,11000,42
combined,spatial,odin,5,46.0,500,10000,0,0,0.047619047619047616,1.0,0.0909090909090909,1.0,10500,0,10500,500,0.24098948269258486,11000,42
combined,mixup,odin,5,46.0,499,10000,0,1,0.04752833603200305,0.998,0.09073552141103737,1.0,10499,1,10500,500,0.02713050757269512,11000,42
combined,all,odin,5,47.0,999,10000,0,1,0.09082643876716065,0.999,0.16651387615634636,1.0,10999,1,11000,1000,0.16088059203552316,11000,42
combined,spatial,odin,5,47.0,500,10000,0,0,0.047619047619047616,1.0,0.0909090909090909,1.0,10500,0,10500,500,0.24098948269258486,11000,42
combined,mixup,odin,5,47.0,499,10000,0,1,0.04752833603200305,0.998,0.09073552141103737,1.0,10499,1,10500,500,0.02713050757269512,11000,42
combined,all,odin,5,48.0,999,10000,0,1,0.09082643876716065,0.999,0.16651387615634636,1.0,10999,1,11000,1000,0.16088059203552316,11000,42
combined,spatial,odin,5,48.0,500,10000,0,0,0.047619047619047616,1.0,0.0909090909090909,1.0,10500,0,10500,500,0.24098948269258486,11000,42
combined,mixup,odin,5,48.0,499,10000,0,1,0.04752833603200305,0.998,0.09073552141103737,1.0,10499,1,10500,500,0.02713050757269512,11000,42
combined,all,odin,5,49.0,999,10000,0,1,0.09082643876716065,0.999,0.16651387615634636,1.0,10999,1,11000,1000,0.16088059203552316,11000,42
combined,spatial,odin,5,49.0,500,10000,0,0,0.047619047619047616,1.0,0.0909090909090909,1.0,10500,0,10500,500,0.24098948269258486,11000,42
combined,mixup,odin,5,49.0,499,10000,0,1,0.04752833603200305,0.998,0.09073552141103737,1.0,10499,1,10500,500,0.02713050757269512,11000,42
combined,all,odin,5,50.0,1000,10000,0,0,0.09090909090909091,1.0,0.16666666666666669,1.0,11000,0,11000,1000,0.16088059203552316,11000,42
combined,spatial,odin,5,50.0,500,10000,0,0,0.047619047619047616,1.0,0.0909090909090909,1.0,10500,0,10500,500,0.24098948269258486,11000,42
combined,mixup,odin,5,50.0,500,10000,0,0,0.047619047619047616,1.0,0.0909090909090909,1.0,10500,0,10500,500,0.02713050757269512,11000,42
combined,all,odin,7,0.0,236,400,9600,764,0.3710691823899371,0.236,0.2885085574572127,0.04,636,764,11000,1000,0.18688953774344585,11000,42
combined,spatial,odin,7,0.0,236,400,9600,264,0.3710691823899371,0.472,0.4154929577464789,0.04,636,264,10500,500,0.29391759326140043,11000,42
combined,mixup,odin,7,0.0,0,400,9600,500,0.0,0.0,0.0,0.04,400,500,10500,500,0.02636431230240905,11000,42
combined,all,odin,7,1.0,388,1038,8962,612,0.2720897615708275,0.388,0.3198680956306678,0.1038,1426,612,11000,1000,0.18688953774344585,11000,42
combined,spatial,odin,7,1.0,388,1038,8962,112,0.2720897615708275,0.776,0.40290758047767394,0.1038,1426,112,10500,500,0.29391759326140043,11000,42
combined,mixup,odin,7,1.0,0,1038,8962,500,0.0,0.0,0.0,0.1038,1038,500,10500,500,0.02636431230240905,11000,42
combined,all,odin,7,2.0,453,1900,8100,547,0.1925201869953251,0.453,0.27020578586340593,0.19,2353,547,11000,1000,0.18688953774344585,11000,42
combined,spatial,odin,7,2.0,452,1900,8100,48,0.1921768707482993,0.904,0.3169705469845722,0.19,2352,48,10500,500,0.29391759326140043,11000,42
combined,mixup,odin,7,2.0,1,1900,8100,499,0.0005260389268805891,0.002,0.0008329862557267805,0.19,1901,499,10500,500,0.02636431230240905,11000,42
combined,all,odin,7,3.0,481,2810,7190,519,0.1461561835308417,0.481,0.22419016546259615,0.281,3291,519,11000,1000,0.18688953774344585,11000,42
combined,spatial,odin,7,3.0,476,2810,7190,24,0.14485696895922093,0.952,0.25145272054939244,0.281,3286,24,10500,500,0.29391759326140043,11000,42
combined,mixup,odin,7,3.0,5,2810,7190,495,0.0017761989342806395,0.01,0.0030165912518853692,0.281,2815,495,10500,500,0.02636431230240905,11000,42
combined,all,odin,7,4.0,498,3745,6255,502,0.11736978552910676,0.498,0.1899675758153729,0.3745,4243,502,11000,1000,0.18688953774344585,11000,42
combined,spatial,odin,7,4.0,487,3745,6255,13,0.11507561436672968,0.974,0.20583262890955198,0.3745,4232,13,10500,500,0.29391759326140043,11000,42
combined,mixup,odin,7,4.0,11,3745,6255,489,0.0029286474973375934,0.022,0.005169172932330827,0.3745,3756,489,10500,500,0.02636431230240905,11000,42
combined,all,odin,7,5.0,513,4641,5359,487,0.09953434225844005,0.513,0.1667208319792005,0.4641,5154,487,11000,1000,0.18688953774344585,11000,42
combined,spatial,odin,7,5.0,491,4641,5359,9,0.09567420109119251,0.982,0.17436079545454544,0.4641,5132,9,10500,500,0.29391759326140043,11000,42
combined,mixup,odin,7,5.0,22,4641,5359,478,0.0047179927085567236,0.044,0.008522177028859192,0.4641,4663,478,10500,500,0.02636431230240905,11000,42
combined,all,odin,7,6.0,525,5479,4521,475,0.0874417055296469,0.525,0.1499143346659052,0.5479,6004,475,11000,1000,0.18688953774344585,11000,42
combined,spatial,odin,7,6.0,493,5479,4521,7,0.08255190890823845,0.986,0.1523485784919654,0.5479,5972,7,10500,500,0.29391759326140043,11000,42
combined,mixup,odin,7,6.0,32,5479,4521,468,0.005806568680820178,0.064,0.01064714689735485,0.5479,5511,468,10500,500,0.02636431230240905,11000,42
combined,all,odin,7,7.0,545,6255,3745,455,0.08014705882352942,0.545,0.13974358974358975,0.6255,6800,455,11000,1000,0.18688953774344585,11000,42
combined,spatial,odin,7,7.0,495,6255,3745,5,0.07333333333333333,0.99,0.13655172413793104,0.6255,6750,5,10500,500,0.29391759326140043,11000,42
combined,mixup,odin,7,7.0,50,6255,3745,450,0.007930214115781126,0.1,0.014695077149155033,0.6255,6305,450,10500,500,0.02636431230240905,11000,42
combined,all,odin,7,8.0,568,6899,3101,432,0.07606803267711262,0.568,0.1341679461438526,0.6899,7467,432,11000,1000,0.18688953774344585,11000,42
combined,spatial,odin,7,8.0,497,6899,3101,3,0.0671984856679286,0.994,0.12588652482269502,0.6899,7396,3,10500,500,0.29391759326140043,11000,42
combined,mixup,odin,7,8.0,71,6899,3101,429,0.010186513629842181,0.142,0.019009370816599733,0.6899,6970,429,10500,500,0.02636431230240905,11000,42
combined,all,odin,7,9.0,595,7501,2499,405,0.07349308300395258,0.595,0.13082673702726472,0.7501,8096,405,11000,1000,0.18688953774344585,11000,42
combined,spatial,odin,7,9.0,497,7501,2499,3,0.062140535133783446,0.994,0.1169686985172982,0.7501,7998,3,10500,500,0.29391759326140043,11000,42
combined,mixup,odin,7,9.0,98,7501,2499,402,0.012896433741281748,0.196,0.024200518582541058,0.7501,7599,402,10500,500,0.02636431230240905,11000,42
combined,all,odin,7,10.0,620,8012,1988,380,0.07182576459684893,0.62,0.12873754152823919,0.8012,8632,380,11000,1000,0.18688953774344585,11000,42
combined,spatial,odin,7,10.0,497,8012,1988,3,0.05840874368315901,0.994,0.11033411033411032,0.8012,8509,3,10500,500,0.29391759326140043,11000,42
combined,mixup,odin,7,10.0,123,8012,1988,377,0.015119852489244008,0.246,0.028488708743485813,0.8012,8135,377,10500,500,0.02636431230240905,11000,42
combined,all,odin,7,11.0,639,8448,1552,361,0.07032023770221195,0.639,0.12669772975116486,0.8448,9087,361,11000,1000,0.18688953774344585,11000,42
combined,spatial,odin,7,11.0,498,8448,1552,2,0.055667337357478204,0.996,0.1054414567012492,0.8448,8946,2,10500,500,0.29391759326140043,11000,42
combined,mixup,odin,7,11.0,141,8448,1552,359,0.016416346489696122,0.282,0.031026515568269335,0.8448,8589,359,10500,500,0.02636431230240905,11000,42
combined,all,odin,7,12.0,664,8786,1214,336,0.07026455026455027,0.664,0.12708133971291866,0.8786,9450,336,11000,1000,0.18688953774344585,11000,42
combined,spatial,odin,7,12.0,499,8786,1214,1,0.053742595584275715,0.998,0.1019928461931528,0.8786,9285,1,10500,500,0.29391759326140043,11000,42
combined,mixup,odin,7,12.0,165,8786,1214,335,0.018433694559267123,0.33,0.03491694000634853,0.8786,8951,335,10500,500,0.02636431230240905,11000,42
combined,all,odin,7,13.0,686,9083,917,314,0.07022213123144641,0.686,0.12740273005850125,0.9083,9769,314,11000,1000,0.18688953774344585,11000,42
combined,spatial,odin,7,13.0,499,9083,917,1,0.052076810686704236,0.998,0.09898829597302122,0.9083,9582,1,10500,500,0.29391759326140043,11000,42
combined,mixup,odin,7,13.0,187,9083,917,313,0.02017259978425027,0.374,0.0382804503582395,0.9083,9270,313,10500,500,0.02636431230240905,11000,42
combined,all,odin,7,14.0,720,9306,694,280,0.0718132854578097,0.72,0.1306003990567749,0.9306,10026,280,11000,1000,0.18688953774344585,11000,42
combined,spatial,odin,7,14.0,499,9306,694,1,0.05089240183579806,0.998,0.09684619116933527,0.9306,9805,1,10500,500,0.29391759326140043,11000,42
combined,mixup,odin,7,14.0,221,9306,694,279,0.023197228928309017,0.442,0.04408098135035404,0.9306,9527,279,10500,500,0.02636431230240905,11000,42
combined,all,odin,7,15.0,739,9488,512,261,0.07225970470323653,0.739,0.13164692259731006,0.9488,10227,261,11000,1000,0.18688953774344585,11000,42
combined,spatial,odin,7,15.0,499,9488,512,1,0.04996495444077301,0.998,0.09516544292934109,0.9488,9987,1,10500,500,0.29391759326140043,11000,42
combined,mixup,odin,7,15.0,240,9488,512,260,0.024671052631578948,0.48,0.046929996089166995,0.9488,9728,260,10500,500,0.02636431230240905,11000,42
combined,all,odin,7,16.0,767,9625,375,233,0.07380677444187837,0.767,0.1346558988764045,0.9625,10392,233,11000,1000,0.18688953774344585,11000,42
combined,spatial,odin,7,16.0,499,9625,375,1,0.04928881864875543,0.998,0.0939382530120482,0.9625,10124,1,10500,500,0.29391759326140043,11000,42
combined,mixup,odin,7,16.0,268,9625,375,232,0.027089861518245224,0.536,0.05157317425190032,0.9625,9893,232,10500,500,0.02636431230240905,11000,42
combined,all,odin,7,17.0,793,9739,261,207,0.07529434105582986,0.793,0.13753035032951785,0.9739,10532,207,11000,1000,0.18688953774344585,11000,42
combined,spatial,odin,7,17.0,500,9739,261,0,0.048832893837288796,1.0,0.09311853990129434,0.9739,10239,0,10500,500,0.29391759326140043,11000,42
combined,mixup,odin,7,17.0,293,9739,261,207,0.02920653907496013,0.586,0.05563995442461071,0.9739,10032,207,10500,500,0.02636431230240905,11000,42
combined,all,odin,7,18.0,820,9805,195,180,0.07717647058823529,0.82,0.1410752688172043,0.9805,10625,180,11000,1000,0.18688953774344585,11000,42
combined,spatial,odin,7,18.0,500,9805,195,0,0.048520135856380396,1.0,0.0925497454881999,0.9805,10305,0,10500,500,0.29391759326140043,11000,42
combined,mixup,odin,7,18.0,320,9805,195,180,0.03160493827160494,0.64,0.06023529411764706,0.9805,10125,180,10500,500,0.02636431230240905,11000,42
combined,all,odin,7,19.0,833,9852,148,167,0.07795975666822648,0.833,0.1425759520753102,0.9852,10685,167,11000,1000,0.18688953774344585,11000,42
combined,spatial,odin,7,19.0,500,9852,148,0,0.04829984544049459,1.0,0.09214891264283082,0.9852,10352,0,10500,500,0.29391759326140043,11000,42
combined,mixup,odin,7,19.0,333,9852,148,167,0.03269513991163476,0.666,0.062330369677117456,0.9852,10185,167,10500,500,0.02636431230240905,11000,42
combined,all,odin,7,20.0,842,9896,104,158,0.0784131123114174,0.842,0.14346566706423583,0.9896,10738,158,11000,1000,0.18688953774344585,11000,42
combined,spatial,odin,7,20.0,500,9896,104,0,0.04809542131589073,1.0,0.091776798825257,0.9896,10396,0,10500,500,0.29391759326140043,11000,42
combined,mixup,odin,7,20.0,342,9896,104,158,0.033404961906622385,0.684,0.06369901285155523,0.9896,10238,158,10500,500,0.02636431230240905,11000,42
combined,all,odin,7,21.0,853,9925,75,147,0.0791426980886992,0.853,0.14484632365427066,0.9925,10778,147,11000,1000,0.18688953774344585,11000,42
combined,spatial,odin,7,21.0,500,9925,75,0,0.047961630695443645,1.0,0.09153318077803205,0.9925,10425,0,10500,500,0.29391759326140043,11000,42
combined,mixup,odin,7,21.0,353,9925,75,147,0.03434520334695466,0.706,0.0655038040452774,0.9925,10278,147,10500,500,0.02636431230240905,11000,42
combined,all,odin,7,22.0,865,9948,52,135,0.0799963007490983,0.865,0.1464488275628545,0.9948,10813,135,11000,1000,0.18688953774344585,11000,42
combined,spatial,odin,7,22.0,500,9948,52,0,0.047856049004594184,1.0,0.09134088417975886,0.9948,10448,0,10500,500,0.29391759326140043,11000,42
combined,mixup,odin,7,22.0,365,9948,52,135,0.035392223407349946,0.73,0.06751132895588643,0.9948,10313,135,10500,500,0.02636431230240905,11000,42
combined,all,odin,7,23.0,877,9967,33,123,0.08087421615639985,0.877,0.14809186085781828,0.9967,10844,123,11000,1000,0.18688953774344585,11000,42
combined,spatial,odin,7,23.0,500,9967,33,0,0.047769179325499185,1.0,0.0911826388255676,0.9967,10467,0,10500,500,0.29391759326140043,11000,42
combined,mixup,odin,7,23.0,377,9967,33,123,0.036446249033255995,0.754,0.06953153817779417,0.9967,10344,123,10500,500,0.02636431230240905,11000,42
combined,all,odin,7,24.0,892,9978,22,108,0.08206071757129715,0.892,0.15029486099410277,0.9978,10870,108,11000,1000,0.18688953774344585,11000,42
combined,spatial,odin,7,24.0,500,9978,22,0,0.047719030349303304,1.0,0.09109127345600292,0.9978,10478,0,10500,500,0.29391759326140043,11000,42
combined,mixup,odin,7,24.0,392,9978,22,108,0.037801350048216005,0.784,0.07212511499540017,0.9978,10370,108,10500,500,0.02636431230240905,11000,42
combined,all,odin,7,25.0,905,9984,16,95,0.0831113968224814,0.905,0.15224156783581463,0.9984,10889,95,11000,1000,0.18688953774344585,11000,42
combined,spatial,odin,7,25.0,500,9984,16,0,0.04769172071728348,1.0,0.09104151493080845,0.9984,10484,0,10500,500,0.29391759326140043,11000,42
combined,mixup,odin,7,25.0,405,9984,16,95,0.03898354028299163,0.81,0.0743869960510607,0.9984,10389,95,10500,500,0.02636431230240905,11000,42
combined,all,odin,7,26.0,921,9985,15,79,0.08444892719603887,0.921,0.154711909961364,0.9985,10906,79,11000,1000,0.18688953774344585,11000,42
combined,spatial,odin,7,26.0,500,9985,15,0,0.047687172150691466,1.0,0.09103322712790168,0.9985,10485,0,10500,500,0.29391759326140043,11000,42
combined,mixup,odin,7,26.0,421,9985,15,79,0.04045742840668845,0.842,0.077205208142307,0.9985,10406,79,10500,500,0.02636431230240905,11000,42
combined,all,odin,7,27.0,924,9990,10,76,0.08466190214403518,0.924,0.15511163337250292,0.999,10914,76,11000,1000,0.18688953774344585,11000,42
combined,spatial,odin,7,27.0,500,9990,10,0,0.047664442326024785,1.0,0.09099181073703366,0.999,10490,0,10500,500,0.29391759326140043,11000,42
combined,mixup,odin,7,27.0,424,9990,10,76,0.04071442289226042,0.848,0.07769836906725305,0.999,10414,76,10500,500,0.02636431230240905,11000,42
combined,all,odin,7,28.0,933,9992,8,67,0.08540045766590389,0.933,0.1564779874213836,0.9992,10925,67,11000,1000,0.18688953774344585,11000,42
combined,spatial,odin,7,28.0,500,9992,8,0,0.04765535646206634,1.0,0.09097525473071326,0.9992,10492,0,10500,500,0.29391759326140043,11000,42
combined,mixup,odin,7,28.0,433,9992,8,67,0.041534772182254195,0.866,0.07926773455377574,0.9992,10425,67,10500,500,0.02636431230240905,11000,42
combined,all,odin,7,29.0,941,9997,3,59,0.08603035289815322,0.941,0.157647847210588,0.9997,10938,59,11000,1000,0.18688953774344585,11000,42
combined,spatial,odin,7,29.0,500,9997,3,0,0.04763265694960465,1.0,0.09093389106119851,0.9997,10497,0,10500,500,0.29391759326140043,11000,42
combined,mixup,odin,7,29.0,441,9997,3,59,0.04224947307913393,0.882,0.08063631376851343,0.9997,10438,59,10500,500,0.02636431230240905,11000,42
combined,all,odin,7,30.0,950,10000,0,50,0.0867579908675799,0.95,0.15899581589958156,1.0,10950,50,11000,1000,0.18688953774344585,11000,42
combined,spatial,odin,7,30.0,500,10000,0,0,0.047619047619047616,1.0,0.0909090909090909,1.0,10500,0,10500,500,0.29391759326140043,11000,42
combined,mixup,odin,7,30.0,450,10000,0,50,0.0430622009569378,0.9,0.08219178082191782,1.0,10450,50,10500,500,0.02636431230240905,11000,42
combined,all,odin,7,31.0,954,10000,0,46,0.08709147343436188,0.954,0.159611845407395,1.0,10954,46,11000,1000,0.18688953774344585,11000,42
combined,spatial,odin,7,31.0,500,10000,0,0,0.047619047619047616,1.0,0.0909090909090909,1.0,10500,0,10500,500,0.29391759326140043,11000,42
combined,mixup,odin,7,31.0,454,10000,0,46,0.043428352783623496,0.908,0.08289209421215994,1.0,10454,46,10500,500,0.02636431230240905,11000,42
combined,all,odin,7,32.0,958,10000,0,42,0.08742471253878445,0.958,0.16022746278641914,1.0,10958,42,11000,1000,0.18688953774344585,11000,42
combined,spatial,odin,7,32.0,500,10000,0,0,0.047619047619047616,1.0,0.0909090909090909,1.0,10500,0,10500,500,0.29391759326140043,11000,42
combined,mixup,odin,7,32.0,458,10000,0,42,0.043794224517116086,0.916,0.08359189633144734,1.0,10458,42,10500,500,0.02636431230240905,11000,42
combined,all,odin,7,33.0,962,10000,0,38,0.08775770844736362,0.962,0.16084266845009199,1.0,10962,38,11000,1000,0.18688953774344585,11000,42
combined,spatial,odin,7,33.0,500,10000,0,0,0.047619047619047616,1.0,0.0909090909090909,1.0,10500,0,10500,500,0.29391759326140043,11000,42
combined,mixup,odin,7,33.0,462,10000,0,38,0.04415981647868476,0.924,0.0842911877394636,1.0,10462,38,10500,500,0.02636431230240905,11000,42
combined,all,odin,7,34.0,965,10000,0,35,0.08800729594163247,0.965,0.16130380275804432,1.0,10965,35,11000,1000,0.18688953774344585,11000,42
combined,spatial,odin,7,34.0,500,10000,0,0,0.047619047619047616,1.0,0.0909090909090909,1.0,10500,0,10500,500,0.29391759326140043,11000,42
combined,mixup,odin,7,34.0,465,10000,0,35,0.044433827042522696,0.93,0.08481532147742818,1.0,10465,35,10500,500,0.02636431230240905,11000,42
combined,all,odin,7,35.0,972,10000,0,28,0.08858913598250091,0.972,0.16237888406281323,1.0,10972,28,11000,1000,0.18688953774344585,11000,42
combined,spatial,odin,7,35.0,500,10000,0,0,0.047619047619047616,1.0,0.0909090909090909,1.0,10500,0,10500,500,0.29391759326140043,11000,42
combined,mixup,odin,7,35.0,472,10000,0,28,0.04507257448433919,0.944,0.08603718556325192,1.0,10472,28,10500,500,0.02636431230240905,11000,42
combined,all,odin,7,36.0,974,10000,0,26,0.08875523965737198,0.974,0.16268581927509607,1.0,10974,26,11000,1000,0.18688953774344585,11000,42
combined,spatial,odin,7,36.0,500,10000,0,0,0.047619047619047616,1.0,0.0909090909090909,1.0,10500,0,10500,500,0.29391759326140043,11000,42
combined,mixup,odin,7,36.0,474,10000,0,26,0.04525491693717777,0.948,0.08638600328048114,1.0,10474,26,10500,500,0.02636431230240905,11000,42
combined,all,odin,7,37.0,976,10000,0,24,0.08892128279883382,0.976,0.1629926519706079,1.0,10976,24,11000,1000,0.18688953774344585,11000,42
combined,spatial,odin,7,37.0,500,10000,0,0,0.047619047619047616,1.0,0.0909090909090909,1.0,10500,0,10500,500,0.29391759326140043,11000,42
combined,mixup,odin,7,37.0,476,10000,0,24,0.045437189767086675,0.952,0.08673469387755102,1.0,10476,24,10500,500,0.02636431230240905,11000,42
combined,all,odin,7,38.0,980,10000,0,20,0.08925318761384335,0.98,0.16360601001669448,1.0,10980,20,11000,1000,0.18688953774344585,11000,42
combined,spatial,odin,7,38.0,500,10000,0,0,0.047619047619047616,1.0,0.0909090909090909,1.0,10500,0,10500,500,0.29391759326140043,11000,42
combined,mixup,odin,7,38.0,480,10000,0,20,0.04580152671755725,0.96,0.08743169398907104,1.0,10480,20,10500,500,0.02636431230240905,11000,42
combined,all,odin,7,39.0,983,10000,0,17,0.08950195757079123,0.983,0.16406575982642077,1.0,10983,17,11000,1000,0.18688953774344585,11000,42
combined,spatial,odin,7,39.0,500,10000,0,0,0.047619047619047616,1.0,0.0909090909090909,1.0,10500,0,10500,500,0.29391759326140043,11000,42
combined,mixup,odin,7,39.0,483,10000,0,17,0.046074596966517216,0.966,0.08795411089866156,1.0,10483,17,10500,500,0.02636431230240905,11000,42
combined,all,odin,7,40.0,983,10000,0,17,0.08950195757079123,0.983,0.16406575982642077,1.0,10983,17,11000,1000,0.18688953774344585,11000,42
combined,spatial,odin,7,40.0,500,10000,0,0,0.047619047619047616,1.0,0.0909090909090909,1.0,10500,0,10500,500,0.29391759326140043,11000,42
combined,mixup,odin,7,40.0,483,10000,0,17,0.046074596966517216,0.966,0.08795411089866156,1.0,10483,17,10500,500,0.02636431230240905,11000,42
combined,all,odin,7,41.0,984,10000,0,16,0.08958485069191552,0.984,0.164218958611482,1.0,10984,16,11000,1000,0.18688953774344585,11000,42
combined,spatial,odin,7,41.0,500,10000,0,0,0.047619047619047616,1.0,0.0909090909090909,1.0,10500,0,10500,500,0.29391759326140043,11000,42
combined,mixup,odin,7,41.0,484,10000,0,16,0.04616558565433041,0.968,0.08812818645302259,1.0,10484,16,10500,500,0.02636431230240905,11000,42
combined,all,odin,7,42.0,987,10000,0,13,0.08983343951943205,0.987,0.1646784016017352,1.0,10987,13,11000,1000,0.18688953774344585,11000,42
combined,spatial,odin,7,42.0,500,10000,0,0,0.047619047619047616,1.0,0.0909090909090909,1.0,10500,0,10500,500,0.29391759326140043,11000,42
combined,mixup,odin,7,42.0,487,10000,0,13,0.04643844760179269,0.974,0.0886502229908073,1.0,10487,13,10500,500,0.02636431230240905,11000,42
combined,all,odin,7,43.0,988,10000,0,12,0.08991627229705133,0.988,0.1648314981648315,1.0,10988,12,11000,1000,0.18688953774344585,11000,42
combined,spatial,odin,7,43.0,500,10000,0,0,0.047619047619047616,1.0,0.0909090909090909,1.0,10500,0,10500,500,0.29391759326140043,11000,42
combined,mixup,odin,7,43.0,488,10000,0,12,0.04652936689549962,0.976,0.08882417182380781,1.0,10488,12,10500,500,0.02636431230240905,11000,42
combined,all,odin,7,44.0,990,10000,0,10,0.09008189262966333,0.99,0.1651376146788991,1.0,10990,10,11000,1000,0.18688953774344585,11000,42
combined,spatial,odin,7,44.0,500,10000,0,0,0.047619047619047616,1.0,0.0909090909090909,1.0,10500,0,10500,500,0.29391759326140043,11000,42
combined,mixup,odin,7,44.0,490,10000,0,10,0.04671115347950429,0.98,0.08917197452229297,1.0,10490,10,10500,500,0.02636431230240905,11000,42
combined,all,odin,7,45.0,992,10000,0,8,0.09024745269286755,0.992,0.16544362908605736,1.0,10992,8,11000,1000,0.18688953774344585,11000,42
combined,spatial,odin,7,45.0,500,10000,0,0,0.047619047619047616,1.0,0.0909090909090909,1.0,10500,0,10500,500,0.29391759326140043,11000,42
combined,mixup,odin,7,45.0,492,10000,0,8,0.04689287075867327,0.984,0.08951965065502183,1.0,10492,8,10500,500,0.02636431230240905,11000,42
combined,all,odin,7,46.0,992,10000,0,8,0.09024745269286755,0.992,0.16544362908605736,1.0,10992,8,11000,1000,0.18688953774344585,11000,42
combined,spatial,odin,7,46.0,500,10000,0,0,0.047619047619047616,1.0,0.0909090909090909,1.0,10500,0,10500,500,0.29391759326140043,11000,42
combined,mixup,odin,7,46.0,492,10000,0,8,0.04689287075867327,0.984,0.08951965065502183,1.0,10492,8,10500,500,0.02636431230240905,11000,42
combined,all,odin,7,47.0,992,10000,0,8,0.09024745269286755,0.992,0.16544362908605736,1.0,10992,8,11000,1000,0.18688953774344585,11000,42
combined,spatial,odin,7,47.0,500,10000,0,0,0.047619047619047616,1.0,0.0909090909090909,1.0,10500,0,10500,500,0.29391759326140043,11000,42
combined,mixup,odin,7,47.0,492,10000,0,8,0.04689287075867327,0.984,0.08951965065502183,1.0,10492,8,10500,500,0.02636431230240905,11000,42
combined,all,odin,7,48.0,993,10000,0,7,0.09033021013372146,0.993,0.16559659801550905,1.0,10993,7,11000,1000,0.18688953774344585,11000,42
combined,spatial,odin,7,48.0,500,10000,0,0,0.047619047619047616,1.0,0.0909090909090909,1.0,10500,0,10500,500,0.29391759326140043,11000,42
combined,mixup,odin,7,48.0,493,10000,0,7,0.0469837034213285,0.986,0.08969344128081505,1.0,10493,7,10500,500,0.02636431230240905,11000,42
combined,all,odin,7,49.0,993,10000,0,7,0.09033021013372146,0.993,0.16559659801550905,1.0,10993,7,11000,1000,0.18688953774344585,11000,42
combined,spatial,odin,7,49.0,500,10000,0,0,0.047619047619047616,1.0,0.0909090909090909,1.0,10500,0,10500,500,0.29391759326140043,11000,42
combined,mixup,odin,7,49.0,493,10000,0,7,0.0469837034213285,0.986,0.08969344128081505,1.0,10493,7,10500,500,0.02636431230240905,11000,42
combined,all,odin,7,50.0,993,10000,0,7,0.09033021013372146,0.993,0.16559659801550905,1.0,10993,7,11000,1000,0.18688953774344585,11000,42
combined,spatial,odin,7,50.0,500,10000,0,0,0.047619047619047616,1.0,0.0909090909090909,1.0,10500,0,10500,500,0.29391759326140043,11000,42
combined,mixup,odin,7,50.0,493,10000,0,7,0.0469837034213285,0.986,0.08969344128081505,1.0,10493,7,10500,500,0.02636431230240905,11000,42
combined,all,odin,7,51.0,993,10000,0,7,0.09033021013372146,0.993,0.16559659801550905,1.0,10993,7,11000,1000,0.18688953774344585,11000,42
combined,spatial,odin,7,51.0,500,10000,0,0,0.047619047619047616,1.0,0.0909090909090909,1.0,10500,0,10500,500,0.29391759326140043,11000,42
combined,mixup,odin,7,51.0,493,10000,0,7,0.0469837034213285,0.986,0.08969344128081505,1.0,10493,7,10500,500,0.02636431230240905,11000,42
combined,all,odin,7,52.0,993,10000,0,7,0.09033021013372146,0.993,0.16559659801550905,1.0,10993,7,11000,1000,0.18688953774344585,11000,42
combined,spatial,odin,7,52.0,500,10000,0,0,0.047619047619047616,1.0,0.0909090909090909,1.0,10500,0,10500,500,0.29391759326140043,11000,42
combined,mixup,odin,7,52.0,493,10000,0,7,0.0469837034213285,0.986,0.08969344128081505,1.0,10493,7,10500,500,0.02636431230240905,11000,42
combined,all,odin,7,53.0,994,10000,0,6,0.09041295251955613,0.994,0.16574954143738538,1.0,10994,6,11000,1000,0.18688953774344585,11000,42
combined,spatial,odin,7,53.0,500,10000,0,0,0.047619047619047616,1.0,0.0909090909090909,1.0,10500,0,10500,500,0.29391759326140043,11000,42
combined,mixup,odin,7,53.0,494,10000,0,6,0.04707451877263198,0.988,0.08986720029106786,1.0,10494,6,10500,500,0.02636431230240905,11000,42
combined,all,odin,7,54.0,994,10000,0,6,0.09041295251955613,0.994,0.16574954143738538,1.0,10994,6,11000,1000,0.18688953774344585,11000,42
combined,spatial,odin,7,54.0,500,10000,0,0,0.047619047619047616,1.0,0.0909090909090909,1.0,10500,0,10500,500,0.29391759326140043,11000,42
combined,mixup,odin,7,54.0,494,10000,0,6,0.04707451877263198,0.988,0.08986720029106786,1.0,10494,6,10500,500,0.02636431230240905,11000,42
combined,all,odin,7,55.0,994,10000,0,6,0.09041295251955613,0.994,0.16574954143738538,1.0,10994,6,11000,1000,0.18688953774344585,11000,42
combined,spatial,odin,7,55.0,500,10000,0,0,0.047619047619047616,1.0,0.0909090909090909,1.0,10500,0,10500,500,0.29391759326140043,11000,42
combined,mixup,odin,7,55.0,494,10000,0,6,0.04707451877263198,0.988,0.08986720029106786,1.0,10494,6,10500,500,0.02636431230240905,11000,42
combined,all,odin,7,56.0,994,10000,0,6,0.09041295251955613,0.994,0.16574954143738538,1.0,10994,6,11000,1000,0.18688953774344585,11000,42
combined,spatial,odin,7,56.0,500,10000,0,0,0.047619047619047616,1.0,0.0909090909090909,1.0,10500,0,10500,500,0.29391759326140043,11000,42
combined,mixup,odin,7,56.0,494,10000,0,6,0.04707451877263198,0.988,0.08986720029106786,1.0,10494,6,10500,500,0.02636431230240905,11000,42
combined,all,odin,7,57.0,995,10000,0,5,0.0904956798544793,0.995,0.16590245935806586,1.0,10995,5,11000,1000,0.18688953774344585,11000,42
combined,spatial,odin,7,57.0,500,10000,0,0,0.047619047619047616,1.0,0.0909090909090909,1.0,10500,0,10500,500,0.29391759326140043,11000,42
combined,mixup,odin,7,57.0,495,10000,0,5,0.04716531681753216,0.99,0.09004092769440655,1.0,10495,5,10500,500,0.02636431230240905,11000,42
combined,all,odin,7,58.0,996,10000,0,4,0.0905783921425973,0.996,0.16605535178392797,1.0,10996,4,11000,1000,0.18688953774344585,11000,42
combined,spatial,odin,7,58.0,500,10000,0,0,0.047619047619047616,1.0,0.0909090909090909,1.0,10500,0,10500,500,0.29391759326140043,11000,42
combined,mixup,odin,7,58.0,496,10000,0,4,0.04725609756097561,0.992,0.09021462349945433,1.0,10496,4,10500,500,0.02636431230240905,11000,42
combined,all,odin,7,59.0,996,10000,0,4,0.0905783921425973,0.996,0.16605535178392797,1.0,10996,4,11000,1000,0.18688953774344585,11000,42
combined,spatial,odin,7,59.0,500,10000,0,0,0.047619047619047616,1.0,0.0909090909090909,1.0,10500,0,10500,500,0.29391759326140043,11000,42
combined,mixup,odin,7,59.0,496,10000,0,4,0.04725609756097561,0.992,0.09021462349945433,1.0,10496,4,10500,500,0.02636431230240905,11000,42
combined,all,odin,7,60.0,997,10000,0,3,0.09066108938801491,0.997,0.16620821872134697,1.0,10997,3,11000,1000,0.18688953774344585,11000,42
combined,spatial,odin,7,60.0,500,10000,0,0,0.047619047619047616,1.0,0.0909090909090909,1.0,10500,0,10500,500,0.29391759326140043,11000,42
combined,mixup,odin,7,60.0,497,10000,0,3,0.04734686100790702,0.994,0.0903882877148313,1.0,10497,3,10500,500,0.02636431230240905,11000,42
combined,all,odin,7,61.0,998,10000,0,2,0.09074377159483542,0.998,0.1663610601766961,1.0,10998,2,11000,1000,0.18688953774344585,11000,42
combined,spatial,odin,7,61.0,500,10000,0,0,0.047619047619047616,1.0,0.0909090909090909,1.0,10500,0,10500,500,0.29391759326140043,11000,42
combined,mixup,odin,7,61.0,498,10000,0,2,0.047437607163269196,0.996,0.0905619203491544,1.0,10498,2,10500,500,0.02636431230240905,11000,42
combined,all,odin,7,62.0,998,10000,0,2,0.09074377159483542,0.998,0.1663610601766961,1.0,10998,2,11000,1000,0.18688953774344585,11000,42
combined,spatial,odin,7,62.0,500,10000,0,0,0.047619047619047616,1.0,0.0909090909090909,1.0,10500,0,10500,500,0.29391759326140043,11000,42
combined,mixup,odin,7,62.0,498,10000,0,2,0.047437607163269196,0.996,0.0905619203491544,1.0,10498,2,10500,500,0.02636431230240905,11000,42
combined,all,odin,7,63.0,998,10000,0,2,0.09074377159483542,0.998,0.1663610601766961,1.0,10998,2,11000,1000,0.18688953774344585,11000,42
combined,spatial,odin,7,63.0,500,10000,0,0,0.047619047619047616,1.0,0.0909090909090909,1.0,10500,0,10500,500,0.29391759326140043,11000,42
combined,mixup,odin,7,63.0,498,10000,0,2,0.047437607163269196,0.996,0.0905619203491544,1.0,10498,2,10500,500,0.02636431230240905,11000,42
combined,all,odin,7,64.0,998,10000,0,2,0.09074377159483542,0.998,0.1663610601766961,1.0,10998,2,11000,1000,0.18688953774344585,11000,42
combined,spatial,odin,7,64.0,500,10000,0,0,0.047619047619047616,1.0,0.0909090909090909,1.0,10500,0,10500,500,0.29391759326140043,11000,42
combined,mixup,odin,7,64.0,498,10000,0,2,0.047437607163269196,0.996,0.0905619203491544,1.0,10498,2,10500,500,0.02636431230240905,11000,42
combined,all,odin,7,65.0,998,10000,0,2,0.09074377159483542,0.998,0.1663610601766961,1.0,10998,2,11000,1000,0.18688953774344585,11000,42
combined,spatial,odin,7,65.0,500,10000,0,0,0.047619047619047616,1.0,0.0909090909090909,1.0,10500,0,10500,500,0.29391759326140043,11000,42
combined,mixup,odin,7,65.0,498,10000,0,2,0.047437607163269196,0.996,0.0905619203491544,1.0,10498,2,10500,500,0.02636431230240905,11000,42
combined,all,odin,7,66.0,999,10000,0,1,0.09082643876716065,0.999,0.16651387615634636,1.0,10999,1,11000,1000,0.18688953774344585,11000,42
combined,spatial,odin,7,66.0,500,10000,0,0,0.047619047619047616,1.0,0.0909090909090909,1.0,10500,0,10500,500,0.29391759326140043,11000,42
combined,mixup,odin,7,66.0,499,10000,0,1,0.04752833603200305,0.998,0.09073552141103737,1.0,10499,1,10500,500,0.02636431230240905,11000,42
combined,all,odin,7,67.0,999,10000,0,1,0.09082643876716065,0.999,0.16651387615634636,1.0,10999,1,11000,1000,0.18688953774344585,11000,42
combined,spatial,odin,7,67.0,500,10000,0,0,0.047619047619047616,1.0,0.0909090909090909,1.0,10500,0,10500,500,0.29391759326140043,11000,42
combined,mixup,odin,7,67.0,499,10000,0,1,0.04752833603200305,0.998,0.09073552141103737,1.0,10499,1,10500,500,0.02636431230240905,11000,42
combined,all,odin,7,68.0,999,10000,0,1,0.09082643876716065,0.999,0.16651387615634636,1.0,10999,1,11000,1000,0.18688953774344585,11000,42
combined,spatial,odin,7,68.0,500,10000,0,0,0.047619047619047616,1.0,0.0909090909090909,1.0,10500,0,10500,500,0.29391759326140043,11000,42
combined,mixup,odin,7,68.0,499,10000,0,1,0.04752833603200305,0.998,0.09073552141103737,1.0,10499,1,10500,500,0.02636431230240905,11000,42
combined,all,odin,7,69.0,999,10000,0,1,0.09082643876716065,0.999,0.16651387615634636,1.0,10999,1,11000,1000,0.18688953774344585,11000,42
combined,spatial,odin,7,69.0,500,10000,0,0,0.047619047619047616,1.0,0.0909090909090909,1.0,10500,0,10500,500,0.29391759326140043,11000,42
combined,mixup,odin,7,69.0,499,10000,0,1,0.04752833603200305,0.998,0.09073552141103737,1.0,10499,1,10500,500,0.02636431230240905,11000,42
combined,all,odin,7,70.0,999,10000,0,1,0.09082643876716065,0.999,0.16651387615634636,1.0,10999,1,11000,1000,0.18688953774344585,11000,42
combined,spatial,odin,7,70.0,500,10000,0,0,0.047619047619047616,1.0,0.0909090909090909,1.0,10500,0,10500,500,0.29391759326140043,11000,42
combined,mixup,odin,7,70.0,499,10000,0,1,0.04752833603200305,0.998,0.09073552141103737,1.0,10499,1,10500,500,0.02636431230240905,11000,42
combined,all,odin,7,71.0,999,10000,0,1,0.09082643876716065,0.999,0.16651387615634636,1.0,10999,1,11000,1000,0.18688953774344585,11000,42
combined,spatial,odin,7,71.0,500,10000,0,0,0.047619047619047616,1.0,0.0909090909090909,1.0,10500,0,10500,500,0.29391759326140043,11000,42
combined,mixup,odin,7,71.0,499,10000,0,1,0.04752833603200305,0.998,0.09073552141103737,1.0,10499,1,10500,500,0.02636431230240905,11000,42
combined,all,odin,7,72.0,999,10000,0,1,0.09082643876716065,0.999,0.16651387615634636,1.0,10999,1,11000,1000,0.18688953774344585,11000,42
combined,spatial,odin,7,72.0,500,10000,0,0,0.047619047619047616,1.0,0.0909090909090909,1.0,10500,0,10500,500,0.29391759326140043,11000,42
combined,mixup,odin,7,72.0,499,10000,0,1,0.04752833603200305,0.998,0.09073552141103737,1.0,10499,1,10500,500,0.02636431230240905,11000,42
combined,all,odin,7,73.0,1000,10000,0,0,0.09090909090909091,1.0,0.16666666666666669,1.0,11000,0,11000,1000,0.18688953774344585,11000,42
combined,spatial,odin,7,73.0,500,10000,0,0,0.047619047619047616,1.0,0.0909090909090909,1.0,10500,0,10500,500,0.29391759326140043,11000,42
combined,mixup,odin,7,73.0,500,10000,0,0,0.047619047619047616,1.0,0.0909090909090909,1.0,10500,0,10500,500,0.02636431230240905,11000,42
combined,all,odin,9,0.0,213,264,9736,787,0.44654088050314467,0.213,0.28842247799593773,0.0264,477,787,11000,1000,0.2117522047243074,11000,42
combined,spatial,odin,9,0.0,213,264,9736,287,0.44654088050314467,0.426,0.436028659160696,0.0264,477,287,10500,500,0.3448649933006521,11000,42
combined,mixup,odin,9,0.0,0,264,9736,500,0.0,0.0,0.0,0.0264,264,500,10500,500,0.02593987308026301,11000,42
combined,all,odin,9,1.0,365,733,9267,635,0.3324225865209472,0.365,0.34795042897998096,0.0733,1098,635,11000,1000,0.2117522047243074,11000,42
combined,spatial,odin,9,1.0,365,733,9267,135,0.3324225865209472,0.73,0.4568210262828536,0.0733,1098,135,10500,500,0.3448649933006521,11000,42
combined,mixup,odin,9,1.0,0,733,9267,500,0.0,0.0,0.0,0.0733,733,500,10500,500,0.02593987308026301,11000,42
combined,all,odin,9,2.0,433,1314,8686,567,0.24785346307956496,0.433,0.3152530032763014,0.1314,1747,567,11000,1000,0.2117522047243074,11000,42
combined,spatial,odin,9,2.0,433,1314,8686,67,0.24785346307956496,0.866,0.38540275923453493,0.1314,1747,67,10500,500,0.3448649933006521,11000,42
combined,mixup,odin,9,2.0,0,1314,8686,500,0.0,0.0,0.0,0.1314,1314,500,10500,500,0.02593987308026301,11000,42
combined,all,odin,9,3.0,463,1998,8002,537,0.18813490451036163,0.463,0.26755273042473277,0.1998,2461,537,11000,1000,0.2117522047243074,11000,42
combined,spatial,odin,9,3.0,462,1998,8002,38,0.1878048780487805,0.924,0.31216216216216214,0.1998,2460,38,10500,500,0.3448649933006521,11000,42
combined,mixup,odin,9,3.0,1,1998,8002,499,0.0005002501250625312,0.002,0.0008003201280512204,0.1998,1999,499,10500,500,0.02593987308026301,11000,42
combined,all,odin,9,4.0,483,2762,7238,517,0.14884437596302003,0.483,0.2275618374558304,0.2762,3245,517,11000,1000,0.2117522047243074,11000,42
combined,spatial,odin,9,4.0,479,2762,7238,21,0.14779389077445232,0.958,0.256081261694734,0.2762,3241,21,10500,500,0.3448649933006521,11000,42
combined,mixup,odin,9,4.0,4,2762,7238,496,0.0014461315979754157,0.008,0.002449479485609308,0.2762,2766,496,10500,500,0.02593987308026301,11000,42
combined,all,odin,9,5.0,492,3489,6511,508,0.12358703843255464,0.492,0.19755069263200165,0.3489,3981,508,11000,1000,0.2117522047243074,11000,42
combined,spatial,odin,9,5.0,486,3489,6511,14,0.12226415094339622,0.972,0.21720670391061453,0.3489,3975,14,10500,500,0.3448649933006521,11000,42
combined,mixup,odin,9,5.0,6,3489,6511,494,0.0017167381974248926,0.012,0.003003754693366708,0.3489,3495,494,10500,500,0.02593987308026301,11000,42
combined,all,odin,9,6.0,500,4235,5765,500,0.10559662090813093,0.5,0.17436791630340018,0.4235,4735,500,11000,1000,0.2117522047243074,11000,42
combined,spatial,odin,9,6.0,489,4235,5765,11,0.10351397121083827,0.978,0.18721286370597245,0.4235,4724,11,10500,500,0.3448649933006521,11000,42
combined,mixup,odin,9,6.0,11,4235,5765,489,0.0025906735751295338,0.022,0.004635482511588706,0.4235,4246,489,10500,500,0.02593987308026301,11000,42
combined,all,odin,9,7.0,515,4908,5092,485,0.09496588604093675,0.515,0.16036120193056208,0.4908,5423,485,11000,1000,0.2117522047243074,11000,42
combined,spatial,odin,9,7.0,492,4908,5092,8,0.09111111111111111,0.984,0.16677966101694916,0.4908,5400,8,10500,500,0.3448649933006521,11000,42
combined,mixup,odin,9,7.0,23,4908,5092,477,0.00466436828229568,0.046,0.00846989504695268,0.4908,4931,477,10500,500,0.02593987308026301,11000,42
combined,all,odin,9,8.0,526,5569,4431,474,0.08630024610336341,0.526,0.14827343199436224,0.5569,6095,474,11000,1000,0.2117522047243074,11000,42
combined,spatial,odin,9,8.0,495,5569,4431,5,0.0816292875989446,0.99,0.15082266910420478,0.5569,6064,5,10500,500,0.3448649933006521,11000,42
combined,mixup,odin,9,8.0,31,5569,4431,469,0.005535714285714285,0.062,0.010163934426229508,0.5569,5600,469,10500,500,0.02593987308026301,11000,42
combined,all,odin,9,9.0,540,6175,3825,460,0.08041697691734921,0.54,0.13998703823720027,0.6175,6715,460,11000,1000,0.2117522047243074,11000,42
combined,spatial,odin,9,9.0,495,6175,3825,5,0.07421289355322339,0.99,0.13807531380753138,0.6175,6670,5,10500,500,0.3448649933006521,11000,42
combined,mixup,odin,9,9.0,45,6175,3825,455,0.007234726688102894,0.09,0.013392857142857142,0.6175,6220,455,10500,500,0.02593987308026301,11000,42
combined,all,odin,9,10.0,559,6731,3269,441,0.0766803840877915,0.559,0.13486127864897468,0.6731,7290,441,11000,1000,0.2117522047243074,11000,42
combined,spatial,odin,9,10.0,496,6731,3269,4,0.0686315206863152,0.992,0.12838100168241232,0.6731,7227,4,10500,500,0.3448649933006521,11000,42
combined,mixup,odin,9,10.0,63,6731,3269,437,0.009272887842213718,0.126,0.017274472168905947,0.6731,6794,437,10500,500,0.02593987308026301,11000,42
combined,all,odin,9,11.0,569,7228,2772,431,0.07297678594331153,0.569,0.12936228259633967,0.7228,7797,431,11000,1000,0.2117522047243074,11000,42
combined,spatial,odin,9,11.0,497,7228,2772,3,0.06433656957928803,0.994,0.12085106382978725,0.7228,7725,3,10500,500,0.3448649933006521,11000,42
combined,mixup,odin,9,11.0,72,7228,2772,428,0.009863013698630137,0.144,0.01846153846153846,0.7228,7300,428,10500,500,0.02593987308026301,11000,42
combined,all,odin,9,12.0,587,7684,2316,413,0.07097086204811993,0.587,0.12663143134505447,0.7684,8271,413,11000,1000,0.2117522047243074,11000,42
combined,spatial,odin,9,12.0,497,7684,2316,3,0.06075051949639408,0.994,0.11450293744960258,0.7684,8181,3,10500,500,0.3448649933006521,11000,42
combined,mixup,odin,9,12.0,90,7684,2316,410,0.011577051710830975,0.18,0.021754894851341553,0.7684,7774,410,10500,500,0.02593987308026301,11000,42
combined,all,odin,9,13.0,607,8067,1933,393,0.06997924832833756,0.607,0.1254910068224106,0.8067,8674,393,11000,1000,0.2117522047243074,11000,42
combined,spatial,odin,9,13.0,498,8067,1933,2,0.05814360770577934,0.996,0.10987313844456702,0.8067,8565,2,10500,500,0.3448649933006521,11000,42
combined,mixup,odin,9,13.0,109,8067,1933,391,0.01333170254403131,0.218,0.025126786537574917,0.8067,8176,391,10500,500,0.02593987308026301,11000,42
combined,all,odin,9,14.0,620,8398,1602,380,0.06875138611665557,0.62,0.12377720103813135,0.8398,9018,380,11000,1000,0.2117522047243074,11000,42
combined,spatial,odin,9,14.0,498,8398,1602,2,0.05598021582733813,0.996,0.10600255427841634,0.8398,8896,2,10500,500,0.3448649933006521,11000,42
combined,mixup,odin,9,14.0,122,8398,1602,378,0.01431924882629108,0.244,0.0270509977827051,0.8398,8520,378,10500,500,0.02593987308026301,11000,42
combined,all,odin,9,15.0,649,8713,1287,351,0.06932279427472762,0.649,0.12526539278131635,0.8713,9362,351,11000,1000,0.2117522047243074,11000,42
combined,spatial,odin,9,15.0,499,8713,1287,1,0.0541684759009987,0.998,0.10275947281713345,0.8713,9212,1,10500,500,0.3448649933006521,11000,42
combined,mixup,odin,9,15.0,150,8713,1287,350,0.016924292000451313,0.3,0.03204101249599487,0.8713,8863,350,10500,500,0.02593987308026301,11000,42
combined,all,odin,9,16.0,660,8981,1019,340,0.06845762887667255,0.66,0.1240484916831125,0.8981,9641,340,11000,1000,0.2117522047243074,11000,42
combined,spatial,odin,9,16.0,499,8981,1019,1,0.05263713080168776,0.998,0.1,0.8981,9480,1,10500,500,0.3448649933006521,11000,42
combined,mixup,odin,9,16.0,161,8981,1019,339,0.01761102603369066,0.322,0.033395561086911434,0.8981,9142,339,10500,500,0.02593987308026301,11000,42
combined,all,odin,9,17.0,684,9187,813,316,0.069293891196434,0.684,0.1258393892006255,0.9187,9871,316,11000,1000,0.2117522047243074,11000,42
combined,spatial,odin,9,17.0,499,9187,813,1,0.05151765434647945,0.998,0.09797761633614764,0.9187,9686,1,10500,500,0.3448649933006521,11000,42
combined,mixup,odin,9,17.0,185,9187,813,315,0.019739650021340163,0.37,0.03747974068071313,0.9187,9372,315,10500,500,0.02593987308026301,11000,42
combined,all,odin,9,18.0,705,9367,633,295,0.06999602859412232,0.705,0.12734826589595374,0.9367,10072,295,11000,1000,0.2117522047243074,11000,42
combined,spatial,odin,9,18.0,499,9367,633,1,0.05057774173930671,0.998,0.09627628786417132,0.9367,9866,1,10500,500,0.3448649933006521,11000,42
combined,mixup,odin,9,18.0,206,9367,633,294,0.0215188551133396,0.412,0.040901419636652434,0.9367,9573,294,10500,500,0.02593987308026301,11000,42
combined,all,odin,9,19.0,716,9496,504,284,0.07011359185272228,0.716,0.12772029967891543,0.9496,10212,284,11000,1000,0.2117522047243074,11000,42
combined,spatial,odin,9,19.0,499,9496,504,1,0.04992496248124062,0.998,0.09509290138161029,0.9496,9995,1,10500,500,0.3448649933006521,11000,42
combined,mixup,odin,9,19.0,217,9496,504,283,0.022341192216616904,0.434,0.042494859492803294,0.9496,9713,283,10500,500,0.02593987308026301,11000,42
combined,all,odin,9,20.0,735,9606,394,265,0.07107629823034523,0.735,0.129618199453311,0.9606,10341,265,11000,1000,0.2117522047243074,11000,42
combined,spatial,odin,9,20.0,499,9606,394,1,0.04938149430974765,0.998,0.0941065535124941,0.9606,10105,1,10500,500,0.3448649933006521,11000,42
combined,mixup,odin,9,20.0,236,9606,394,264,0.023978866084129243,0.472,0.045639141365306515,0.9606,9842,264,10500,500,0.02593987308026301,11000,42
combined,all,odin,9,21.0,753,9698,302,247,0.07205052148119798,0.753,0.13151689808750328,0.9698,10451,247,11000,1000,0.2117522047243074,11000,42
combined,spatial,odin,9,21.0,499,9698,302,1,0.04893596155732078,0.998,0.09329718612695148,0.9698,10197,1,10500,500,0.3448649933006521,11000,42
combined,mixup,odin,9,21.0,254,9698,302,246,0.02552250803858521,0.508,0.04860313815537696,0.9698,9952,246,10500,500,0.02593987308026301,11000,42
combined,all,odin,9,22.0,775,9765,235,225,0.07352941176470588,0.775,0.134315424610052,0.9765,10540,225,11000,1000,0.2117522047243074,11000,42
combined,spatial,odin,9,22.0,499,9765,235,1,0.04861652377240842,0.998,0.09271646228167968,0.9765,10264,1,10500,500,0.3448649933006521,11000,42
combined,mixup,odin,9,22.0,276,9765,235,224,0.027487302061547654,0.552,0.052366948107390184,0.9765,10041,224,10500,500,0.02593987308026301,11000,42
combined,all,odin,9,23.0,788,9810,190,212,0.07435365163238347,0.788,0.1358854974995689,0.981,10598,212,11000,1000,0.2117522047243074,11000,42
combined,spatial,odin,9,23.0,499,9810,190,1,0.04840430691628674,0.998,0.09233046535294663,0.981,10309,1,10500,500,0.3448649933006521,11000,42
combined,mixup,odin,9,23.0,289,9810,190,211,0.028616694722249727,0.578,0.05453344655156147,0.981,10099,211,10500,500,0.02593987308026301,11000,42
combined,all,odin,9,24.0,797,9854,146,203,0.0748286545864238,0.797,0.13681229079049007,0.9854,10651,203,11000,1000,0.2117522047243074,11000,42
combined,spatial,odin,9,24.0,500,9854,146,0,0.04829051574270813,1.0,0.09213193292795284,0.9854,10354,0,10500,500,0.3448649933006521,11000,42
combined,mixup,odin,9,24.0,297,9854,146,203,0.02925820116244705,0.594,0.05576941132288048,0.9854,10151,203,10500,500,0.02593987308026301,11000,42
combined,all,odin,9,25.0,813,9884,116,187,0.0760026175563242,0.813,0.1390100025647602,0.9884,10697,187,11000,1000,0.2117522047243074,11000,42
combined,spatial,odin,9,25.0,500,9884,116,0,0.04815100154083205,1.0,0.09187798603454614,0.9884,10384,0,10500,500,0.3448649933006521,11000,42
combined,mixup,odin,9,25.0,313,9884,116,187,0.030695302539962735,0.626,0.05852108067682528,0.9884,10197,187,10500,500,0.02593987308026301,11000,42
combined,all,odin,9,26.0,829,9912,88,171,0.07718089563355367,0.829,0.14121454731283534,0.9912,10741,171,11000,1000,0.2117522047243074,11000,42
combined,spatial,odin,9,26.0,500,9912,88,0,0.04802151363810987,1.0,0.09164222873900292,0.9912,10412,0,10500,500,0.3448649933006521,11000,42
combined,mixup,odin,9,26.0,329,9912,88,171,0.03212576896787423,0.658,0.06126059026161437,0.9912,10241,171,10500,500,0.02593987308026301,11000,42
combined,all,odin,9,27.0,836,9939,61,164,0.07758700696055684,0.836,0.14199575371549894,0.9939,10775,164,11000,1000,0.2117522047243074,11000,42
combined,spatial,odin,9,27.0,500,9939,61,0,0.047897308171280774,1.0,0.09141603437242893,0.9939,10439,0,10500,500,0.3448649933006521,11000,42
combined,mixup,odin,9,27.0,336,9939,61,164,0.0327007299270073,0.672,0.06236658932714617,0.9939,10275,164,10500,500,0.02593987308026301,11000,42
combined,all,odin,9,28.0,850,9956,44,150,0.07866000370164723,0.85,0.14399457902761306,0.9956,10806,150,11000,1000,0.2117522047243074,11000,42
combined,spatial,odin,9,28.0,500,9956,44,0,0.047819433817903594,1.0,0.09127418765972982,0.9956,10456,0,10500,500,0.3448649933006521,11000,42
combined,mixup,odin,9,28.0,350,9956,44,150,0.03396079953425189,0.7,0.06477882657782713,0.9956,10306,150,10500,500,0.02593987308026301,11000,42
combined,all,odin,9,29.0,859,9969,31,141,0.07933136313261914,0.859,0.14524856273249914,0.9969,10828,141,11000,1000,0.2117522047243074,11000,42
combined,spatial,odin,9,29.0,500,9969,31,0,0.04776005349125991,1.0,0.09116601331023795,0.9969,10469,0,10500,500,0.3448649933006521,11000,42
combined,mixup,odin,9,29.0,359,9969,31,141,0.034759876065065844,0.718,0.06630956778721833,0.9969,10328,141,10500,500,0.02593987308026301,11000,42
combined,all,odin,9,30.0,870,9980,20,130,0.08018433179723503,0.87,0.1468354430379747,0.998,10850,130,11000,1000,0.2117522047243074,11000,42
combined,spatial,odin,9,30.0,500,9980,20,0,0.04770992366412214,1.0,0.09107468123861567,0.998,10480,0,10500,500,0.3448649933006521,11000,42
combined,mixup,odin,9,30.0,370,9980,20,130,0.035748792270531404,0.74,0.06820276497695853,0.998,10350,130,10500,500,0.02593987308026301,11000,42
combined,all,odin,9,31.0,875,9984,16,125,0.0805783221291095,0.875,0.14756724850324646,0.9984,10859,125,11000,1000,0.2117522047243074,11000,42
combined,spatial,odin,9,31.0,500,9984,16,0,0.04769172071728348,1.0,0.09104151493080845,0.9984,10484,0,10500,500,0.3448649933006521,11000,42
combined,mixup,odin,9,31.0,375,9984,16,125,0.03620040544454098,0.75,0.06906713325352243,0.9984,10359,125,10500,500,0.02593987308026301,11000,42
combined,all,odin,9,32.0,888,9990,10,112,0.08163265306122448,0.888,0.1495201212325307,0.999,10878,112,11000,1000,0.2117522047243074,11000,42
combined,spatial,odin,9,32.0,500,9990,10,0,0.047664442326024785,1.0,0.09099181073703366,0.999,10490,0,10500,500,0.3448649933006521,11000,42
combined,mixup,odin,9,32.0,388,9990,10,112,0.03738677972634419,0.776,0.07133664276521419,0.999,10378,112,10500,500,0.02593987308026301,11000,42
combined,all,odin,9,33.0,902,9992,8,98,0.08279787038736919,0.902,0.1516731124936943,0.9992,10894,98,11000,1000,0.2117522047243074,11000,42
combined,spatial,odin,9,33.0,500,9992,8,0,0.04765535646206634,1.0,0.09097525473071326,0.9992,10492,0,10500,500,0.3448649933006521,11000,42
combined,mixup,odin,9,33.0,402,9992,8,98,0.038676159322686164,0.804,0.07380209289517164,0.9992,10394,98,10500,500,0.02593987308026301,11000,42
combined,all,odin,9,34.0,911,9996,4,89,0.08352434216558173,0.911,0.15301923238431175,0.9996,10907,89,11000,1000,0.2117522047243074,11000,42
combined,spatial,odin,9,34.0,500,9996,4,0,0.04763719512195122,1.0,0.09094216078574027,0.9996,10496,0,10500,500,0.3448649933006521,11000,42
combined,mixup,odin,9,34.0,411,9996,4,89,0.03949264917843759,0.822,0.07536444485192995,0.9996,10407,89,10500,500,0.02593987308026301,11000,42
combined,all,odin,9,35.0,923,9998,2,77,0.08451606995696365,0.923,0.15485278080697928,0.9998,10921,77,11000,1000,0.2117522047243074,11000,42
combined,spatial,odin,9,35.0,500,9998,2,0,0.04762811964183654,1.0,0.09092562284051646,0.9998,10498,0,10500,500,0.3448649933006521,11000,42
combined,mixup,odin,9,35.0,423,9998,2,77,0.04059111409653584,0.846,0.07746543356835454,0.9998,10421,77,10500,500,0.02593987308026301,11000,42
combined,all,odin,9,36.0,929,9998,2,71,0.08501876086757573,0.929,0.15578100108996398,0.9998,10927,71,11000,1000,0.2117522047243074,11000,42
combined,spatial,odin,9,36.0,500,9998,2,0,0.04762811964183654,1.0,0.09092562284051646,0.9998,10498,0,10500,500,0.3448649933006521,11000,42
combined,mixup,odin,9,36.0,429,9998,2,71,0.04114318595952815,0.858,0.0785210945364693,0.9998,10427,71,10500,500,0.02593987308026301,11000,42
combined,all,odin,9,37.0,940,9998,2,60,0.08593892850612543,0.94,0.15748031496062992,0.9998,10938,60,11000,1000,0.2117522047243074,11000,42
combined,spatial,odin,9,37.0,500,9998,2,0,0.04762811964183654,1.0,0.09092562284051646,0.9998,10498,0,10500,500,0.3448649933006521,11000,42
combined,mixup,odin,9,37.0,440,9998,2,60,0.042153669285303695,0.88,0.08045346498445785,0.9998,10438,60,10500,500,0.02593987308026301,11000,42
combined,all,odin,9,38.0,942,9999,1,58,0.08609816287359473,0.942,0.1577757306758228,0.9999,10941,58,11000,1000,0.2117522047243074,11000,42
combined,spatial,odin,9,38.0,500,9999,1,0,0.04762358319839985,1.0,0.09091735612328394,0.9999,10499,0,10500,500,0.3448649933006521,11000,42
combined,mixup,odin,9,38.0,442,9999,1,58,0.04233310985537784,0.884,0.08079700210218443,0.9999,10441,58,10500,500,0.02593987308026301,11000,42
combined,all,odin,9,39.0,949,9999,1,51,0.08668249908659116,0.949,0.15885503850016738,0.9999,10948,51,11000,1000,0.2117522047243074,11000,42
combined,spatial,odin,9,39.0,500,9999,1,0,0.04762358319839985,1.0,0.09091735612328394,0.9999,10499,0,10500,500,0.3448649933006521,11000,42
combined,mixup,odin,9,39.0,449,9999,1,51,0.042974732006125574,0.898,0.08202411399342346,0.9999,10448,51,10500,500,0.02593987308026301,11000,42
combined,all,odin,9,40.0,950,9999,1,50,0.08676591469540597,0.95,0.15900912210226795,0.9999,10949,50,11000,1000,0.2117522047243074,11000,42
combined,spatial,odin,9,40.0,500,9999,1,0,0.04762358319839985,1.0,0.09091735612328394,0.9999,10499,0,10500,500,0.3448649933006521,11000,42
combined,mixup,odin,9,40.0,450,9999,1,50,0.04306632213608958,0.9,0.08219928760617409,0.9999,10449,50,10500,500,0.02593987308026301,11000,42
combined,all,odin,9,41.0,954,10000,0,46,0.08709147343436188,0.954,0.159611845407395,1.0,10954,46,11000,1000,0.2117522047243074,11000,42
combined,spatial,odin,9,41.0,500,10000,0,0,0.047619047619047616,1.0,0.0909090909090909,1.0,10500,0,10500,500,0.3448649933006521,11000,42
combined,mixup,odin,9,41.0,454,10000,0,46,0.043428352783623496,0.908,0.08289209421215994,1.0,10454,46,10500,500,0.02593987308026301,11000,42
combined,all,odin,9,42.0,957,10000,0,43,0.08734142557269325,0.957,0.16007359705611776,1.0,10957,43,11000,1000,0.2117522047243074,11000,42
combined,spatial,odin,9,42.0,500,10000,0,0,0.047619047619047616,1.0,0.0909090909090909,1.0,10500,0,10500,500,0.3448649933006521,11000,42
combined,mixup,odin,9,42.0,457,10000,0,43,0.04370278282490198,0.914,0.08341699370265583,1.0,10457,43,10500,500,0.02593987308026301,11000,42
combined,all,odin,9,43.0,959,10000,0,41,0.08750798430513733,0.959,0.16038130278451376,1.0,10959,41,11000,1000,0.2117522047243074,11000,42
combined,spatial,odin,9,43.0,500,10000,0,0,0.047619047619047616,1.0,0.0909090909090909,1.0,10500,0,10500,500,0.3448649933006521,11000,42
combined,mixup,odin,9,43.0,459,10000,0,41,0.04388564872358734,0.918,0.08376676704078839,1.0,10459,41,10500,500,0.02593987308026301,11000,42
combined,all,odin,9,44.0,962,10000,0,38,0.08775770844736362,0.962,0.16084266845009199,1.0,10962,38,11000,1000,0.2117522047243074,11000,42
combined,spatial,odin,9,44.0,500,10000,0,0,0.047619047619047616,1.0,0.0909090909090909,1.0,10500,0,10500,500,0.3448649933006521,11000,42
combined,mixup,odin,9,44.0,462,10000,0,38,0.04415981647868476,0.924,0.0842911877394636,1.0,10462,38,10500,500,0.02593987308026301,11000,42
combined,all,odin,9,45.0,965,10000,0,35,0.08800729594163247,0.965,0.16130380275804432,1.0,10965,35,11000,1000,0.2117522047243074,11000,42
combined,spatial,odin,9,45.0,500,10000,0,0,0.047619047619047616,1.0,0.0909090909090909,1.0,10500,0,10500,500,0.3448649933006521,11000,42
combined,mixup,odin,9,45.0,465,10000,0,35,0.044433827042522696,0.93,0.08481532147742818,1.0,10465,35,10500,500,0.02593987308026301,11000,42
combined,all,odin,9,46.0,966,10000,0,34,0.08809046142622652,0.966,0.16145746281129866,1.0,10966,34,11000,1000,0.2117522047243074,11000,42
combined,spatial,odin,9,46.0,500,10000,0,0,0.047619047619047616,1.0,0.0909090909090909,1.0,10500,0,10500,500,0.3448649933006521,11000,42
combined,mixup,odin,9,46.0,466,10000,0,34,0.044525128989107585,0.932,0.0849899689950757,1.0,10466,34,10500,500,0.02593987308026301,11000,42
combined,all,odin,9,47.0,972,10000,0,28,0.08858913598250091,0.972,0.16237888406281323,1.0,10972,28,11000,1000,0.2117522047243074,11000,42
combined,spatial,odin,9,47.0,500,10000,0,0,0.047619047619047616,1.0,0.0909090909090909,1.0,10500,0,10500,500,0.3448649933006521,11000,42
combined,mixup,odin,9,47.0,472,10000,0,28,0.04507257448433919,0.944,0.08603718556325192,1.0,10472,28,10500,500,0.02593987308026301,11000,42
combined,all,odin,9,48.0,974,10000,0,26,0.08875523965737198,0.974,0.16268581927509607,1.0,10974,26,11000,1000,0.2117522047243074,11000,42
combined,spatial,odin,9,48.0,500,10000,0,0,0.047619047619047616,1.0,0.0909090909090909,1.0,10500,0,10500,500,0.3448649933006521,11000,42
combined,mixup,odin,9,48.0,474,10000,0,26,0.04525491693717777,0.948,0.08638600328048114,1.0,10474,26,10500,500,0.02593987308026301,11000,42
combined,all,odin,9,49.0,975,10000,0,25,0.0888382687927107,0.975,0.162839248434238,1.0,10975,25,11000,1000,0.2117522047243074,11000,42
combined,spatial,odin,9,49.0,500,10000,0,0,0.047619047619047616,1.0,0.0909090909090909,1.0,10500,0,10500,500,0.3448649933006521,11000,42
combined,mixup,odin,9,49.0,475,10000,0,25,0.045346062052505964,0.95,0.08656036446469248,1.0,10475,25,10500,500,0.02593987308026301,11000,42
combined,all,odin,9,50.0,977,10000,0,23,0.0890042816798761,0.977,0.16314602989062368,1.0,10977,23,11000,1000,0.2117522047243074,11000,42
combined,spatial,odin,9,50.0,500,10000,0,0,0.047619047619047616,1.0,0.0909090909090909,1.0,10500,0,10500,500,0.3448649933006521,11000,42
combined,mixup,odin,9,50.0,477,10000,0,23,0.04552830008590245,0.954,0.08690899152773982,1.0,10477,23,10500,500,0.02593987308026301,11000,42
combined,all,odin,9,51.0,979,10000,0,21,0.08917023408324984,0.979,0.16345270890725438,1.0,10979,21,11000,1000,0.2117522047243074,11000,42
combined,spatial,odin,9,51.0,500,10000,0,0,0.047619047619047616,1.0,0.0909090909090909,1.0,10500,0,10500,500,0.3448649933006521,11000,42
combined,mixup,odin,9,51.0,479,10000,0,21,0.04571046855615994,0.958,0.08725749157482465,1.0,10479,21,10500,500,0.02593987308026301,11000,42
combined,all,odin,9,52.0,981,10000,0,19,0.08933612603588016,0.981,0.1637592855354311,1.0,10981,19,11000,1000,0.2117522047243074,11000,42
combined,spatial,odin,9,52.0,500,10000,0,0,0.047619047619047616,1.0,0.0909090909090909,1.0,10500,0,10500,500,0.3448649933006521,11000,42
combined,mixup,odin,9,52.0,481,10000,0,19,0.04589256750310085,0.962,0.08760586467534834,1.0,10481,19,10500,500,0.02593987308026301,11000,42
combined,all,odin,9,53.0,982,10000,0,18,0.08941904935348753,0.982,0.1639125354698715,1.0,10982,18,11000,1000,0.2117522047243074,11000,42
combined,spatial,odin,9,53.0,500,10000,0,0,0.047619047619047616,1.0,0.0909090909090909,1.0,10500,0,10500,500,0.3448649933006521,11000,42
combined,mixup,odin,9,53.0,482,10000,0,18,0.045983590917763786,0.964,0.08778000364232381,1.0,10482,18,10500,500,0.02593987308026301,11000,42
combined,all,odin,9,54.0,985,10000,0,15,0.08966772872098316,0.985,0.164372131831456,1.0,10985,15,11000,1000,0.2117522047243074,11000,42
combined,spatial,odin,9,54.0,500,10000,0,0,0.047619047619047616,1.0,0.0909090909090909,1.0,10500,0,10500,500,0.3448649933006521,11000,42
combined,mixup,odin,9,54.0,485,10000,0,15,0.04625655698617072,0.97,0.08830223031406463,1.0,10485,15,10500,500,0.02593987308026301,11000,42
combined,all,odin,9,55.0,986,10000,0,14,0.08975059166211542,0.986,0.1645252794927415,1.0,10986,14,11000,1000,0.2117522047243074,11000,42
combined,spatial,odin,9,55.0,500,10000,0,0,0.047619047619047616,1.0,0.0909090909090909,1.0,10500,0,10500,500,0.3448649933006521,11000,42
combined,mixup,odin,9,55.0,486,10000,0,14,0.046347510967003624,0.972,0.08847624249044236,1.0,10486,14,10500,500,0.02593987308026301,11000,42
combined,all,odin,9,56.0,988,10000,0,12,0.08991627229705133,0.988,0.1648314981648315,1.0,10988,12,11000,1000,0.2117522047243074,11000,42
combined,spatial,odin,9,56.0,500,10000,0,0,0.047619047619047616,1.0,0.0909090909090909,1.0,10500,0,10500,500,0.3448649933006521,11000,42
combined,mixup,odin,9,56.0,488,10000,0,12,0.04652936689549962,0.976,0.08882417182380781,1.0,10488,12,10500,500,0.02593987308026301,11000,42
combined,all,odin,9,57.0,989,10000,0,11,0.08999908999909,0.989,0.16498456918842272,1.0,10989,11,11000,1000,0.2117522047243074,11000,42
combined,spatial,odin,9,57.0,500,10000,0,0,0.047619047619047616,1.0,0.0909090909090909,1.0,10500,0,10500,500,0.3448649933006521,11000,42
combined,mixup,odin,9,57.0,489,10000,0,11,0.046620268853084186,0.978,0.08899808899808902,1.0,10489,11,10500,500,0.02593987308026301,11000,42
combined,all,odin,9,58.0,989,10000,0,11,0.08999908999909,0.989,0.16498456918842272,1.0,10989,11,11000,1000,0.2117522047243074,11000,42
combined,spatial,odin,9,58.0,500,10000,0,0,0.047619047619047616,1.0,0.0909090909090909,1.0,10500,0,10500,500,0.3448649933006521,11000,42
combined,mixup,odin,9,58.0,489,10000,0,11,0.046620268853084186,0.978,0.08899808899808902,1.0,10489,11,10500,500,0.02593987308026301,11000,42
combined,all,odin,9,59.0,989,10000,0,11,0.08999908999909,0.989,0.16498456918842272,1.0,10989,11,11000,1000,0.2117522047243074,11000,42
combined,spatial,odin,9,59.0,500,10000,0,0,0.047619047619047616,1.0,0.0909090909090909,1.0,10500,0,10500,500,0.3448649933006521,11000,42
combined,mixup,odin,9,59.0,489,10000,0,11,0.046620268853084186,0.978,0.08899808899808902,1.0,10489,11,10500,500,0.02593987308026301,11000,42
combined,all,odin,9,60.0,991,10000,0,9,0.0901646801928851,0.991,0.16529063464264865,1.0,10991,9,11000,1000,0.2117522047243074,11000,42
combined,spatial,odin,9,60.0,500,10000,0,0,0.047619047619047616,1.0,0.0909090909090909,1.0,10500,0,10500,500,0.3448649933006521,11000,42
combined,mixup,odin,9,60.0,491,10000,0,9,0.046802020779715944,0.982,0.08934582840505868,1.0,10491,9,10500,500,0.02593987308026301,11000,42
combined,all,odin,9,61.0,991,10000,0,9,0.0901646801928851,0.991,0.16529063464264865,1.0,10991,9,11000,1000,0.2117522047243074,11000,42
combined,spatial,odin,9,61.0,500,10000,0,0,0.047619047619047616,1.0,0.0909090909090909,1.0,10500,0,10500,500,0.3448649933006521,11000,42
combined,mixup,odin,9,61.0,491,10000,0,9,0.046802020779715944,0.982,0.08934582840505868,1.0,10491,9,10500,500,0.02593987308026301,11000,42
combined,all,odin,9,62.0,992,10000,0,8,0.09024745269286755,0.992,0.16544362908605736,1.0,10992,8,11000,1000,0.2117522047243074,11000,42
combined,spatial,odin,9,62.0,500,10000,0,0,0.047619047619047616,1.0,0.0909090909090909,1.0,10500,0,10500,500,0.3448649933006521,11000,42
combined,mixup,odin,9,62.0,492,10000,0,8,0.04689287075867327,0.984,0.08951965065502183,1.0,10492,8,10500,500,0.02593987308026301,11000,42
combined,all,odin,9,63.0,992,10000,0,8,0.09024745269286755,0.992,0.16544362908605736,1.0,10992,8,11000,1000,0.2117522047243074,11000,42
combined,spatial,odin,9,63.0,500,10000,0,0,0.047619047619047616,1.0,0.0909090909090909,1.0,10500,0,10500,500,0.3448649933006521,11000,42
combined,mixup,odin,9,63.0,492,10000,0,8,0.04689287075867327,0.984,0.08951965065502183,1.0,10492,8,10500,500,0.02593987308026301,11000,42
combined,all,odin,9,64.0,992,10000,0,8,0.09024745269286755,0.992,0.16544362908605736,1.0,10992,8,11000,1000,0.2117522047243074,11000,42
combined,spatial,odin,9,64.0,500,10000,0,0,0.047619047619047616,1.0,0.0909090909090909,1.0,10500,0,10500,500,0.3448649933006521,11000,42
combined,mixup,odin,9,64.0,492,10000,0,8,0.04689287075867327,0.984,0.08951965065502183,1.0,10492,8,10500,500,0.02593987308026301,11000,42
combined,all,odin,9,65.0,992,10000,0,8,0.09024745269286755,0.992,0.16544362908605736,1.0,10992,8,11000,1000,0.2117522047243074,11000,42
combined,spatial,odin,9,65.0,500,10000,0,0,0.047619047619047616,1.0,0.0909090909090909,1.0,10500,0,10500,500,0.3448649933006521,11000,42
combined,mixup,odin,9,65.0,492,10000,0,8,0.04689287075867327,0.984,0.08951965065502183,1.0,10492,8,10500,500,0.02593987308026301,11000,42
combined,all,odin,9,66.0,993,10000,0,7,0.09033021013372146,0.993,0.16559659801550905,1.0,10993,7,11000,1000,0.2117522047243074,11000,42
combined,spatial,odin,9,66.0,500,10000,0,0,0.047619047619047616,1.0,0.0909090909090909,1.0,10500,0,10500,500,0.3448649933006521,11000,42
combined,mixup,odin,9,66.0,493,10000,0,7,0.0469837034213285,0.986,0.08969344128081505,1.0,10493,7,10500,500,0.02593987308026301,11000,42
combined,all,odin,9,67.0,993,10000,0,7,0.09033021013372146,0.993,0.16559659801550905,1.0,10993,7,11000,1000,0.2117522047243074,11000,42
combined,spatial,odin,9,67.0,500,10000,0,0,0.047619047619047616,1.0,0.0909090909090909,1.0,10500,0,10500,500,0.3448649933006521,11000,42
combined,mixup,odin,9,67.0,493,10000,0,7,0.0469837034213285,0.986,0.08969344128081505,1.0,10493,7,10500,500,0.02593987308026301,11000,42
combined,all,odin,9,68.0,993,10000,0,7,0.09033021013372146,0.993,0.16559659801550905,1.0,10993,7,11000,1000,0.2117522047243074,11000,42
combined,spatial,odin,9,68.0,500,10000,0,0,0.047619047619047616,1.0,0.0909090909090909,1.0,10500,0,10500,500,0.3448649933006521,11000,42
combined,mixup,odin,9,68.0,493,10000,0,7,0.0469837034213285,0.986,0.08969344128081505,1.0,10493,7,10500,500,0.02593987308026301,11000,42
combined,all,odin,9,69.0,993,10000,0,7,0.09033021013372146,0.993,0.16559659801550905,1.0,10993,7,11000,1000,0.2117522047243074,11000,42
combined,spatial,odin,9,69.0,500,10000,0,0,0.047619047619047616,1.0,0.0909090909090909,1.0,10500,0,10500,500,0.3448649933006521,11000,42
combined,mixup,odin,9,69.0,493,10000,0,7,0.0469837034213285,0.986,0.08969344128081505,1.0,10493,7,10500,500,0.02593987308026301,11000,42
combined,all,odin,9,70.0,993,10000,0,7,0.09033021013372146,0.993,0.16559659801550905,1.0,10993,7,11000,1000,0.2117522047243074,11000,42
combined,spatial,odin,9,70.0,500,10000,0,0,0.047619047619047616,1.0,0.0909090909090909,1.0,10500,0,10500,500,0.3448649933006521,11000,42
combined,mixup,odin,9,70.0,493,10000,0,7,0.0469837034213285,0.986,0.08969344128081505,1.0,10493,7,10500,500,0.02593987308026301,11000,42
combined,all,odin,9,71.0,994,10000,0,6,0.09041295251955613,0.994,0.16574954143738538,1.0,10994,6,11000,1000,0.2117522047243074,11000,42
combined,spatial,odin,9,71.0,500,10000,0,0,0.047619047619047616,1.0,0.0909090909090909,1.0,10500,0,10500,500,0.3448649933006521,11000,42
combined,mixup,odin,9,71.0,494,10000,0,6,0.04707451877263198,0.988,0.08986720029106786,1.0,10494,6,10500,500,0.02593987308026301,11000,42
combined,all,odin,9,72.0,994,10000,0,6,0.09041295251955613,0.994,0.16574954143738538,1.0,10994,6,11000,1000,0.2117522047243074,11000,42
combined,spatial,odin,9,72.0,500,10000,0,0,0.047619047619047616,1.0,0.0909090909090909,1.0,10500,0,10500,500,0.3448649933006521,11000,42
combined,mixup,odin,9,72.0,494,10000,0,6,0.04707451877263198,0.988,0.08986720029106786,1.0,10494,6,10500,500,0.02593987308026301,11000,42
combined,all,odin,9,73.0,994,10000,0,6,0.09041295251955613,0.994,0.16574954143738538,1.0,10994,6,11000,1000,0.2117522047243074,11000,42
combined,spatial,odin,9,73.0,500,10000,0,0,0.047619047619047616,1.0,0.0909090909090909,1.0,10500,0,10500,500,0.3448649933006521,11000,42
combined,mixup,odin,9,73.0,494,10000,0,6,0.04707451877263198,0.988,0.08986720029106786,1.0,10494,6,10500,500,0.02593987308026301,11000,42
combined,all,odin,9,74.0,994,10000,0,6,0.09041295251955613,0.994,0.16574954143738538,1.0,10994,6,11000,1000,0.2117522047243074,11000,42
combined,spatial,odin,9,74.0,500,10000,0,0,0.047619047619047616,1.0,0.0909090909090909,1.0,10500,0,10500,500,0.3448649933006521,11000,42
combined,mixup,odin,9,74.0,494,10000,0,6,0.04707451877263198,0.988,0.08986720029106786,1.0,10494,6,10500,500,0.02593987308026301,11000,42
combined,all,odin,9,75.0,995,10000,0,5,0.0904956798544793,0.995,0.16590245935806586,1.0,10995,5,11000,1000,0.2117522047243074,11000,42
combined,spatial,odin,9,75.0,500,10000,0,0,0.047619047619047616,1.0,0.0909090909090909,1.0,10500,0,10500,500,0.3448649933006521,11000,42
combined,mixup,odin,9,75.0,495,10000,0,5,0.04716531681753216,0.99,0.09004092769440655,1.0,10495,5,10500,500,0.02593987308026301,11000,42
combined,all,odin,9,76.0,996,10000,0,4,0.0905783921425973,0.996,0.16605535178392797,1.0,10996,4,11000,1000,0.2117522047243074,11000,42
combined,spatial,odin,9,76.0,500,10000,0,0,0.047619047619047616,1.0,0.0909090909090909,1.0,10500,0,10500,500,0.3448649933006521,11000,42
combined,mixup,odin,9,76.0,496,10000,0,4,0.04725609756097561,0.992,0.09021462349945433,1.0,10496,4,10500,500,0.02593987308026301,11000,42
combined,all,odin,9,77.0,996,10000,0,4,0.0905783921425973,0.996,0.16605535178392797,1.0,10996,4,11000,1000,0.2117522047243074,11000,42
combined,spatial,odin,9,77.0,500,10000,0,0,0.047619047619047616,1.0,0.0909090909090909,1.0,10500,0,10500,500,0.3448649933006521,11000,42
combined,mixup,odin,9,77.0,496,10000,0,4,0.04725609756097561,0.992,0.09021462349945433,1.0,10496,4,10500,500,0.02593987308026301,11000,42
combined,all,odin,9,78.0,996,10000,0,4,0.0905783921425973,0.996,0.16605535178392797,1.0,10996,4,11000,1000,0.2117522047243074,11000,42
combined,spatial,odin,9,78.0,500,10000,0,0,0.047619047619047616,1.0,0.0909090909090909,1.0,10500,0,10500,500,0.3448649933006521,11000,42
combined,mixup,odin,9,78.0,496,10000,0,4,0.04725609756097561,0.992,0.09021462349945433,1.0,10496,4,10500,500,0.02593987308026301,11000,42
combined,all,odin,9,79.0,997,10000,0,3,0.09066108938801491,0.997,0.16620821872134697,1.0,10997,3,11000,1000,0.2117522047243074,11000,42
combined,spatial,odin,9,79.0,500,10000,0,0,0.047619047619047616,1.0,0.0909090909090909,1.0,10500,0,10500,500,0.3448649933006521,11000,42
combined,mixup,odin,9,79.0,497,10000,0,3,0.04734686100790702,0.994,0.0903882877148313,1.0,10497,3,10500,500,0.02593987308026301,11000,42
combined,all,odin,9,80.0,998,10000,0,2,0.09074377159483542,0.998,0.1663610601766961,1.0,10998,2,11000,1000,0.2117522047243074,11000,42
combined,spatial,odin,9,80.0,500,10000,0,0,0.047619047619047616,1.0,0.0909090909090909,1.0,10500,0,10500,500,0.3448649933006521,11000,42
combined,mixup,odin,9,80.0,498,10000,0,2,0.047437607163269196,0.996,0.0905619203491544,1.0,10498,2,10500,500,0.02593987308026301,11000,42
combined,all,odin,9,81.0,998,10000,0,2,0.09074377159483542,0.998,0.1663610601766961,1.0,10998,2,11000,1000,0.2117522047243074,11000,42
combined,spatial,odin,9,81.0,500,10000,0,0,0.047619047619047616,1.0,0.0909090909090909,1.0,10500,0,10500,500,0.3448649933006521,11000,42
combined,mixup,odin,9,81.0,498,10000,0,2,0.047437607163269196,0.996,0.0905619203491544,1.0,10498,2,10500,500,0.02593987308026301,11000,42
combined,all,odin,9,82.0,998,10000,0,2,0.09074377159483542,0.998,0.1663610601766961,1.0,10998,2,11000,1000,0.2117522047243074,11000,42
combined,spatial,odin,9,82.0,500,10000,0,0,0.047619047619047616,1.0,0.0909090909090909,1.0,10500,0,10500,500,0.3448649933006521,11000,42
combined,mixup,odin,9,82.0,498,10000,0,2,0.047437607163269196,0.996,0.0905619203491544,1.0,10498,2,10500,500,0.02593987308026301,11000,42
combined,all,odin,9,83.0,998,10000,0,2,0.09074377159483542,0.998,0.1663610601766961,1.0,10998,2,11000,1000,0.2117522047243074,11000,42
combined,spatial,odin,9,83.0,500,10000,0,0,0.047619047619047616,1.0,0.0909090909090909,1.0,10500,0,10500,500,0.3448649933006521,11000,42
combined,mixup,odin,9,83.0,498,10000,0,2,0.047437607163269196,0.996,0.0905619203491544,1.0,10498,2,10500,500,0.02593987308026301,11000,42
combined,all,odin,9,84.0,998,10000,0,2,0.09074377159483542,0.998,0.1663610601766961,1.0,10998,2,11000,1000,0.2117522047243074,11000,42
combined,spatial,odin,9,84.0,500,10000,0,0,0.047619047619047616,1.0,0.0909090909090909,1.0,10500,0,10500,500,0.3448649933006521,11000,42
combined,mixup,odin,9,84.0,498,10000,0,2,0.047437607163269196,0.996,0.0905619203491544,1.0,10498,2,10500,500,0.02593987308026301,11000,42
combined,all,odin,9,85.0,998,10000,0,2,0.09074377159483542,0.998,0.1663610601766961,1.0,10998,2,11000,1000,0.2117522047243074,11000,42
combined,spatial,odin,9,85.0,500,10000,0,0,0.047619047619047616,1.0,0.0909090909090909,1.0,10500,0,10500,500,0.3448649933006521,11000,42
combined,mixup,odin,9,85.0,498,10000,0,2,0.047437607163269196,0.996,0.0905619203491544,1.0,10498,2,10500,500,0.02593987308026301,11000,42
combined,all,odin,9,86.0,998,10000,0,2,0.09074377159483542,0.998,0.1663610601766961,1.0,10998,2,11000,1000,0.2117522047243074,11000,42
combined,spatial,odin,9,86.0,500,10000,0,0,0.047619047619047616,1.0,0.0909090909090909,1.0,10500,0,10500,500,0.3448649933006521,11000,42
combined,mixup,odin,9,86.0,498,10000,0,2,0.047437607163269196,0.996,0.0905619203491544,1.0,10498,2,10500,500,0.02593987308026301,11000,42
combined,all,odin,9,87.0,999,10000,0,1,0.09082643876716065,0.999,0.16651387615634636,1.0,10999,1,11000,1000,0.2117522047243074,11000,42
combined,spatial,odin,9,87.0,500,10000,0,0,0.047619047619047616,1.0,0.0909090909090909,1.0,10500,0,10500,500,0.3448649933006521,11000,42
combined,mixup,odin,9,87.0,499,10000,0,1,0.04752833603200305,0.998,0.09073552141103737,1.0,10499,1,10500,500,0.02593987308026301,11000,42
combined,all,odin,9,88.0,999,10000,0,1,0.09082643876716065,0.999,0.16651387615634636,1.0,10999,1,11000,1000,0.2117522047243074,11000,42
combined,spatial,odin,9,88.0,500,10000,0,0,0.047619047619047616,1.0,0.0909090909090909,1.0,10500,0,10500,500,0.3448649933006521,11000,42
combined,mixup,odin,9,88.0,499,10000,0,1,0.04752833603200305,0.998,0.09073552141103737,1.0,10499,1,10500,500,0.02593987308026301,11000,42
combined,all,odin,9,89.0,999,10000,0,1,0.09082643876716065,0.999,0.16651387615634636,1.0,10999,1,11000,1000,0.2117522047243074,11000,42
combined,spatial,odin,9,89.0,500,10000,0,0,0.047619047619047616,1.0,0.0909090909090909,1.0,10500,0,10500,500,0.3448649933006521,11000,42
combined,mixup,odin,9,89.0,499,10000,0,1,0.04752833603200305,0.998,0.09073552141103737,1.0,10499,1,10500,500,0.02593987308026301,11000,42
combined,all,odin,9,90.0,999,10000,0,1,0.09082643876716065,0.999,0.16651387615634636,1.0,10999,1,11000,1000,0.2117522047243074,11000,42
combined,spatial,odin,9,90.0,500,10000,0,0,0.047619047619047616,1.0,0.0909090909090909,1.0,10500,0,10500,500,0.3448649933006521,11000,42
combined,mixup,odin,9,90.0,499,10000,0,1,0.04752833603200305,0.998,0.09073552141103737,1.0,10499,1,10500,500,0.02593987308026301,11000,42
combined,all,odin,9,91.0,999,10000,0,1,0.09082643876716065,0.999,0.16651387615634636,1.0,10999,1,11000,1000,0.2117522047243074,11000,42
combined,spatial,odin,9,91.0,500,10000,0,0,0.047619047619047616,1.0,0.0909090909090909,1.0,10500,0,10500,500,0.3448649933006521,11000,42
combined,mixup,odin,9,91.0,499,10000,0,1,0.04752833603200305,0.998,0.09073552141103737,1.0,10499,1,10500,500,0.02593987308026301,11000,42
combined,all,odin,9,92.0,999,10000,0,1,0.09082643876716065,0.999,0.16651387615634636,1.0,10999,1,11000,1000,0.2117522047243074,11000,42
combined,spatial,odin,9,92.0,500,10000,0,0,0.047619047619047616,1.0,0.0909090909090909,1.0,10500,0,10500,500,0.3448649933006521,11000,42
combined,mixup,odin,9,92.0,499,10000,0,1,0.04752833603200305,0.998,0.09073552141103737,1.0,10499,1,10500,500,0.02593987308026301,11000,42
combined,all,odin,9,93.0,999,10000,0,1,0.09082643876716065,0.999,0.16651387615634636,1.0,10999,1,11000,1000,0.2117522047243074,11000,42
combined,spatial,odin,9,93.0,500,10000,0,0,0.047619047619047616,1.0,0.0909090909090909,1.0,10500,0,10500,500,0.3448649933006521,11000,42
combined,mixup,odin,9,93.0,499,10000,0,1,0.04752833603200305,0.998,0.09073552141103737,1.0,10499,1,10500,500,0.02593987308026301,11000,42
combined,all,odin,9,94.0,999,10000,0,1,0.09082643876716065,0.999,0.16651387615634636,1.0,10999,1,11000,1000,0.2117522047243074,11000,42
combined,spatial,odin,9,94.0,500,10000,0,0,0.047619047619047616,1.0,0.0909090909090909,1.0,10500,0,10500,500,0.3448649933006521,11000,42
combined,mixup,odin,9,94.0,499,10000,0,1,0.04752833603200305,0.998,0.09073552141103737,1.0,10499,1,10500,500,0.02593987308026301,11000,42
combined,all,odin,9,95.0,999,10000,0,1,0.09082643876716065,0.999,0.16651387615634636,1.0,10999,1,11000,1000,0.2117522047243074,11000,42
combined,spatial,odin,9,95.0,500,10000,0,0,0.047619047619047616,1.0,0.0909090909090909,1.0,10500,0,10500,500,0.3448649933006521,11000,42
combined,mixup,odin,9,95.0,499,10000,0,1,0.04752833603200305,0.998,0.09073552141103737,1.0,10499,1,10500,500,0.02593987308026301,11000,42
combined,all,odin,9,96.0,999,10000,0,1,0.09082643876716065,0.999,0.16651387615634636,1.0,10999,1,11000,1000,0.2117522047243074,11000,42
combined,spatial,odin,9,96.0,500,10000,0,0,0.047619047619047616,1.0,0.0909090909090909,1.0,10500,0,10500,500,0.3448649933006521,11000,42
combined,mixup,odin,9,96.0,499,10000,0,1,0.04752833603200305,0.998,0.09073552141103737,1.0,10499,1,10500,500,0.02593987308026301,11000,42
combined,all,odin,9,97.0,999,10000,0,1,0.09082643876716065,0.999,0.16651387615634636,1.0,10999,1,11000,1000,0.2117522047243074,11000,42
combined,spatial,odin,9,97.0,500,10000,0,0,0.047619047619047616,1.0,0.0909090909090909,1.0,10500,0,10500,500,0.3448649933006521,11000,42
combined,mixup,odin,9,97.0,499,10000,0,1,0.04752833603200305,0.998,0.09073552141103737,1.0,10499,1,10500,500,0.02593987308026301,11000,42
combined,all,odin,9,98.0,1000,10000,0,0,0.09090909090909091,1.0,0.16666666666666669,1.0,11000,0,11000,1000,0.2117522047243074,11000,42
combined,spatial,odin,9,98.0,500,10000,0,0,0.047619047619047616,1.0,0.0909090909090909,1.0,10500,0,10500,500,0.3448649933006521,11000,42
combined,mixup,odin,9,98.0,500,10000,0,0,0.047619047619047616,1.0,0.0909090909090909,1.0,10500,0,10500,500,0.02593987308026301,11000,42
