dataset_id,base_name,threshold,low,high,noise_type,noise_parameters,metric,k,accuracy,sample_count,seed
gray__none,gray,,,,none,без шума,euclidean,1,0.9523,10000,42
gray__none,gray,,,,none,без шума,euclidean,3,0.9530999999999998,10000,42
gray__none,gray,,,,none,без шума,euclidean,5,0.9512,10000,42
gray__none,gray,,,,none,без шума,euclidean,7,0.9487000000000001,10000,42
gray__none,gray,,,,none,без шума,euclidean,9,0.9455,10000,42
gray__none,gray,,,,none,без шума,squared_euclidean,1,0.9523,10000,42
gray__none,gray,,,,none,без шума,squared_euclidean,3,0.9530999999999998,10000,42
gray__none,gray,,,,none,без шума,squared_euclidean,5,0.9512,10000,42
gray__none,gray,,,,none,без шума,squared_euclidean,7,0.9487000000000001,10000,42
gray__none,gray,,,,none,без шума,squared_euclidean,9,0.9455,10000,42
gray__none,gray,,,,none,без шума,manhattan,1,0.943,10000,42
gray__none,gray,,,,none,без шума,manhattan,3,0.9427,10000,42
gray__none,gray,,,,none,без шума,manhattan,5,0.9417,10000,42
gray__none,gray,,,,none,без шума,manhattan,7,0.9387000000000001,10000,42
gray__none,gray,,,,none,без шума,manhattan,9,0.9375,10000,42
gray__none,gray,,,,none,без шума,weighted_euclidean,1,0.9526,10000,42
gray__none,gray,,,,none,без шума,weighted_euclidean,3,0.9552,10000,42
gray__none,gray,,,,none,без шума,weighted_euclidean,5,0.9516,10000,42
gray__none,gray,,,,none,без шума,weighted_euclidean,7,0.9484,10000,42
gray__none,gray,,,,none,без шума,weighted_euclidean,9,0.9472,10000,42
gray__none,gray,,,,none,без шума,chebyshev,1,0.7109000000000001,10000,42
gray__none,gray,,,,none,без шума,chebyshev,3,0.6725,10000,42
gray__none,gray,,,,none,без шума,chebyshev,5,0.6784,10000,42
gray__none,gray,,,,none,без шума,chebyshev,7,0.6768,10000,42
gray__none,gray,,,,none,без шума,chebyshev,9,0.6708,10000,42
gray__uniform,gray,,,,uniform,"равномерный шум: p=0.1, delta=0.75",euclidean,1,0.9469999999999998,10000,42
gray__uniform,gray,,,,uniform,"равномерный шум: p=0.1, delta=0.75",euclidean,3,0.9451,10000,42
gray__uniform,gray,,,,uniform,"равномерный шум: p=0.1, delta=0.75",euclidean,5,0.9481,10000,42
gray__uniform,gray,,,,uniform,"равномерный шум: p=0.1, delta=0.75",euclidean,7,0.9428,10000,42
gray__uniform,gray,,,,uniform,"равномерный шум: p=0.1, delta=0.75",euclidean,9,0.9404,10000,42
gray__uniform,gray,,,,uniform,"равномерный шум: p=0.1, delta=0.75",squared_euclidean,1,0.9469999999999998,10000,42
gray__uniform,gray,,,,uniform,"равномерный шум: p=0.1, delta=0.75",squared_euclidean,3,0.9451,10000,42
gray__uniform,gray,,,,uniform,"равномерный шум: p=0.1, delta=0.75",squared_euclidean,5,0.9481,10000,42
gray__uniform,gray,,,,uniform,"равномерный шум: p=0.1, delta=0.75",squared_euclidean,7,0.9428,10000,42
gray__uniform,gray,,,,uniform,"равномерный шум: p=0.1, delta=0.75",squared_euclidean,9,0.9404,10000,42
gray__uniform,gray,,,,uniform,"равномерный шум: p=0.1, delta=0.75",manhattan,1,0.9306,10000,42
gray__uniform,gray,,,,uniform,"равномерный шум: p=0.1, delta=0.75",manhattan,3,0.9327,10000,42
gray__uniform,gray,,,,uniform,"равномерный шум: p=0.1, delta=0.75",manhattan,5,0.9331,10000,42
gray__uniform,gray,,,,uniform,"равномерный шум: p=0.1, delta=0.75",manhattan,7,0.9290999999999999,10000,42
gray__uniform,gray,,,,uniform,"равномерный шум: p=0.1, delta=0.75",manhattan,9,0.9261,10000,42
gray__uniform,gray,,,,uniform,"равномерный шум: p=0.1, delta=0.75",weighted_euclidean,1,0.9492,10000,42
gray__uniform,gray,,,,uniform,"равномерный шум: p=0.1, delta=0.75",weighted_euclidean,3,0.9491,10000,42
gray__uniform,gray,,,,uniform,"равномерный шум: p=0.1, delta=0.75",weighted_euclidean,5,0.9488,10000,42
gray__uniform,gray,,,,uniform,"равномерный шум: p=0.1, delta=0.75",weighted_euclidean,7,0.9458,10000,42
gray__uniform,gray,,,,uniform,"равномерный шум: p=0.1, delta=0.75",weighted_euclidean,9,0.9432,10000,42
gray__uniform,gray,,,,uniform,"равномерный шум: p=0.1, delta=0.75",chebyshev,1,0.7174,10000,42
gray__uniform,gray,,,,uniform,"равномерный шум: p=0.1, delta=0.75",chebyshev,3,0.6775999999999999,10000,42
gray__uniform,gray,,,,uniform,"равномерный шум: p=0.1, delta=0.75",chebyshev,5,0.689,10000,42
gray__uniform,gray,,,,uniform,"равномерный шум: p=0.1, delta=0.75",chebyshev,7,0.6819,10000,42
gray__uniform,gray,,,,uniform,"равномерный шум: p=0.1, delta=0.75",chebyshev,9,0.6788,10000,42
gray__contour,gray,,,,contour,"контурный шум: p_min=0.0, p_max=0.9, gamma=0.5, delta=0.75",euclidean,1,0.9393,10000,42
gray__contour,gray,,,,contour,"контурный шум: p_min=0.0, p_max=0.9, gamma=0.5, delta=0.75",euclidean,3,0.9456,10000,42
gray__contour,gray,,,,contour,"контурный шум: p_min=0.0, p_max=0.9, gamma=0.5, delta=0.75",euclidean,5,0.944,10000,42
gray__contour,gray,,,,contour,"контурный шум: p_min=0.0, p_max=0.9, gamma=0.5, delta=0.75",euclidean,7,0.9423,10000,42
gray__contour,gray,,,,contour,"контурный шум: p_min=0.0, p_max=0.9, gamma=0.5, delta=0.75",euclidean,9,0.9383,10000,42
gray__contour,gray,,,,contour,"контурный шум: p_min=0.0, p_max=0.9, gamma=0.5, delta=0.75",squared_euclidean,1,0.9393,10000,42
gray__contour,gray,,,,contour,"контурный шум: p_min=0.0, p_max=0.9, gamma=0.5, delta=0.75",squared_euclidean,3,0.9456,10000,42
gray__contour,gray,,,,contour,"контурный шум: p_min=0.0, p_max=0.9, gamma=0.5, delta=0.75",squared_euclidean,5,0.944,10000,42
gray__contour,gray,,,,contour,"контурный шум: p_min=0.0, p_max=0.9, gamma=0.5, delta=0.75",squared_euclidean,7,0.9423,10000,42
gray__contour,gray,,,,contour,"контурный шум: p_min=0.0, p_max=0.9, gamma=0.5, delta=0.75",squared_euclidean,9,0.9383,10000,42
gray__contour,gray,,,,contour,"контурный шум: p_min=0.0, p_max=0.9, gamma=0.5, delta=0.75",manhattan,1,0.924,10000,42
gray__contour,gray,,,,contour,"контурный шум: p_min=0.0, p_max=0.9, gamma=0.5, delta=0.75",manhattan,3,0.9267,10000,42
gray__contour,gray,,,,contour,"контурный шум: p_min=0.0, p_max=0.9, gamma=0.5, delta=0.75",manhattan,5,0.9251,10000,42
gray__contour,gray,,,,contour,"контурный шум: p_min=0.0, p_max=0.9, gamma=0.5, delta=0.75",manhattan,7,0.922,10000,42
gray__contour,gray,,,,contour,"контурный шум: p_min=0.0, p_max=0.9, gamma=0.5, delta=0.75",manhattan,9,0.917,10000,42
gray__contour,gray,,,,contour,"контурный шум: p_min=0.0, p_max=0.9, gamma=0.5, delta=0.75",weighted_euclidean,1,0.9408,10000,42
gray__contour,gray,,,,contour,"контурный шум: p_min=0.0, p_max=0.9, gamma=0.5, delta=0.75",weighted_euclidean,3,0.9477,10000,42
gray__contour,gray,,,,contour,"контурный шум: p_min=0.0, p_max=0.9, gamma=0.5, delta=0.75",weighted_euclidean,5,0.9462,10000,42
gray__contour,gray,,,,contour,"контурный шум: p_min=0.0, p_max=0.9, gamma=0.5, delta=0.75",weighted_euclidean,7,0.9422,10000,42
gray__contour,gray,,,,contour,"контурный шум: p_min=0.0, p_max=0.9, gamma=0.5, delta=0.75",weighted_euclidean,9,0.94,10000,42
gray__contour,gray,,,,contour,"контурный шум: p_min=0.0, p_max=0.9, gamma=0.5, delta=0.75",chebyshev,1,0.867,10000,42
gray__contour,gray,,,,contour,"контурный шум: p_min=0.0, p_max=0.9, gamma=0.5, delta=0.75",chebyshev,3,0.8512,10000,42
gray__contour,gray,,,,contour,"контурный шум: p_min=0.0, p_max=0.9, gamma=0.5, delta=0.75",chebyshev,5,0.8482,10000,42
gray__contour,gray,,,,contour,"контурный шум: p_min=0.0, p_max=0.9, gamma=0.5, delta=0.75",chebyshev,7,0.8428999999999999,10000,42
gray__contour,gray,,,,contour,"контурный шум: p_min=0.0, p_max=0.9, gamma=0.5, delta=0.75",chebyshev,9,0.8375,10000,42
binary_t8_full_w1p0__none,binary_t8_full_w1p0,8,0.0,1.0,none,без шума,euclidean,1,0.9472,10000,42
binary_t8_full_w1p0__none,binary_t8_full_w1p0,8,0.0,1.0,none,без шума,euclidean,3,0.9494,10000,42
binary_t8_full_w1p0__none,binary_t8_full_w1p0,8,0.0,1.0,none,без шума,euclidean,5,0.9506,10000,42
binary_t8_full_w1p0__none,binary_t8_full_w1p0,8,0.0,1.0,none,без шума,euclidean,7,0.9469,10000,42
binary_t8_full_w1p0__none,binary_t8_full_w1p0,8,0.0,1.0,none,без шума,euclidean,9,0.944,10000,42
binary_t8_full_w1p0__none,binary_t8_full_w1p0,8,0.0,1.0,none,без шума,squared_euclidean,1,0.9472,10000,42
binary_t8_full_w1p0__none,binary_t8_full_w1p0,8,0.0,1.0,none,без шума,squared_euclidean,3,0.9494,10000,42
binary_t8_full_w1p0__none,binary_t8_full_w1p0,8,0.0,1.0,none,без шума,squared_euclidean,5,0.9506,10000,42
binary_t8_full_w1p0__none,binary_t8_full_w1p0,8,0.0,1.0,none,без шума,squared_euclidean,7,0.9469,10000,42
binary_t8_full_w1p0__none,binary_t8_full_w1p0,8,0.0,1.0,none,без шума,squared_euclidean,9,0.944,10000,42
binary_t8_full_w1p0__none,binary_t8_full_w1p0,8,0.0,1.0,none,без шума,manhattan,1,0.9472,10000,42
binary_t8_full_w1p0__none,binary_t8_full_w1p0,8,0.0,1.0,none,без шума,manhattan,3,0.9494,10000,42
binary_t8_full_w1p0__none,binary_t8_full_w1p0,8,0.0,1.0,none,без шума,manhattan,5,0.9506,10000,42
binary_t8_full_w1p0__none,binary_t8_full_w1p0,8,0.0,1.0,none,без шума,manhattan,7,0.9469,10000,42
binary_t8_full_w1p0__none,binary_t8_full_w1p0,8,0.0,1.0,none,без шума,manhattan,9,0.944,10000,42
binary_t8_full_w1p0__none,binary_t8_full_w1p0,8,0.0,1.0,none,без шума,weighted_euclidean,1,0.9504,10000,42
binary_t8_full_w1p0__none,binary_t8_full_w1p0,8,0.0,1.0,none,без шума,weighted_euclidean,3,0.9517,10000,42
binary_t8_full_w1p0__none,binary_t8_full_w1p0,8,0.0,1.0,none,без шума,weighted_euclidean,5,0.9514,10000,42
binary_t8_full_w1p0__none,binary_t8_full_w1p0,8,0.0,1.0,none,без шума,weighted_euclidean,7,0.9495,10000,42
binary_t8_full_w1p0__none,binary_t8_full_w1p0,8,0.0,1.0,none,без шума,weighted_euclidean,9,0.9467,10000,42
binary_t8_full_w1p0__none,binary_t8_full_w1p0,8,0.0,1.0,none,без шума,chebyshev,1,0.0996,10000,42
binary_t8_full_w1p0__none,binary_t8_full_w1p0,8,0.0,1.0,none,без шума,chebyshev,3,0.1002,10000,42
binary_t8_full_w1p0__none,binary_t8_full_w1p0,8,0.0,1.0,none,без шума,chebyshev,5,0.09969999999999998,10000,42
binary_t8_full_w1p0__none,binary_t8_full_w1p0,8,0.0,1.0,none,без шума,chebyshev,7,0.0999,10000,42
binary_t8_full_w1p0__none,binary_t8_full_w1p0,8,0.0,1.0,none,без шума,chebyshev,9,0.0996,10000,42
binary_t8_full_w1p0__uniform,binary_t8_full_w1p0,8,0.0,1.0,uniform,"равномерный шум: p=0.1, low <-> high",euclidean,1,0.8902,10000,42
binary_t8_full_w1p0__uniform,binary_t8_full_w1p0,8,0.0,1.0,uniform,"равномерный шум: p=0.1, low <-> high",euclidean,3,0.9026,10000,42
binary_t8_full_w1p0__uniform,binary_t8_full_w1p0,8,0.0,1.0,uniform,"равномерный шум: p=0.1, low <-> high",euclidean,5,0.9048,10000,42
binary_t8_full_w1p0__uniform,binary_t8_full_w1p0,8,0.0,1.0,uniform,"равномерный шум: p=0.1, low <-> high",euclidean,7,0.9079,10000,42
binary_t8_full_w1p0__uniform,binary_t8_full_w1p0,8,0.0,1.0,uniform,"равномерный шум: p=0.1, low <-> high",euclidean,9,0.909,10000,42
binary_t8_full_w1p0__uniform,binary_t8_full_w1p0,8,0.0,1.0,uniform,"равномерный шум: p=0.1, low <-> high",squared_euclidean,1,0.8902,10000,42
binary_t8_full_w1p0__uniform,binary_t8_full_w1p0,8,0.0,1.0,uniform,"равномерный шум: p=0.1, low <-> high",squared_euclidean,3,0.9026,10000,42
binary_t8_full_w1p0__uniform,binary_t8_full_w1p0,8,0.0,1.0,uniform,"равномерный шум: p=0.1, low <-> high",squared_euclidean,5,0.9048,10000,42
binary_t8_full_w1p0__uniform,binary_t8_full_w1p0,8,0.0,1.0,uniform,"равномерный шум: p=0.1, low <-> high",squared_euclidean,7,0.9079,10000,42
binary_t8_full_w1p0__uniform,binary_t8_full_w1p0,8,0.0,1.0,uniform,"равномерный шум: p=0.1, low <-> high",squared_euclidean,9,0.909,10000,42
binary_t8_full_w1p0__uniform,binary_t8_full_w1p0,8,0.0,1.0,uniform,"равномерный шум: p=0.1, low <-> high",manhattan,1,0.8902,10000,42
binary_t8_full_w1p0__uniform,binary_t8_full_w1p0,8,0.0,1.0,uniform,"равномерный шум: p=0.1, low <-> high",manhattan,3,0.9026,10000,42
binary_t8_full_w1p0__uniform,binary_t8_full_w1p0,8,0.0,1.0,uniform,"равномерный шум: p=0.1, low <-> high",manhattan,5,0.9048,10000,42
binary_t8_full_w1p0__uniform,binary_t8_full_w1p0,8,0.0,1.0,uniform,"равномерный шум: p=0.1, low <-> high",manhattan,7,0.9079,10000,42
binary_t8_full_w1p0__uniform,binary_t8_full_w1p0,8,0.0,1.0,uniform,"равномерный шум: p=0.1, low <-> high",manhattan,9,0.909,10000,42
binary_t8_full_w1p0__uniform,binary_t8_full_w1p0,8,0.0,1.0,uniform,"равномерный шум: p=0.1, low <-> high",weighted_euclidean,1,0.9053,10000,42
binary_t8_full_w1p0__uniform,binary_t8_full_w1p0,8,0.0,1.0,uniform,"равномерный шум: p=0.1, low <-> high",weighted_euclidean,3,0.9156,10000,42
binary_t8_full_w1p0__uniform,binary_t8_full_w1p0,8,0.0,1.0,uniform,"равномерный шум: p=0.1, low <-> high",weighted_euclidean,5,0.9164999999999999,10000,42
binary_t8_full_w1p0__uniform,binary_t8_full_w1p0,8,0.0,1.0,uniform,"равномерный шум: p=0.1, low <-> high",weighted_euclidean,7,0.9206,10000,42
binary_t8_full_w1p0__uniform,binary_t8_full_w1p0,8,0.0,1.0,uniform,"равномерный шум: p=0.1, low <-> high",weighted_euclidean,9,0.9186999999999999,10000,42
binary_t8_full_w1p0__uniform,binary_t8_full_w1p0,8,0.0,1.0,uniform,"равномерный шум: p=0.1, low <-> high",chebyshev,1,0.0996,10000,42
binary_t8_full_w1p0__uniform,binary_t8_full_w1p0,8,0.0,1.0,uniform,"равномерный шум: p=0.1, low <-> high",chebyshev,3,0.1,10000,42
binary_t8_full_w1p0__uniform,binary_t8_full_w1p0,8,0.0,1.0,uniform,"равномерный шум: p=0.1, low <-> high",chebyshev,5,0.0999,10000,42
binary_t8_full_w1p0__uniform,binary_t8_full_w1p0,8,0.0,1.0,uniform,"равномерный шум: p=0.1, low <-> high",chebyshev,7,0.0999,10000,42
binary_t8_full_w1p0__uniform,binary_t8_full_w1p0,8,0.0,1.0,uniform,"равномерный шум: p=0.1, low <-> high",chebyshev,9,0.0996,10000,42
binary_t8_full_w1p0__contour,binary_t8_full_w1p0,8,0.0,1.0,contour,"контурный шум: p_min=0.0, p_max=0.9, gamma=0.5, low <-> high",euclidean,1,0.8541,10000,42
binary_t8_full_w1p0__contour,binary_t8_full_w1p0,8,0.0,1.0,contour,"контурный шум: p_min=0.0, p_max=0.9, gamma=0.5, low <-> high",euclidean,3,0.8634,10000,42
binary_t8_full_w1p0__contour,binary_t8_full_w1p0,8,0.0,1.0,contour,"контурный шум: p_min=0.0, p_max=0.9, gamma=0.5, low <-> high",euclidean,5,0.8676,10000,42
binary_t8_full_w1p0__contour,binary_t8_full_w1p0,8,0.0,1.0,contour,"контурный шум: p_min=0.0, p_max=0.9, gamma=0.5, low <-> high",euclidean,7,0.8643,10000,42
binary_t8_full_w1p0__contour,binary_t8_full_w1p0,8,0.0,1.0,contour,"контурный шум: p_min=0.0, p_max=0.9, gamma=0.5, low <-> high",euclidean,9,0.8609,10000,42
binary_t8_full_w1p0__contour,binary_t8_full_w1p0,8,0.0,1.0,contour,"контурный шум: p_min=0.0, p_max=0.9, gamma=0.5, low <-> high",squared_euclidean,1,0.8541,10000,42
binary_t8_full_w1p0__contour,binary_t8_full_w1p0,8,0.0,1.0,contour,"контурный шум: p_min=0.0, p_max=0.9, gamma=0.5, low <-> high",squared_euclidean,3,0.8634,10000,42
binary_t8_full_w1p0__contour,binary_t8_full_w1p0,8,0.0,1.0,contour,"контурный шум: p_min=0.0, p_max=0.9, gamma=0.5, low <-> high",squared_euclidean,5,0.8676,10000,42
binary_t8_full_w1p0__contour,binary_t8_full_w1p0,8,0.0,1.0,contour,"контурный шум: p_min=0.0, p_max=0.9, gamma=0.5, low <-> high",squared_euclidean,7,0.8643,10000,42
binary_t8_full_w1p0__contour,binary_t8_full_w1p0,8,0.0,1.0,contour,"контурный шум: p_min=0.0, p_max=0.9, gamma=0.5, low <-> high",squared_euclidean,9,0.8609,10000,42
binary_t8_full_w1p0__contour,binary_t8_full_w1p0,8,0.0,1.0,contour,"контурный шум: p_min=0.0, p_max=0.9, gamma=0.5, low <-> high",manhattan,1,0.8541,10000,42
binary_t8_full_w1p0__contour,binary_t8_full_w1p0,8,0.0,1.0,contour,"контурный шум: p_min=0.0, p_max=0.9, gamma=0.5, low <-> high",manhattan,3,0.8634,10000,42
binary_t8_full_w1p0__contour,binary_t8_full_w1p0,8,0.0,1.0,contour,"контурный шум: p_min=0.0, p_max=0.9, gamma=0.5, low <-> high",manhattan,5,0.8676,10000,42
binary_t8_full_w1p0__contour,binary_t8_full_w1p0,8,0.0,1.0,contour,"контурный шум: p_min=0.0, p_max=0.9, gamma=0.5, low <-> high",manhattan,7,0.8643,10000,42
binary_t8_full_w1p0__contour,binary_t8_full_w1p0,8,0.0,1.0,contour,"контурный шум: p_min=0.0, p_max=0.9, gamma=0.5, low <-> high",manhattan,9,0.8609,10000,42
binary_t8_full_w1p0__contour,binary_t8_full_w1p0,8,0.0,1.0,contour,"контурный шум: p_min=0.0, p_max=0.9, gamma=0.5, low <-> high",weighted_euclidean,1,0.8583,10000,42
binary_t8_full_w1p0__contour,binary_t8_full_w1p0,8,0.0,1.0,contour,"контурный шум: p_min=0.0, p_max=0.9, gamma=0.5, low <-> high",weighted_euclidean,3,0.866,10000,42
binary_t8_full_w1p0__contour,binary_t8_full_w1p0,8,0.0,1.0,contour,"контурный шум: p_min=0.0, p_max=0.9, gamma=0.5, low <-> high",weighted_euclidean,5,0.8708,10000,42
binary_t8_full_w1p0__contour,binary_t8_full_w1p0,8,0.0,1.0,contour,"контурный шум: p_min=0.0, p_max=0.9, gamma=0.5, low <-> high",weighted_euclidean,7,0.8694,10000,42
binary_t8_full_w1p0__contour,binary_t8_full_w1p0,8,0.0,1.0,contour,"контурный шум: p_min=0.0, p_max=0.9, gamma=0.5, low <-> high",weighted_euclidean,9,0.8674,10000,42
binary_t8_full_w1p0__contour,binary_t8_full_w1p0,8,0.0,1.0,contour,"контурный шум: p_min=0.0, p_max=0.9, gamma=0.5, low <-> high",chebyshev,1,0.0996,10000,42
binary_t8_full_w1p0__contour,binary_t8_full_w1p0,8,0.0,1.0,contour,"контурный шум: p_min=0.0, p_max=0.9, gamma=0.5, low <-> high",chebyshev,3,0.1,10000,42
binary_t8_full_w1p0__contour,binary_t8_full_w1p0,8,0.0,1.0,contour,"контурный шум: p_min=0.0, p_max=0.9, gamma=0.5, low <-> high",chebyshev,5,0.0999,10000,42
binary_t8_full_w1p0__contour,binary_t8_full_w1p0,8,0.0,1.0,contour,"контурный шум: p_min=0.0, p_max=0.9, gamma=0.5, low <-> high",chebyshev,7,0.0999,10000,42
binary_t8_full_w1p0__contour,binary_t8_full_w1p0,8,0.0,1.0,contour,"контурный шум: p_min=0.0, p_max=0.9, gamma=0.5, low <-> high",chebyshev,9,0.0996,10000,42
binary_t8_lower_w0p05__none,binary_t8_lower_w0p05,8,0.0,0.05,none,без шума,euclidean,1,0.9473,10000,42
binary_t8_lower_w0p05__none,binary_t8_lower_w0p05,8,0.0,0.05,none,без шума,euclidean,3,0.9495999999999999,10000,42
binary_t8_lower_w0p05__none,binary_t8_lower_w0p05,8,0.0,0.05,none,без шума,euclidean,5,0.951,10000,42
binary_t8_lower_w0p05__none,binary_t8_lower_w0p05,8,0.0,0.05,none,без шума,euclidean,7,0.9471,10000,42
binary_t8_lower_w0p05__none,binary_t8_lower_w0p05,8,0.0,0.05,none,без шума,euclidean,9,0.944,10000,42
binary_t8_lower_w0p05__none,binary_t8_lower_w0p05,8,0.0,0.05,none,без шума,squared_euclidean,1,0.9473,10000,42
binary_t8_lower_w0p05__none,binary_t8_lower_w0p05,8,0.0,0.05,none,без шума,squared_euclidean,3,0.9495999999999999,10000,42
binary_t8_lower_w0p05__none,binary_t8_lower_w0p05,8,0.0,0.05,none,без шума,squared_euclidean,5,0.951,10000,42
binary_t8_lower_w0p05__none,binary_t8_lower_w0p05,8,0.0,0.05,none,без шума,squared_euclidean,7,0.9471,10000,42
binary_t8_lower_w0p05__none,binary_t8_lower_w0p05,8,0.0,0.05,none,без шума,squared_euclidean,9,0.944,10000,42
binary_t8_lower_w0p05__none,binary_t8_lower_w0p05,8,0.0,0.05,none,без шума,manhattan,1,0.9472,10000,42
binary_t8_lower_w0p05__none,binary_t8_lower_w0p05,8,0.0,0.05,none,без шума,manhattan,3,0.9494,10000,42
binary_t8_lower_w0p05__none,binary_t8_lower_w0p05,8,0.0,0.05,none,без шума,manhattan,5,0.9506,10000,42
binary_t8_lower_w0p05__none,binary_t8_lower_w0p05,8,0.0,0.05,none,без шума,manhattan,7,0.9469,10000,42
binary_t8_lower_w0p05__none,binary_t8_lower_w0p05,8,0.0,0.05,none,без шума,manhattan,9,0.944,10000,42
binary_t8_lower_w0p05__none,binary_t8_lower_w0p05,8,0.0,0.05,none,без шума,weighted_euclidean,1,0.9504,10000,42
binary_t8_lower_w0p05__none,binary_t8_lower_w0p05,8,0.0,0.05,none,без шума,weighted_euclidean,3,0.9517,10000,42
binary_t8_lower_w0p05__none,binary_t8_lower_w0p05,8,0.0,0.05,none,без шума,weighted_euclidean,5,0.9514,10000,42
binary_t8_lower_w0p05__none,binary_t8_lower_w0p05,8,0.0,0.05,none,без шума,weighted_euclidean,7,0.9495,10000,42
binary_t8_lower_w0p05__none,binary_t8_lower_w0p05,8,0.0,0.05,none,без шума,weighted_euclidean,9,0.9467,10000,42
binary_t8_lower_w0p05__none,binary_t8_lower_w0p05,8,0.0,0.05,none,без шума,chebyshev,1,0.0996,10000,42
binary_t8_lower_w0p05__none,binary_t8_lower_w0p05,8,0.0,0.05,none,без шума,chebyshev,3,0.1002,10000,42
binary_t8_lower_w0p05__none,binary_t8_lower_w0p05,8,0.0,0.05,none,без шума,chebyshev,5,0.09969999999999998,10000,42
binary_t8_lower_w0p05__none,binary_t8_lower_w0p05,8,0.0,0.05,none,без шума,chebyshev,7,0.0999,10000,42
binary_t8_lower_w0p05__none,binary_t8_lower_w0p05,8,0.0,0.05,none,без шума,chebyshev,9,0.0996,10000,42
binary_t8_lower_w0p05__uniform,binary_t8_lower_w0p05,8,0.0,0.05,uniform,"равномерный шум: p=0.1, low <-> high",euclidean,1,0.8888000000000001,10000,42
binary_t8_lower_w0p05__uniform,binary_t8_lower_w0p05,8,0.0,0.05,uniform,"равномерный шум: p=0.1, low <-> high",euclidean,3,0.9024,10000,42
binary_t8_lower_w0p05__uniform,binary_t8_lower_w0p05,8,0.0,0.05,uniform,"равномерный шум: p=0.1, low <-> high",euclidean,5,0.9059,10000,42
binary_t8_lower_w0p05__uniform,binary_t8_lower_w0p05,8,0.0,0.05,uniform,"равномерный шум: p=0.1, low <-> high",euclidean,7,0.9072,10000,42
binary_t8_lower_w0p05__uniform,binary_t8_lower_w0p05,8,0.0,0.05,uniform,"равномерный шум: p=0.1, low <-> high",euclidean,9,0.9081,10000,42
binary_t8_lower_w0p05__uniform,binary_t8_lower_w0p05,8,0.0,0.05,uniform,"равномерный шум: p=0.1, low <-> high",squared_euclidean,1,0.8888000000000001,10000,42
binary_t8_lower_w0p05__uniform,binary_t8_lower_w0p05,8,0.0,0.05,uniform,"равномерный шум: p=0.1, low <-> high",squared_euclidean,3,0.9024,10000,42
binary_t8_lower_w0p05__uniform,binary_t8_lower_w0p05,8,0.0,0.05,uniform,"равномерный шум: p=0.1, low <-> high",squared_euclidean,5,0.9059,10000,42
binary_t8_lower_w0p05__uniform,binary_t8_lower_w0p05,8,0.0,0.05,uniform,"равномерный шум: p=0.1, low <-> high",squared_euclidean,7,0.9072,10000,42
binary_t8_lower_w0p05__uniform,binary_t8_lower_w0p05,8,0.0,0.05,uniform,"равномерный шум: p=0.1, low <-> high",squared_euclidean,9,0.9081,10000,42
binary_t8_lower_w0p05__uniform,binary_t8_lower_w0p05,8,0.0,0.05,uniform,"равномерный шум: p=0.1, low <-> high",manhattan,1,0.8902,10000,42
binary_t8_lower_w0p05__uniform,binary_t8_lower_w0p05,8,0.0,0.05,uniform,"равномерный шум: p=0.1, low <-> high",manhattan,3,0.9026,10000,42
binary_t8_lower_w0p05__uniform,binary_t8_lower_w0p05,8,0.0,0.05,uniform,"равномерный шум: p=0.1, low <-> high",manhattan,5,0.9048,10000,42
binary_t8_lower_w0p05__uniform,binary_t8_lower_w0p05,8,0.0,0.05,uniform,"равномерный шум: p=0.1, low <-> high",manhattan,7,0.9079,10000,42
binary_t8_lower_w0p05__uniform,binary_t8_lower_w0p05,8,0.0,0.05,uniform,"равномерный шум: p=0.1, low <-> high",manhattan,9,0.909,10000,42
binary_t8_lower_w0p05__uniform,binary_t8_lower_w0p05,8,0.0,0.05,uniform,"равномерный шум: p=0.1, low <-> high",weighted_euclidean,1,0.9053,10000,42
binary_t8_lower_w0p05__uniform,binary_t8_lower_w0p05,8,0.0,0.05,uniform,"равномерный шум: p=0.1, low <-> high",weighted_euclidean,3,0.9156,10000,42
binary_t8_lower_w0p05__uniform,binary_t8_lower_w0p05,8,0.0,0.05,uniform,"равномерный шум: p=0.1, low <-> high",weighted_euclidean,5,0.9164999999999999,10000,42
binary_t8_lower_w0p05__uniform,binary_t8_lower_w0p05,8,0.0,0.05,uniform,"равномерный шум: p=0.1, low <-> high",weighted_euclidean,7,0.9206,10000,42
binary_t8_lower_w0p05__uniform,binary_t8_lower_w0p05,8,0.0,0.05,uniform,"равномерный шум: p=0.1, low <-> high",weighted_euclidean,9,0.9186999999999999,10000,42
binary_t8_lower_w0p05__uniform,binary_t8_lower_w0p05,8,0.0,0.05,uniform,"равномерный шум: p=0.1, low <-> high",chebyshev,1,0.0996,10000,42
binary_t8_lower_w0p05__uniform,binary_t8_lower_w0p05,8,0.0,0.05,uniform,"равномерный шум: p=0.1, low <-> high",chebyshev,3,0.1,10000,42
binary_t8_lower_w0p05__uniform,binary_t8_lower_w0p05,8,0.0,0.05,uniform,"равномерный шум: p=0.1, low <-> high",chebyshev,5,0.0999,10000,42
binary_t8_lower_w0p05__uniform,binary_t8_lower_w0p05,8,0.0,0.05,uniform,"равномерный шум: p=0.1, low <-> high",chebyshev,7,0.0999,10000,42
binary_t8_lower_w0p05__uniform,binary_t8_lower_w0p05,8,0.0,0.05,uniform,"равномерный шум: p=0.1, low <-> high",chebyshev,9,0.0996,10000,42
binary_t8_lower_w0p05__contour,binary_t8_lower_w0p05,8,0.0,0.05,contour,"контурный шум: p_min=0.0, p_max=0.9, gamma=0.5, low <-> high",euclidean,1,0.8543999999999999,10000,42
binary_t8_lower_w0p05__contour,binary_t8_lower_w0p05,8,0.0,0.05,contour,"контурный шум: p_min=0.0, p_max=0.9, gamma=0.5, low <-> high",euclidean,3,0.8639,10000,42
binary_t8_lower_w0p05__contour,binary_t8_lower_w0p05,8,0.0,0.05,contour,"контурный шум: p_min=0.0, p_max=0.9, gamma=0.5, low <-> high",euclidean,5,0.8679000000000001,10000,42
binary_t8_lower_w0p05__contour,binary_t8_lower_w0p05,8,0.0,0.05,contour,"контурный шум: p_min=0.0, p_max=0.9, gamma=0.5, low <-> high",euclidean,7,0.8639,10000,42
binary_t8_lower_w0p05__contour,binary_t8_lower_w0p05,8,0.0,0.05,contour,"контурный шум: p_min=0.0, p_max=0.9, gamma=0.5, low <-> high",euclidean,9,0.8602,10000,42
binary_t8_lower_w0p05__contour,binary_t8_lower_w0p05,8,0.0,0.05,contour,"контурный шум: p_min=0.0, p_max=0.9, gamma=0.5, low <-> high",squared_euclidean,1,0.8543999999999999,10000,42
binary_t8_lower_w0p05__contour,binary_t8_lower_w0p05,8,0.0,0.05,contour,"контурный шум: p_min=0.0, p_max=0.9, gamma=0.5, low <-> high",squared_euclidean,3,0.8639,10000,42
binary_t8_lower_w0p05__contour,binary_t8_lower_w0p05,8,0.0,0.05,contour,"контурный шум: p_min=0.0, p_max=0.9, gamma=0.5, low <-> high",squared_euclidean,5,0.8679000000000001,10000,42
binary_t8_lower_w0p05__contour,binary_t8_lower_w0p05,8,0.0,0.05,contour,"контурный шум: p_min=0.0, p_max=0.9, gamma=0.5, low <-> high",squared_euclidean,7,0.8639,10000,42
binary_t8_lower_w0p05__contour,binary_t8_lower_w0p05,8,0.0,0.05,contour,"контурный шум: p_min=0.0, p_max=0.9, gamma=0.5, low <-> high",squared_euclidean,9,0.8602,10000,42
binary_t8_lower_w0p05__contour,binary_t8_lower_w0p05,8,0.0,0.05,contour,"контурный шум: p_min=0.0, p_max=0.9, gamma=0.5, low <-> high",manhattan,1,0.8541,10000,42
binary_t8_lower_w0p05__contour,binary_t8_lower_w0p05,8,0.0,0.05,contour,"контурный шум: p_min=0.0, p_max=0.9, gamma=0.5, low <-> high",manhattan,3,0.8634,10000,42
binary_t8_lower_w0p05__contour,binary_t8_lower_w0p05,8,0.0,0.05,contour,"контурный шум: p_min=0.0, p_max=0.9, gamma=0.5, low <-> high",manhattan,5,0.8676,10000,42
binary_t8_lower_w0p05__contour,binary_t8_lower_w0p05,8,0.0,0.05,contour,"контурный шум: p_min=0.0, p_max=0.9, gamma=0.5, low <-> high",manhattan,7,0.8643,10000,42
binary_t8_lower_w0p05__contour,binary_t8_lower_w0p05,8,0.0,0.05,contour,"контурный шум: p_min=0.0, p_max=0.9, gamma=0.5, low <-> high",manhattan,9,0.8609,10000,42
binary_t8_lower_w0p05__contour,binary_t8_lower_w0p05,8,0.0,0.05,contour,"контурный шум: p_min=0.0, p_max=0.9, gamma=0.5, low <-> high",weighted_euclidean,1,0.8583,10000,42
binary_t8_lower_w0p05__contour,binary_t8_lower_w0p05,8,0.0,0.05,contour,"контурный шум: p_min=0.0, p_max=0.9, gamma=0.5, low <-> high",weighted_euclidean,3,0.866,10000,42
binary_t8_lower_w0p05__contour,binary_t8_lower_w0p05,8,0.0,0.05,contour,"контурный шум: p_min=0.0, p_max=0.9, gamma=0.5, low <-> high",weighted_euclidean,5,0.8708,10000,42
binary_t8_lower_w0p05__contour,binary_t8_lower_w0p05,8,0.0,0.05,contour,"контурный шум: p_min=0.0, p_max=0.9, gamma=0.5, low <-> high",weighted_euclidean,7,0.8694,10000,42
binary_t8_lower_w0p05__contour,binary_t8_lower_w0p05,8,0.0,0.05,contour,"контурный шум: p_min=0.0, p_max=0.9, gamma=0.5, low <-> high",weighted_euclidean,9,0.8674,10000,42
binary_t8_lower_w0p05__contour,binary_t8_lower_w0p05,8,0.0,0.05,contour,"контурный шум: p_min=0.0, p_max=0.9, gamma=0.5, low <-> high",chebyshev,1,0.0996,10000,42
binary_t8_lower_w0p05__contour,binary_t8_lower_w0p05,8,0.0,0.05,contour,"контурный шум: p_min=0.0, p_max=0.9, gamma=0.5, low <-> high",chebyshev,3,0.1,10000,42
binary_t8_lower_w0p05__contour,binary_t8_lower_w0p05,8,0.0,0.05,contour,"контурный шум: p_min=0.0, p_max=0.9, gamma=0.5, low <-> high",chebyshev,5,0.0999,10000,42
binary_t8_lower_w0p05__contour,binary_t8_lower_w0p05,8,0.0,0.05,contour,"контурный шум: p_min=0.0, p_max=0.9, gamma=0.5, low <-> high",chebyshev,7,0.0999,10000,42
binary_t8_lower_w0p05__contour,binary_t8_lower_w0p05,8,0.0,0.05,contour,"контурный шум: p_min=0.0, p_max=0.9, gamma=0.5, low <-> high",chebyshev,9,0.0996,10000,42
binary_t8_lower_w0p1__none,binary_t8_lower_w0p1,8,0.0,0.1,none,без шума,euclidean,1,0.9473,10000,42
binary_t8_lower_w0p1__none,binary_t8_lower_w0p1,8,0.0,0.1,none,без шума,euclidean,3,0.9495999999999999,10000,42
binary_t8_lower_w0p1__none,binary_t8_lower_w0p1,8,0.0,0.1,none,без шума,euclidean,5,0.951,10000,42
binary_t8_lower_w0p1__none,binary_t8_lower_w0p1,8,0.0,0.1,none,без шума,euclidean,7,0.9471,10000,42
binary_t8_lower_w0p1__none,binary_t8_lower_w0p1,8,0.0,0.1,none,без шума,euclidean,9,0.944,10000,42
binary_t8_lower_w0p1__none,binary_t8_lower_w0p1,8,0.0,0.1,none,без шума,squared_euclidean,1,0.9473,10000,42
binary_t8_lower_w0p1__none,binary_t8_lower_w0p1,8,0.0,0.1,none,без шума,squared_euclidean,3,0.9495999999999999,10000,42
binary_t8_lower_w0p1__none,binary_t8_lower_w0p1,8,0.0,0.1,none,без шума,squared_euclidean,5,0.951,10000,42
binary_t8_lower_w0p1__none,binary_t8_lower_w0p1,8,0.0,0.1,none,без шума,squared_euclidean,7,0.9471,10000,42
binary_t8_lower_w0p1__none,binary_t8_lower_w0p1,8,0.0,0.1,none,без шума,squared_euclidean,9,0.944,10000,42
binary_t8_lower_w0p1__none,binary_t8_lower_w0p1,8,0.0,0.1,none,без шума,manhattan,1,0.9472,10000,42
binary_t8_lower_w0p1__none,binary_t8_lower_w0p1,8,0.0,0.1,none,без шума,manhattan,3,0.9494,10000,42
binary_t8_lower_w0p1__none,binary_t8_lower_w0p1,8,0.0,0.1,none,без шума,manhattan,5,0.9506,10000,42
binary_t8_lower_w0p1__none,binary_t8_lower_w0p1,8,0.0,0.1,none,без шума,manhattan,7,0.9469,10000,42
binary_t8_lower_w0p1__none,binary_t8_lower_w0p1,8,0.0,0.1,none,без шума,manhattan,9,0.944,10000,42
binary_t8_lower_w0p1__none,binary_t8_lower_w0p1,8,0.0,0.1,none,без шума,weighted_euclidean,1,0.9504,10000,42
binary_t8_lower_w0p1__none,binary_t8_lower_w0p1,8,0.0,0.1,none,без шума,weighted_euclidean,3,0.9517,10000,42
binary_t8_lower_w0p1__none,binary_t8_lower_w0p1,8,0.0,0.1,none,без шума,weighted_euclidean,5,0.9514,10000,42
binary_t8_lower_w0p1__none,binary_t8_lower_w0p1,8,0.0,0.1,none,без шума,weighted_euclidean,7,0.9495,10000,42
binary_t8_lower_w0p1__none,binary_t8_lower_w0p1,8,0.0,0.1,none,без шума,weighted_euclidean,9,0.9467,10000,42
binary_t8_lower_w0p1__none,binary_t8_lower_w0p1,8,0.0,0.1,none,без шума,chebyshev,1,0.0996,10000,42
binary_t8_lower_w0p1__none,binary_t8_lower_w0p1,8,0.0,0.1,none,без шума,chebyshev,3,0.1002,10000,42
binary_t8_lower_w0p1__none,binary_t8_lower_w0p1,8,0.0,0.1,none,без шума,chebyshev,5,0.09969999999999998,10000,42
binary_t8_lower_w0p1__none,binary_t8_lower_w0p1,8,0.0,0.1,none,без шума,chebyshev,7,0.0999,10000,42
binary_t8_lower_w0p1__none,binary_t8_lower_w0p1,8,0.0,0.1,none,без шума,chebyshev,9,0.0996,10000,42
binary_t8_lower_w0p1__uniform,binary_t8_lower_w0p1,8,0.0,0.1,uniform,"равномерный шум: p=0.1, low <-> high",euclidean,1,0.8888000000000001,10000,42
binary_t8_lower_w0p1__uniform,binary_t8_lower_w0p1,8,0.0,0.1,uniform,"равномерный шум: p=0.1, low <-> high",euclidean,3,0.9024,10000,42
binary_t8_lower_w0p1__uniform,binary_t8_lower_w0p1,8,0.0,0.1,uniform,"равномерный шум: p=0.1, low <-> high",euclidean,5,0.9059,10000,42
binary_t8_lower_w0p1__uniform,binary_t8_lower_w0p1,8,0.0,0.1,uniform,"равномерный шум: p=0.1, low <-> high",euclidean,7,0.9072,10000,42
binary_t8_lower_w0p1__uniform,binary_t8_lower_w0p1,8,0.0,0.1,uniform,"равномерный шум: p=0.1, low <-> high",euclidean,9,0.9081,10000,42
binary_t8_lower_w0p1__uniform,binary_t8_lower_w0p1,8,0.0,0.1,uniform,"равномерный шум: p=0.1, low <-> high",squared_euclidean,1,0.8888000000000001,10000,42
binary_t8_lower_w0p1__uniform,binary_t8_lower_w0p1,8,0.0,0.1,uniform,"равномерный шум: p=0.1, low <-> high",squared_euclidean,3,0.9024,10000,42
binary_t8_lower_w0p1__uniform,binary_t8_lower_w0p1,8,0.0,0.1,uniform,"равномерный шум: p=0.1, low <-> high",squared_euclidean,5,0.9059,10000,42
binary_t8_lower_w0p1__uniform,binary_t8_lower_w0p1,8,0.0,0.1,uniform,"равномерный шум: p=0.1, low <-> high",squared_euclidean,7,0.9072,10000,42
binary_t8_lower_w0p1__uniform,binary_t8_lower_w0p1,8,0.0,0.1,uniform,"равномерный шум: p=0.1, low <-> high",squared_euclidean,9,0.9081,10000,42
binary_t8_lower_w0p1__uniform,binary_t8_lower_w0p1,8,0.0,0.1,uniform,"равномерный шум: p=0.1, low <-> high",manhattan,1,0.8902,10000,42
binary_t8_lower_w0p1__uniform,binary_t8_lower_w0p1,8,0.0,0.1,uniform,"равномерный шум: p=0.1, low <-> high",manhattan,3,0.9026,10000,42
binary_t8_lower_w0p1__uniform,binary_t8_lower_w0p1,8,0.0,0.1,uniform,"равномерный шум: p=0.1, low <-> high",manhattan,5,0.9048,10000,42
binary_t8_lower_w0p1__uniform,binary_t8_lower_w0p1,8,0.0,0.1,uniform,"равномерный шум: p=0.1, low <-> high",manhattan,7,0.9079,10000,42
binary_t8_lower_w0p1__uniform,binary_t8_lower_w0p1,8,0.0,0.1,uniform,"равномерный шум: p=0.1, low <-> high",manhattan,9,0.909,10000,42
binary_t8_lower_w0p1__uniform,binary_t8_lower_w0p1,8,0.0,0.1,uniform,"равномерный шум: p=0.1, low <-> high",weighted_euclidean,1,0.9053,10000,42
binary_t8_lower_w0p1__uniform,binary_t8_lower_w0p1,8,0.0,0.1,uniform,"равномерный шум: p=0.1, low <-> high",weighted_euclidean,3,0.9156,10000,42
binary_t8_lower_w0p1__uniform,binary_t8_lower_w0p1,8,0.0,0.1,uniform,"равномерный шум: p=0.1, low <-> high",weighted_euclidean,5,0.9164999999999999,10000,42
binary_t8_lower_w0p1__uniform,binary_t8_lower_w0p1,8,0.0,0.1,uniform,"равномерный шум: p=0.1, low <-> high",weighted_euclidean,7,0.9206,10000,42
binary_t8_lower_w0p1__uniform,binary_t8_lower_w0p1,8,0.0,0.1,uniform,"равномерный шум: p=0.1, low <-> high",weighted_euclidean,9,0.9186999999999999,10000,42
binary_t8_lower_w0p1__uniform,binary_t8_lower_w0p1,8,0.0,0.1,uniform,"равномерный шум: p=0.1, low <-> high",chebyshev,1,0.0996,10000,42
binary_t8_lower_w0p1__uniform,binary_t8_lower_w0p1,8,0.0,0.1,uniform,"равномерный шум: p=0.1, low <-> high",chebyshev,3,0.1,10000,42
binary_t8_lower_w0p1__uniform,binary_t8_lower_w0p1,8,0.0,0.1,uniform,"равномерный шум: p=0.1, low <-> high",chebyshev,5,0.0999,10000,42
binary_t8_lower_w0p1__uniform,binary_t8_lower_w0p1,8,0.0,0.1,uniform,"равномерный шум: p=0.1, low <-> high",chebyshev,7,0.0999,10000,42
binary_t8_lower_w0p1__uniform,binary_t8_lower_w0p1,8,0.0,0.1,uniform,"равномерный шум: p=0.1, low <-> high",chebyshev,9,0.0996,10000,42
binary_t8_lower_w0p1__contour,binary_t8_lower_w0p1,8,0.0,0.1,contour,"контурный шум: p_min=0.0, p_max=0.9, gamma=0.5, low <-> high",euclidean,1,0.8543999999999999,10000,42
binary_t8_lower_w0p1__contour,binary_t8_lower_w0p1,8,0.0,0.1,contour,"контурный шум: p_min=0.0, p_max=0.9, gamma=0.5, low <-> high",euclidean,3,0.8639,10000,42
binary_t8_lower_w0p1__contour,binary_t8_lower_w0p1,8,0.0,0.1,contour,"контурный шум: p_min=0.0, p_max=0.9, gamma=0.5, low <-> high",euclidean,5,0.8679000000000001,10000,42
binary_t8_lower_w0p1__contour,binary_t8_lower_w0p1,8,0.0,0.1,contour,"контурный шум: p_min=0.0, p_max=0.9, gamma=0.5, low <-> high",euclidean,7,0.8639,10000,42
binary_t8_lower_w0p1__contour,binary_t8_lower_w0p1,8,0.0,0.1,contour,"контурный шум: p_min=0.0, p_max=0.9, gamma=0.5, low <-> high",euclidean,9,0.8602,10000,42
binary_t8_lower_w0p1__contour,binary_t8_lower_w0p1,8,0.0,0.1,contour,"контурный шум: p_min=0.0, p_max=0.9, gamma=0.5, low <-> high",squared_euclidean,1,0.8543999999999999,10000,42
binary_t8_lower_w0p1__contour,binary_t8_lower_w0p1,8,0.0,0.1,contour,"контурный шум: p_min=0.0, p_max=0.9, gamma=0.5, low <-> high",squared_euclidean,3,0.8639,10000,42
binary_t8_lower_w0p1__contour,binary_t8_lower_w0p1,8,0.0,0.1,contour,"контурный шум: p_min=0.0, p_max=0.9, gamma=0.5, low <-> high",squared_euclidean,5,0.8679000000000001,10000,42
binary_t8_lower_w0p1__contour,binary_t8_lower_w0p1,8,0.0,0.1,contour,"контурный шум: p_min=0.0, p_max=0.9, gamma=0.5, low <-> high",squared_euclidean,7,0.8639,10000,42
binary_t8_lower_w0p1__contour,binary_t8_lower_w0p1,8,0.0,0.1,contour,"контурный шум: p_min=0.0, p_max=0.9, gamma=0.5, low <-> high",squared_euclidean,9,0.8602,10000,42
binary_t8_lower_w0p1__contour,binary_t8_lower_w0p1,8,0.0,0.1,contour,"контурный шум: p_min=0.0, p_max=0.9, gamma=0.5, low <-> high",manhattan,1,0.8541,10000,42
binary_t8_lower_w0p1__contour,binary_t8_lower_w0p1,8,0.0,0.1,contour,"контурный шум: p_min=0.0, p_max=0.9, gamma=0.5, low <-> high",manhattan,3,0.8634,10000,42
binary_t8_lower_w0p1__contour,binary_t8_lower_w0p1,8,0.0,0.1,contour,"контурный шум: p_min=0.0, p_max=0.9, gamma=0.5, low <-> high",manhattan,5,0.8676,10000,42
binary_t8_lower_w0p1__contour,binary_t8_lower_w0p1,8,0.0,0.1,contour,"контурный шум: p_min=0.0, p_max=0.9, gamma=0.5, low <-> high",manhattan,7,0.8643,10000,42
binary_t8_lower_w0p1__contour,binary_t8_lower_w0p1,8,0.0,0.1,contour,"контурный шум: p_min=0.0, p_max=0.9, gamma=0.5, low <-> high",manhattan,9,0.8609,10000,42
binary_t8_lower_w0p1__contour,binary_t8_lower_w0p1,8,0.0,0.1,contour,"контурный шум: p_min=0.0, p_max=0.9, gamma=0.5, low <-> high",weighted_euclidean,1,0.8583,10000,42
binary_t8_lower_w0p1__contour,binary_t8_lower_w0p1,8,0.0,0.1,contour,"контурный шум: p_min=0.0, p_max=0.9, gamma=0.5, low <-> high",weighted_euclidean,3,0.866,10000,42
binary_t8_lower_w0p1__contour,binary_t8_lower_w0p1,8,0.0,0.1,contour,"контурный шум: p_min=0.0, p_max=0.9, gamma=0.5, low <-> high",weighted_euclidean,5,0.8708,10000,42
binary_t8_lower_w0p1__contour,binary_t8_lower_w0p1,8,0.0,0.1,contour,"контурный шум: p_min=0.0, p_max=0.9, gamma=0.5, low <-> high",weighted_euclidean,7,0.8694,10000,42
binary_t8_lower_w0p1__contour,binary_t8_lower_w0p1,8,0.0,0.1,contour,"контурный шум: p_min=0.0, p_max=0.9, gamma=0.5, low <-> high",weighted_euclidean,9,0.8674,10000,42
binary_t8_lower_w0p1__contour,binary_t8_lower_w0p1,8,0.0,0.1,contour,"контурный шум: p_min=0.0, p_max=0.9, gamma=0.5, low <-> high",chebyshev,1,0.0996,10000,42
binary_t8_lower_w0p1__contour,binary_t8_lower_w0p1,8,0.0,0.1,contour,"контурный шум: p_min=0.0, p_max=0.9, gamma=0.5, low <-> high",chebyshev,3,0.1,10000,42
binary_t8_lower_w0p1__contour,binary_t8_lower_w0p1,8,0.0,0.1,contour,"контурный шум: p_min=0.0, p_max=0.9, gamma=0.5, low <-> high",chebyshev,5,0.0999,10000,42
binary_t8_lower_w0p1__contour,binary_t8_lower_w0p1,8,0.0,0.1,contour,"контурный шум: p_min=0.0, p_max=0.9, gamma=0.5, low <-> high",chebyshev,7,0.0999,10000,42
binary_t8_lower_w0p1__contour,binary_t8_lower_w0p1,8,0.0,0.1,contour,"контурный шум: p_min=0.0, p_max=0.9, gamma=0.5, low <-> high",chebyshev,9,0.0996,10000,42
binary_t8_lower_w0p2__none,binary_t8_lower_w0p2,8,0.0,0.2,none,без шума,euclidean,1,0.9473,10000,42
binary_t8_lower_w0p2__none,binary_t8_lower_w0p2,8,0.0,0.2,none,без шума,euclidean,3,0.9495999999999999,10000,42
binary_t8_lower_w0p2__none,binary_t8_lower_w0p2,8,0.0,0.2,none,без шума,euclidean,5,0.951,10000,42
binary_t8_lower_w0p2__none,binary_t8_lower_w0p2,8,0.0,0.2,none,без шума,euclidean,7,0.9471,10000,42
binary_t8_lower_w0p2__none,binary_t8_lower_w0p2,8,0.0,0.2,none,без шума,euclidean,9,0.944,10000,42
binary_t8_lower_w0p2__none,binary_t8_lower_w0p2,8,0.0,0.2,none,без шума,squared_euclidean,1,0.9473,10000,42
binary_t8_lower_w0p2__none,binary_t8_lower_w0p2,8,0.0,0.2,none,без шума,squared_euclidean,3,0.9495999999999999,10000,42
binary_t8_lower_w0p2__none,binary_t8_lower_w0p2,8,0.0,0.2,none,без шума,squared_euclidean,5,0.951,10000,42
binary_t8_lower_w0p2__none,binary_t8_lower_w0p2,8,0.0,0.2,none,без шума,squared_euclidean,7,0.9471,10000,42
binary_t8_lower_w0p2__none,binary_t8_lower_w0p2,8,0.0,0.2,none,без шума,squared_euclidean,9,0.944,10000,42
binary_t8_lower_w0p2__none,binary_t8_lower_w0p2,8,0.0,0.2,none,без шума,manhattan,1,0.9472,10000,42
binary_t8_lower_w0p2__none,binary_t8_lower_w0p2,8,0.0,0.2,none,без шума,manhattan,3,0.9494,10000,42
binary_t8_lower_w0p2__none,binary_t8_lower_w0p2,8,0.0,0.2,none,без шума,manhattan,5,0.9506,10000,42
binary_t8_lower_w0p2__none,binary_t8_lower_w0p2,8,0.0,0.2,none,без шума,manhattan,7,0.9469,10000,42
binary_t8_lower_w0p2__none,binary_t8_lower_w0p2,8,0.0,0.2,none,без шума,manhattan,9,0.944,10000,42
binary_t8_lower_w0p2__none,binary_t8_lower_w0p2,8,0.0,0.2,none,без шума,weighted_euclidean,1,0.9504,10000,42
binary_t8_lower_w0p2__none,binary_t8_lower_w0p2,8,0.0,0.2,none,без шума,weighted_euclidean,3,0.9517,10000,42
binary_t8_lower_w0p2__none,binary_t8_lower_w0p2,8,0.0,0.2,none,без шума,weighted_euclidean,5,0.9514,10000,42
binary_t8_lower_w0p2__none,binary_t8_lower_w0p2,8,0.0,0.2,none,без шума,weighted_euclidean,7,0.9495,10000,42
binary_t8_lower_w0p2__none,binary_t8_lower_w0p2,8,0.0,0.2,none,без шума,weighted_euclidean,9,0.9467,10000,42
binary_t8_lower_w0p2__none,binary_t8_lower_w0p2,8,0.0,0.2,none,без шума,chebyshev,1,0.0996,10000,42
binary_t8_lower_w0p2__none,binary_t8_lower_w0p2,8,0.0,0.2,none,без шума,chebyshev,3,0.1002,10000,42
binary_t8_lower_w0p2__none,binary_t8_lower_w0p2,8,0.0,0.2,none,без шума,chebyshev,5,0.09969999999999998,10000,42
binary_t8_lower_w0p2__none,binary_t8_lower_w0p2,8,0.0,0.2,none,без шума,chebyshev,7,0.0999,10000,42
binary_t8_lower_w0p2__none,binary_t8_lower_w0p2,8,0.0,0.2,none,без шума,chebyshev,9,0.0996,10000,42
binary_t8_lower_w0p2__uniform,binary_t8_lower_w0p2,8,0.0,0.2,uniform,"равномерный шум: p=0.1, low <-> high",euclidean,1,0.8888000000000001,10000,42
binary_t8_lower_w0p2__uniform,binary_t8_lower_w0p2,8,0.0,0.2,uniform,"равномерный шум: p=0.1, low <-> high",euclidean,3,0.9024,10000,42
binary_t8_lower_w0p2__uniform,binary_t8_lower_w0p2,8,0.0,0.2,uniform,"равномерный шум: p=0.1, low <-> high",euclidean,5,0.9059,10000,42
binary_t8_lower_w0p2__uniform,binary_t8_lower_w0p2,8,0.0,0.2,uniform,"равномерный шум: p=0.1, low <-> high",euclidean,7,0.9072,10000,42
binary_t8_lower_w0p2__uniform,binary_t8_lower_w0p2,8,0.0,0.2,uniform,"равномерный шум: p=0.1, low <-> high",euclidean,9,0.9081,10000,42
binary_t8_lower_w0p2__uniform,binary_t8_lower_w0p2,8,0.0,0.2,uniform,"равномерный шум: p=0.1, low <-> high",squared_euclidean,1,0.8888000000000001,10000,42
binary_t8_lower_w0p2__uniform,binary_t8_lower_w0p2,8,0.0,0.2,uniform,"равномерный шум: p=0.1, low <-> high",squared_euclidean,3,0.9024,10000,42
binary_t8_lower_w0p2__uniform,binary_t8_lower_w0p2,8,0.0,0.2,uniform,"равномерный шум: p=0.1, low <-> high",squared_euclidean,5,0.9059,10000,42
binary_t8_lower_w0p2__uniform,binary_t8_lower_w0p2,8,0.0,0.2,uniform,"равномерный шум: p=0.1, low <-> high",squared_euclidean,7,0.9072,10000,42
binary_t8_lower_w0p2__uniform,binary_t8_lower_w0p2,8,0.0,0.2,uniform,"равномерный шум: p=0.1, low <-> high",squared_euclidean,9,0.9081,10000,42
binary_t8_lower_w0p2__uniform,binary_t8_lower_w0p2,8,0.0,0.2,uniform,"равномерный шум: p=0.1, low <-> high",manhattan,1,0.8902,10000,42
binary_t8_lower_w0p2__uniform,binary_t8_lower_w0p2,8,0.0,0.2,uniform,"равномерный шум: p=0.1, low <-> high",manhattan,3,0.9026,10000,42
binary_t8_lower_w0p2__uniform,binary_t8_lower_w0p2,8,0.0,0.2,uniform,"равномерный шум: p=0.1, low <-> high",manhattan,5,0.9048,10000,42
binary_t8_lower_w0p2__uniform,binary_t8_lower_w0p2,8,0.0,0.2,uniform,"равномерный шум: p=0.1, low <-> high",manhattan,7,0.9079,10000,42
binary_t8_lower_w0p2__uniform,binary_t8_lower_w0p2,8,0.0,0.2,uniform,"равномерный шум: p=0.1, low <-> high",manhattan,9,0.909,10000,42
binary_t8_lower_w0p2__uniform,binary_t8_lower_w0p2,8,0.0,0.2,uniform,"равномерный шум: p=0.1, low <-> high",weighted_euclidean,1,0.9053,10000,42
binary_t8_lower_w0p2__uniform,binary_t8_lower_w0p2,8,0.0,0.2,uniform,"равномерный шум: p=0.1, low <-> high",weighted_euclidean,3,0.9156,10000,42
binary_t8_lower_w0p2__uniform,binary_t8_lower_w0p2,8,0.0,0.2,uniform,"равномерный шум: p=0.1, low <-> high",weighted_euclidean,5,0.9164999999999999,10000,42
binary_t8_lower_w0p2__uniform,binary_t8_lower_w0p2,8,0.0,0.2,uniform,"равномерный шум: p=0.1, low <-> high",weighted_euclidean,7,0.9206,10000,42
binary_t8_lower_w0p2__uniform,binary_t8_lower_w0p2,8,0.0,0.2,uniform,"равномерный шум: p=0.1, low <-> high",weighted_euclidean,9,0.9186999999999999,10000,42
binary_t8_lower_w0p2__uniform,binary_t8_lower_w0p2,8,0.0,0.2,uniform,"равномерный шум: p=0.1, low <-> high",chebyshev,1,0.0996,10000,42
binary_t8_lower_w0p2__uniform,binary_t8_lower_w0p2,8,0.0,0.2,uniform,"равномерный шум: p=0.1, low <-> high",chebyshev,3,0.1,10000,42
binary_t8_lower_w0p2__uniform,binary_t8_lower_w0p2,8,0.0,0.2,uniform,"равномерный шум: p=0.1, low <-> high",chebyshev,5,0.0999,10000,42
binary_t8_lower_w0p2__uniform,binary_t8_lower_w0p2,8,0.0,0.2,uniform,"равномерный шум: p=0.1, low <-> high",chebyshev,7,0.0999,10000,42
binary_t8_lower_w0p2__uniform,binary_t8_lower_w0p2,8,0.0,0.2,uniform,"равномерный шум: p=0.1, low <-> high",chebyshev,9,0.0996,10000,42
binary_t8_lower_w0p2__contour,binary_t8_lower_w0p2,8,0.0,0.2,contour,"контурный шум: p_min=0.0, p_max=0.9, gamma=0.5, low <-> high",euclidean,1,0.8543999999999999,10000,42
binary_t8_lower_w0p2__contour,binary_t8_lower_w0p2,8,0.0,0.2,contour,"контурный шум: p_min=0.0, p_max=0.9, gamma=0.5, low <-> high",euclidean,3,0.8639,10000,42
binary_t8_lower_w0p2__contour,binary_t8_lower_w0p2,8,0.0,0.2,contour,"контурный шум: p_min=0.0, p_max=0.9, gamma=0.5, low <-> high",euclidean,5,0.8679000000000001,10000,42
binary_t8_lower_w0p2__contour,binary_t8_lower_w0p2,8,0.0,0.2,contour,"контурный шум: p_min=0.0, p_max=0.9, gamma=0.5, low <-> high",euclidean,7,0.8639,10000,42
binary_t8_lower_w0p2__contour,binary_t8_lower_w0p2,8,0.0,0.2,contour,"контурный шум: p_min=0.0, p_max=0.9, gamma=0.5, low <-> high",euclidean,9,0.8602,10000,42
binary_t8_lower_w0p2__contour,binary_t8_lower_w0p2,8,0.0,0.2,contour,"контурный шум: p_min=0.0, p_max=0.9, gamma=0.5, low <-> high",squared_euclidean,1,0.8543999999999999,10000,42
binary_t8_lower_w0p2__contour,binary_t8_lower_w0p2,8,0.0,0.2,contour,"контурный шум: p_min=0.0, p_max=0.9, gamma=0.5, low <-> high",squared_euclidean,3,0.8639,10000,42
binary_t8_lower_w0p2__contour,binary_t8_lower_w0p2,8,0.0,0.2,contour,"контурный шум: p_min=0.0, p_max=0.9, gamma=0.5, low <-> high",squared_euclidean,5,0.8679000000000001,10000,42
binary_t8_lower_w0p2__contour,binary_t8_lower_w0p2,8,0.0,0.2,contour,"контурный шум: p_min=0.0, p_max=0.9, gamma=0.5, low <-> high",squared_euclidean,7,0.8639,10000,42
binary_t8_lower_w0p2__contour,binary_t8_lower_w0p2,8,0.0,0.2,contour,"контурный шум: p_min=0.0, p_max=0.9, gamma=0.5, low <-> high",squared_euclidean,9,0.8602,10000,42
binary_t8_lower_w0p2__contour,binary_t8_lower_w0p2,8,0.0,0.2,contour,"контурный шум: p_min=0.0, p_max=0.9, gamma=0.5, low <-> high",manhattan,1,0.8541,10000,42
binary_t8_lower_w0p2__contour,binary_t8_lower_w0p2,8,0.0,0.2,contour,"контурный шум: p_min=0.0, p_max=0.9, gamma=0.5, low <-> high",manhattan,3,0.8634,10000,42
binary_t8_lower_w0p2__contour,binary_t8_lower_w0p2,8,0.0,0.2,contour,"контурный шум: p_min=0.0, p_max=0.9, gamma=0.5, low <-> high",manhattan,5,0.8676,10000,42
binary_t8_lower_w0p2__contour,binary_t8_lower_w0p2,8,0.0,0.2,contour,"контурный шум: p_min=0.0, p_max=0.9, gamma=0.5, low <-> high",manhattan,7,0.8643,10000,42
binary_t8_lower_w0p2__contour,binary_t8_lower_w0p2,8,0.0,0.2,contour,"контурный шум: p_min=0.0, p_max=0.9, gamma=0.5, low <-> high",manhattan,9,0.8609,10000,42
binary_t8_lower_w0p2__contour,binary_t8_lower_w0p2,8,0.0,0.2,contour,"контурный шум: p_min=0.0, p_max=0.9, gamma=0.5, low <-> high",weighted_euclidean,1,0.8583,10000,42
binary_t8_lower_w0p2__contour,binary_t8_lower_w0p2,8,0.0,0.2,contour,"контурный шум: p_min=0.0, p_max=0.9, gamma=0.5, low <-> high",weighted_euclidean,3,0.866,10000,42
binary_t8_lower_w0p2__contour,binary_t8_lower_w0p2,8,0.0,0.2,contour,"контурный шум: p_min=0.0, p_max=0.9, gamma=0.5, low <-> high",weighted_euclidean,5,0.8708,10000,42
binary_t8_lower_w0p2__contour,binary_t8_lower_w0p2,8,0.0,0.2,contour,"контурный шум: p_min=0.0, p_max=0.9, gamma=0.5, low <-> high",weighted_euclidean,7,0.8694,10000,42
binary_t8_lower_w0p2__contour,binary_t8_lower_w0p2,8,0.0,0.2,contour,"контурный шум: p_min=0.0, p_max=0.9, gamma=0.5, low <-> high",weighted_euclidean,9,0.8674,10000,42
binary_t8_lower_w0p2__contour,binary_t8_lower_w0p2,8,0.0,0.2,contour,"контурный шум: p_min=0.0, p_max=0.9, gamma=0.5, low <-> high",chebyshev,1,0.0996,10000,42
binary_t8_lower_w0p2__contour,binary_t8_lower_w0p2,8,0.0,0.2,contour,"контурный шум: p_min=0.0, p_max=0.9, gamma=0.5, low <-> high",chebyshev,3,0.1,10000,42
binary_t8_lower_w0p2__contour,binary_t8_lower_w0p2,8,0.0,0.2,contour,"контурный шум: p_min=0.0, p_max=0.9, gamma=0.5, low <-> high",chebyshev,5,0.0999,10000,42
binary_t8_lower_w0p2__contour,binary_t8_lower_w0p2,8,0.0,0.2,contour,"контурный шум: p_min=0.0, p_max=0.9, gamma=0.5, low <-> high",chebyshev,7,0.0999,10000,42
binary_t8_lower_w0p2__contour,binary_t8_lower_w0p2,8,0.0,0.2,contour,"контурный шум: p_min=0.0, p_max=0.9, gamma=0.5, low <-> high",chebyshev,9,0.0996,10000,42
binary_t8_middle_w0p05__none,binary_t8_middle_w0p05,8,0.475,0.525,none,без шума,euclidean,1,0.9482,10000,42
binary_t8_middle_w0p05__none,binary_t8_middle_w0p05,8,0.475,0.525,none,без шума,euclidean,3,0.949,10000,42
binary_t8_middle_w0p05__none,binary_t8_middle_w0p05,8,0.475,0.525,none,без шума,euclidean,5,0.9503,10000,42
binary_t8_middle_w0p05__none,binary_t8_middle_w0p05,8,0.475,0.525,none,без шума,euclidean,7,0.9469999999999998,10000,42
binary_t8_middle_w0p05__none,binary_t8_middle_w0p05,8,0.475,0.525,none,без шума,euclidean,9,0.9439,10000,42
binary_t8_middle_w0p05__none,binary_t8_middle_w0p05,8,0.475,0.525,none,без шума,squared_euclidean,1,0.9482,10000,42
binary_t8_middle_w0p05__none,binary_t8_middle_w0p05,8,0.475,0.525,none,без шума,squared_euclidean,3,0.949,10000,42
binary_t8_middle_w0p05__none,binary_t8_middle_w0p05,8,0.475,0.525,none,без шума,squared_euclidean,5,0.9503,10000,42
binary_t8_middle_w0p05__none,binary_t8_middle_w0p05,8,0.475,0.525,none,без шума,squared_euclidean,7,0.9469999999999998,10000,42
binary_t8_middle_w0p05__none,binary_t8_middle_w0p05,8,0.475,0.525,none,без шума,squared_euclidean,9,0.9439,10000,42
binary_t8_middle_w0p05__none,binary_t8_middle_w0p05,8,0.475,0.525,none,без шума,manhattan,1,0.9472,10000,42
binary_t8_middle_w0p05__none,binary_t8_middle_w0p05,8,0.475,0.525,none,без шума,manhattan,3,0.9494,10000,42
binary_t8_middle_w0p05__none,binary_t8_middle_w0p05,8,0.475,0.525,none,без шума,manhattan,5,0.9506,10000,42
binary_t8_middle_w0p05__none,binary_t8_middle_w0p05,8,0.475,0.525,none,без шума,manhattan,7,0.9469,10000,42
binary_t8_middle_w0p05__none,binary_t8_middle_w0p05,8,0.475,0.525,none,без шума,manhattan,9,0.944,10000,42
binary_t8_middle_w0p05__none,binary_t8_middle_w0p05,8,0.475,0.525,none,без шума,weighted_euclidean,1,0.9504,10000,42
binary_t8_middle_w0p05__none,binary_t8_middle_w0p05,8,0.475,0.525,none,без шума,weighted_euclidean,3,0.9517,10000,42
binary_t8_middle_w0p05__none,binary_t8_middle_w0p05,8,0.475,0.525,none,без шума,weighted_euclidean,5,0.9514,10000,42
binary_t8_middle_w0p05__none,binary_t8_middle_w0p05,8,0.475,0.525,none,без шума,weighted_euclidean,7,0.9495,10000,42
binary_t8_middle_w0p05__none,binary_t8_middle_w0p05,8,0.475,0.525,none,без шума,weighted_euclidean,9,0.9467,10000,42
binary_t8_middle_w0p05__none,binary_t8_middle_w0p05,8,0.475,0.525,none,без шума,chebyshev,1,0.0996,10000,42
binary_t8_middle_w0p05__none,binary_t8_middle_w0p05,8,0.475,0.525,none,без шума,chebyshev,3,0.1002,10000,42
binary_t8_middle_w0p05__none,binary_t8_middle_w0p05,8,0.475,0.525,none,без шума,chebyshev,5,0.09969999999999998,10000,42
binary_t8_middle_w0p05__none,binary_t8_middle_w0p05,8,0.475,0.525,none,без шума,chebyshev,7,0.0999,10000,42
binary_t8_middle_w0p05__none,binary_t8_middle_w0p05,8,0.475,0.525,none,без шума,chebyshev,9,0.0996,10000,42
binary_t8_middle_w0p05__uniform,binary_t8_middle_w0p05,8,0.475,0.525,uniform,"равномерный шум: p=0.1, low <-> high",euclidean,1,0.8902,10000,42
binary_t8_middle_w0p05__uniform,binary_t8_middle_w0p05,8,0.475,0.525,uniform,"равномерный шум: p=0.1, low <-> high",euclidean,3,0.902,10000,42
binary_t8_middle_w0p05__uniform,binary_t8_middle_w0p05,8,0.475,0.525,uniform,"равномерный шум: p=0.1, low <-> high",euclidean,5,0.9062,10000,42
binary_t8_middle_w0p05__uniform,binary_t8_middle_w0p05,8,0.475,0.525,uniform,"равномерный шум: p=0.1, low <-> high",euclidean,7,0.9088,10000,42
binary_t8_middle_w0p05__uniform,binary_t8_middle_w0p05,8,0.475,0.525,uniform,"равномерный шум: p=0.1, low <-> high",euclidean,9,0.9081,10000,42
binary_t8_middle_w0p05__uniform,binary_t8_middle_w0p05,8,0.475,0.525,uniform,"равномерный шум: p=0.1, low <-> high",squared_euclidean,1,0.8902,10000,42
binary_t8_middle_w0p05__uniform,binary_t8_middle_w0p05,8,0.475,0.525,uniform,"равномерный шум: p=0.1, low <-> high",squared_euclidean,3,0.902,10000,42
binary_t8_middle_w0p05__uniform,binary_t8_middle_w0p05,8,0.475,0.525,uniform,"равномерный шум: p=0.1, low <-> high",squared_euclidean,5,0.9062,10000,42
binary_t8_middle_w0p05__uniform,binary_t8_middle_w0p05,8,0.475,0.525,uniform,"равномерный шум: p=0.1, low <-> high",squared_euclidean,7,0.9088,10000,42
binary_t8_middle_w0p05__uniform,binary_t8_middle_w0p05,8,0.475,0.525,uniform,"равномерный шум: p=0.1, low <-> high",squared_euclidean,9,0.9081,10000,42
binary_t8_middle_w0p05__uniform,binary_t8_middle_w0p05,8,0.475,0.525,uniform,"равномерный шум: p=0.1, low <-> high",manhattan,1,0.8902,10000,42
binary_t8_middle_w0p05__uniform,binary_t8_middle_w0p05,8,0.475,0.525,uniform,"равномерный шум: p=0.1, low <-> high",manhattan,3,0.9026,10000,42
binary_t8_middle_w0p05__uniform,binary_t8_middle_w0p05,8,0.475,0.525,uniform,"равномерный шум: p=0.1, low <-> high",manhattan,5,0.9048,10000,42
binary_t8_middle_w0p05__uniform,binary_t8_middle_w0p05,8,0.475,0.525,uniform,"равномерный шум: p=0.1, low <-> high",manhattan,7,0.9079,10000,42
binary_t8_middle_w0p05__uniform,binary_t8_middle_w0p05,8,0.475,0.525,uniform,"равномерный шум: p=0.1, low <-> high",manhattan,9,0.909,10000,42
binary_t8_middle_w0p05__uniform,binary_t8_middle_w0p05,8,0.475,0.525,uniform,"равномерный шум: p=0.1, low <-> high",weighted_euclidean,1,0.9053,10000,42
binary_t8_middle_w0p05__uniform,binary_t8_middle_w0p05,8,0.475,0.525,uniform,"равномерный шум: p=0.1, low <-> high",weighted_euclidean,3,0.9156,10000,42
binary_t8_middle_w0p05__uniform,binary_t8_middle_w0p05,8,0.475,0.525,uniform,"равномерный шум: p=0.1, low <-> high",weighted_euclidean,5,0.9164999999999999,10000,42
binary_t8_middle_w0p05__uniform,binary_t8_middle_w0p05,8,0.475,0.525,uniform,"равномерный шум: p=0.1, low <-> high",weighted_euclidean,7,0.9206,10000,42
binary_t8_middle_w0p05__uniform,binary_t8_middle_w0p05,8,0.475,0.525,uniform,"равномерный шум: p=0.1, low <-> high",weighted_euclidean,9,0.9186999999999999,10000,42
binary_t8_middle_w0p05__uniform,binary_t8_middle_w0p05,8,0.475,0.525,uniform,"равномерный шум: p=0.1, low <-> high",chebyshev,1,0.0996,10000,42
binary_t8_middle_w0p05__uniform,binary_t8_middle_w0p05,8,0.475,0.525,uniform,"равномерный шум: p=0.1, low <-> high",chebyshev,3,0.1,10000,42
binary_t8_middle_w0p05__uniform,binary_t8_middle_w0p05,8,0.475,0.525,uniform,"равномерный шум: p=0.1, low <-> high",chebyshev,5,0.0999,10000,42
binary_t8_middle_w0p05__uniform,binary_t8_middle_w0p05,8,0.475,0.525,uniform,"равномерный шум: p=0.1, low <-> high",chebyshev,7,0.0999,10000,42
binary_t8_middle_w0p05__uniform,binary_t8_middle_w0p05,8,0.475,0.525,uniform,"равномерный шум: p=0.1, low <-> high",chebyshev,9,0.0996,10000,42
binary_t8_middle_w0p05__contour,binary_t8_middle_w0p05,8,0.475,0.525,contour,"контурный шум: p_min=0.0, p_max=0.9, gamma=0.5, low <-> high",euclidean,1,0.8559,10000,42
binary_t8_middle_w0p05__contour,binary_t8_middle_w0p05,8,0.475,0.525,contour,"контурный шум: p_min=0.0, p_max=0.9, gamma=0.5, low <-> high",euclidean,3,0.8621,10000,42
binary_t8_middle_w0p05__contour,binary_t8_middle_w0p05,8,0.475,0.525,contour,"контурный шум: p_min=0.0, p_max=0.9, gamma=0.5, low <-> high",euclidean,5,0.8683,10000,42
binary_t8_middle_w0p05__contour,binary_t8_middle_w0p05,8,0.475,0.525,contour,"контурный шум: p_min=0.0, p_max=0.9, gamma=0.5, low <-> high",euclidean,7,0.8644,10000,42
binary_t8_middle_w0p05__contour,binary_t8_middle_w0p05,8,0.475,0.525,contour,"контурный шум: p_min=0.0, p_max=0.9, gamma=0.5, low <-> high",euclidean,9,0.8611999999999999,10000,42
binary_t8_middle_w0p05__contour,binary_t8_middle_w0p05,8,0.475,0.525,contour,"контурный шум: p_min=0.0, p_max=0.9, gamma=0.5, low <-> high",squared_euclidean,1,0.8559,10000,42
binary_t8_middle_w0p05__contour,binary_t8_middle_w0p05,8,0.475,0.525,contour,"контурный шум: p_min=0.0, p_max=0.9, gamma=0.5, low <-> high",squared_euclidean,3,0.8621,10000,42
binary_t8_middle_w0p05__contour,binary_t8_middle_w0p05,8,0.475,0.525,contour,"контурный шум: p_min=0.0, p_max=0.9, gamma=0.5, low <-> high",squared_euclidean,5,0.8683,10000,42
binary_t8_middle_w0p05__contour,binary_t8_middle_w0p05,8,0.475,0.525,contour,"контурный шум: p_min=0.0, p_max=0.9, gamma=0.5, low <-> high",squared_euclidean,7,0.8644,10000,42
binary_t8_middle_w0p05__contour,binary_t8_middle_w0p05,8,0.475,0.525,contour,"контурный шум: p_min=0.0, p_max=0.9, gamma=0.5, low <-> high",squared_euclidean,9,0.8611999999999999,10000,42
binary_t8_middle_w0p05__contour,binary_t8_middle_w0p05,8,0.475,0.525,contour,"контурный шум: p_min=0.0, p_max=0.9, gamma=0.5, low <-> high",manhattan,1,0.8541,10000,42
binary_t8_middle_w0p05__contour,binary_t8_middle_w0p05,8,0.475,0.525,contour,"контурный шум: p_min=0.0, p_max=0.9, gamma=0.5, low <-> high",manhattan,3,0.8634,10000,42
binary_t8_middle_w0p05__contour,binary_t8_middle_w0p05,8,0.475,0.525,contour,"контурный шум: p_min=0.0, p_max=0.9, gamma=0.5, low <-> high",manhattan,5,0.8676,10000,42
binary_t8_middle_w0p05__contour,binary_t8_middle_w0p05,8,0.475,0.525,contour,"контурный шум: p_min=0.0, p_max=0.9, gamma=0.5, low <-> high",manhattan,7,0.8643,10000,42
binary_t8_middle_w0p05__contour,binary_t8_middle_w0p05,8,0.475,0.525,contour,"контурный шум: p_min=0.0, p_max=0.9, gamma=0.5, low <-> high",manhattan,9,0.8609,10000,42
binary_t8_middle_w0p05__contour,binary_t8_middle_w0p05,8,0.475,0.525,contour,"контурный шум: p_min=0.0, p_max=0.9, gamma=0.5, low <-> high",weighted_euclidean,1,0.8583,10000,42
binary_t8_middle_w0p05__contour,binary_t8_middle_w0p05,8,0.475,0.525,contour,"контурный шум: p_min=0.0, p_max=0.9, gamma=0.5, low <-> high",weighted_euclidean,3,0.866,10000,42
binary_t8_middle_w0p05__contour,binary_t8_middle_w0p05,8,0.475,0.525,contour,"контурный шум: p_min=0.0, p_max=0.9, gamma=0.5, low <-> high",weighted_euclidean,5,0.8708,10000,42
binary_t8_middle_w0p05__contour,binary_t8_middle_w0p05,8,0.475,0.525,contour,"контурный шум: p_min=0.0, p_max=0.9, gamma=0.5, low <-> high",weighted_euclidean,7,0.8694,10000,42
binary_t8_middle_w0p05__contour,binary_t8_middle_w0p05,8,0.475,0.525,contour,"контурный шум: p_min=0.0, p_max=0.9, gamma=0.5, low <-> high",weighted_euclidean,9,0.8674,10000,42
binary_t8_middle_w0p05__contour,binary_t8_middle_w0p05,8,0.475,0.525,contour,"контурный шум: p_min=0.0, p_max=0.9, gamma=0.5, low <-> high",chebyshev,1,0.0996,10000,42
binary_t8_middle_w0p05__contour,binary_t8_middle_w0p05,8,0.475,0.525,contour,"контурный шум: p_min=0.0, p_max=0.9, gamma=0.5, low <-> high",chebyshev,3,0.1,10000,42
binary_t8_middle_w0p05__contour,binary_t8_middle_w0p05,8,0.475,0.525,contour,"контурный шум: p_min=0.0, p_max=0.9, gamma=0.5, low <-> high",chebyshev,5,0.0999,10000,42
binary_t8_middle_w0p05__contour,binary_t8_middle_w0p05,8,0.475,0.525,contour,"контурный шум: p_min=0.0, p_max=0.9, gamma=0.5, low <-> high",chebyshev,7,0.0999,10000,42
binary_t8_middle_w0p05__contour,binary_t8_middle_w0p05,8,0.475,0.525,contour,"контурный шум: p_min=0.0, p_max=0.9, gamma=0.5, low <-> high",chebyshev,9,0.0996,10000,42
binary_t8_middle_w0p1__none,binary_t8_middle_w0p1,8,0.45,0.55,none,без шума,euclidean,1,0.9467,10000,42
binary_t8_middle_w0p1__none,binary_t8_middle_w0p1,8,0.45,0.55,none,без шума,euclidean,3,0.9491,10000,42
binary_t8_middle_w0p1__none,binary_t8_middle_w0p1,8,0.45,0.55,none,без шума,euclidean,5,0.95,10000,42
binary_t8_middle_w0p1__none,binary_t8_middle_w0p1,8,0.45,0.55,none,без шума,euclidean,7,0.9463000000000001,10000,42
binary_t8_middle_w0p1__none,binary_t8_middle_w0p1,8,0.45,0.55,none,без шума,euclidean,9,0.9436,10000,42
binary_t8_middle_w0p1__none,binary_t8_middle_w0p1,8,0.45,0.55,none,без шума,squared_euclidean,1,0.9467,10000,42
binary_t8_middle_w0p1__none,binary_t8_middle_w0p1,8,0.45,0.55,none,без шума,squared_euclidean,3,0.9491,10000,42
binary_t8_middle_w0p1__none,binary_t8_middle_w0p1,8,0.45,0.55,none,без шума,squared_euclidean,5,0.95,10000,42
binary_t8_middle_w0p1__none,binary_t8_middle_w0p1,8,0.45,0.55,none,без шума,squared_euclidean,7,0.9463000000000001,10000,42
binary_t8_middle_w0p1__none,binary_t8_middle_w0p1,8,0.45,0.55,none,без шума,squared_euclidean,9,0.9436,10000,42
binary_t8_middle_w0p1__none,binary_t8_middle_w0p1,8,0.45,0.55,none,без шума,manhattan,1,0.9472,10000,42
binary_t8_middle_w0p1__none,binary_t8_middle_w0p1,8,0.45,0.55,none,без шума,manhattan,3,0.9494,10000,42
binary_t8_middle_w0p1__none,binary_t8_middle_w0p1,8,0.45,0.55,none,без шума,manhattan,5,0.9506,10000,42
binary_t8_middle_w0p1__none,binary_t8_middle_w0p1,8,0.45,0.55,none,без шума,manhattan,7,0.9469,10000,42
binary_t8_middle_w0p1__none,binary_t8_middle_w0p1,8,0.45,0.55,none,без шума,manhattan,9,0.944,10000,42
binary_t8_middle_w0p1__none,binary_t8_middle_w0p1,8,0.45,0.55,none,без шума,weighted_euclidean,1,0.9504,10000,42
binary_t8_middle_w0p1__none,binary_t8_middle_w0p1,8,0.45,0.55,none,без шума,weighted_euclidean,3,0.9517,10000,42
binary_t8_middle_w0p1__none,binary_t8_middle_w0p1,8,0.45,0.55,none,без шума,weighted_euclidean,5,0.9514,10000,42
binary_t8_middle_w0p1__none,binary_t8_middle_w0p1,8,0.45,0.55,none,без шума,weighted_euclidean,7,0.9495,10000,42
binary_t8_middle_w0p1__none,binary_t8_middle_w0p1,8,0.45,0.55,none,без шума,weighted_euclidean,9,0.9467,10000,42
binary_t8_middle_w0p1__none,binary_t8_middle_w0p1,8,0.45,0.55,none,без шума,chebyshev,1,0.0996,10000,42
binary_t8_middle_w0p1__none,binary_t8_middle_w0p1,8,0.45,0.55,none,без шума,chebyshev,3,0.1002,10000,42
binary_t8_middle_w0p1__none,binary_t8_middle_w0p1,8,0.45,0.55,none,без шума,chebyshev,5,0.09969999999999998,10000,42
binary_t8_middle_w0p1__none,binary_t8_middle_w0p1,8,0.45,0.55,none,без шума,chebyshev,7,0.0999,10000,42
binary_t8_middle_w0p1__none,binary_t8_middle_w0p1,8,0.45,0.55,none,без шума,chebyshev,9,0.0996,10000,42
binary_t8_middle_w0p1__uniform,binary_t8_middle_w0p1,8,0.45,0.55,uniform,"равномерный шум: p=0.1, low <-> high",euclidean,1,0.8891,10000,42
binary_t8_middle_w0p1__uniform,binary_t8_middle_w0p1,8,0.45,0.55,uniform,"равномерный шум: p=0.1, low <-> high",euclidean,3,0.9018,10000,42
binary_t8_middle_w0p1__uniform,binary_t8_middle_w0p1,8,0.45,0.55,uniform,"равномерный шум: p=0.1, low <-> high",euclidean,5,0.9057,10000,42
binary_t8_middle_w0p1__uniform,binary_t8_middle_w0p1,8,0.45,0.55,uniform,"равномерный шум: p=0.1, low <-> high",euclidean,7,0.9066,10000,42
binary_t8_middle_w0p1__uniform,binary_t8_middle_w0p1,8,0.45,0.55,uniform,"равномерный шум: p=0.1, low <-> high",euclidean,9,0.9075,10000,42
binary_t8_middle_w0p1__uniform,binary_t8_middle_w0p1,8,0.45,0.55,uniform,"равномерный шум: p=0.1, low <-> high",squared_euclidean,1,0.8891,10000,42
binary_t8_middle_w0p1__uniform,binary_t8_middle_w0p1,8,0.45,0.55,uniform,"равномерный шум: p=0.1, low <-> high",squared_euclidean,3,0.9018,10000,42
binary_t8_middle_w0p1__uniform,binary_t8_middle_w0p1,8,0.45,0.55,uniform,"равномерный шум: p=0.1, low <-> high",squared_euclidean,5,0.9057,10000,42
binary_t8_middle_w0p1__uniform,binary_t8_middle_w0p1,8,0.45,0.55,uniform,"равномерный шум: p=0.1, low <-> high",squared_euclidean,7,0.9066,10000,42
binary_t8_middle_w0p1__uniform,binary_t8_middle_w0p1,8,0.45,0.55,uniform,"равномерный шум: p=0.1, low <-> high",squared_euclidean,9,0.9075,10000,42
binary_t8_middle_w0p1__uniform,binary_t8_middle_w0p1,8,0.45,0.55,uniform,"равномерный шум: p=0.1, low <-> high",manhattan,1,0.8902,10000,42
binary_t8_middle_w0p1__uniform,binary_t8_middle_w0p1,8,0.45,0.55,uniform,"равномерный шум: p=0.1, low <-> high",manhattan,3,0.9026,10000,42
binary_t8_middle_w0p1__uniform,binary_t8_middle_w0p1,8,0.45,0.55,uniform,"равномерный шум: p=0.1, low <-> high",manhattan,5,0.9048,10000,42
binary_t8_middle_w0p1__uniform,binary_t8_middle_w0p1,8,0.45,0.55,uniform,"равномерный шум: p=0.1, low <-> high",manhattan,7,0.9079,10000,42
binary_t8_middle_w0p1__uniform,binary_t8_middle_w0p1,8,0.45,0.55,uniform,"равномерный шум: p=0.1, low <-> high",manhattan,9,0.909,10000,42
binary_t8_middle_w0p1__uniform,binary_t8_middle_w0p1,8,0.45,0.55,uniform,"равномерный шум: p=0.1, low <-> high",weighted_euclidean,1,0.9053,10000,42
binary_t8_middle_w0p1__uniform,binary_t8_middle_w0p1,8,0.45,0.55,uniform,"равномерный шум: p=0.1, low <-> high",weighted_euclidean,3,0.9156,10000,42
binary_t8_middle_w0p1__uniform,binary_t8_middle_w0p1,8,0.45,0.55,uniform,"равномерный шум: p=0.1, low <-> high",weighted_euclidean,5,0.9164999999999999,10000,42
binary_t8_middle_w0p1__uniform,binary_t8_middle_w0p1,8,0.45,0.55,uniform,"равномерный шум: p=0.1, low <-> high",weighted_euclidean,7,0.9206,10000,42
binary_t8_middle_w0p1__uniform,binary_t8_middle_w0p1,8,0.45,0.55,uniform,"равномерный шум: p=0.1, low <-> high",weighted_euclidean,9,0.9186999999999999,10000,42
binary_t8_middle_w0p1__uniform,binary_t8_middle_w0p1,8,0.45,0.55,uniform,"равномерный шум: p=0.1, low <-> high",chebyshev,1,0.0996,10000,42
binary_t8_middle_w0p1__uniform,binary_t8_middle_w0p1,8,0.45,0.55,uniform,"равномерный шум: p=0.1, low <-> high",chebyshev,3,0.1,10000,42
binary_t8_middle_w0p1__uniform,binary_t8_middle_w0p1,8,0.45,0.55,uniform,"равномерный шум: p=0.1, low <-> high",chebyshev,5,0.0999,10000,42
binary_t8_middle_w0p1__uniform,binary_t8_middle_w0p1,8,0.45,0.55,uniform,"равномерный шум: p=0.1, low <-> high",chebyshev,7,0.0999,10000,42
binary_t8_middle_w0p1__uniform,binary_t8_middle_w0p1,8,0.45,0.55,uniform,"равномерный шум: p=0.1, low <-> high",chebyshev,9,0.0996,10000,42
binary_t8_middle_w0p1__contour,binary_t8_middle_w0p1,8,0.45,0.55,contour,"контурный шум: p_min=0.0, p_max=0.9, gamma=0.5, low <-> high",euclidean,1,0.8539999999999999,10000,42
binary_t8_middle_w0p1__contour,binary_t8_middle_w0p1,8,0.45,0.55,contour,"контурный шум: p_min=0.0, p_max=0.9, gamma=0.5, low <-> high",euclidean,3,0.8642,10000,42
binary_t8_middle_w0p1__contour,binary_t8_middle_w0p1,8,0.45,0.55,contour,"контурный шум: p_min=0.0, p_max=0.9, gamma=0.5, low <-> high",euclidean,5,0.8667,10000,42
binary_t8_middle_w0p1__contour,binary_t8_middle_w0p1,8,0.45,0.55,contour,"контурный шум: p_min=0.0, p_max=0.9, gamma=0.5, low <-> high",euclidean,7,0.8622,10000,42
binary_t8_middle_w0p1__contour,binary_t8_middle_w0p1,8,0.45,0.55,contour,"контурный шум: p_min=0.0, p_max=0.9, gamma=0.5, low <-> high",euclidean,9,0.8585,10000,42
binary_t8_middle_w0p1__contour,binary_t8_middle_w0p1,8,0.45,0.55,contour,"контурный шум: p_min=0.0, p_max=0.9, gamma=0.5, low <-> high",squared_euclidean,1,0.8539999999999999,10000,42
binary_t8_middle_w0p1__contour,binary_t8_middle_w0p1,8,0.45,0.55,contour,"контурный шум: p_min=0.0, p_max=0.9, gamma=0.5, low <-> high",squared_euclidean,3,0.8642,10000,42
binary_t8_middle_w0p1__contour,binary_t8_middle_w0p1,8,0.45,0.55,contour,"контурный шум: p_min=0.0, p_max=0.9, gamma=0.5, low <-> high",squared_euclidean,5,0.8667,10000,42
binary_t8_middle_w0p1__contour,binary_t8_middle_w0p1,8,0.45,0.55,contour,"контурный шум: p_min=0.0, p_max=0.9, gamma=0.5, low <-> high",squared_euclidean,7,0.8622,10000,42
binary_t8_middle_w0p1__contour,binary_t8_middle_w0p1,8,0.45,0.55,contour,"контурный шум: p_min=0.0, p_max=0.9, gamma=0.5, low <-> high",squared_euclidean,9,0.8585,10000,42
binary_t8_middle_w0p1__contour,binary_t8_middle_w0p1,8,0.45,0.55,contour,"контурный шум: p_min=0.0, p_max=0.9, gamma=0.5, low <-> high",manhattan,1,0.8541,10000,42
binary_t8_middle_w0p1__contour,binary_t8_middle_w0p1,8,0.45,0.55,contour,"контурный шум: p_min=0.0, p_max=0.9, gamma=0.5, low <-> high",manhattan,3,0.8634,10000,42
binary_t8_middle_w0p1__contour,binary_t8_middle_w0p1,8,0.45,0.55,contour,"контурный шум: p_min=0.0, p_max=0.9, gamma=0.5, low <-> high",manhattan,5,0.8676,10000,42
binary_t8_middle_w0p1__contour,binary_t8_middle_w0p1,8,0.45,0.55,contour,"контурный шум: p_min=0.0, p_max=0.9, gamma=0.5, low <-> high",manhattan,7,0.8643,10000,42
binary_t8_middle_w0p1__contour,binary_t8_middle_w0p1,8,0.45,0.55,contour,"контурный шум: p_min=0.0, p_max=0.9, gamma=0.5, low <-> high",manhattan,9,0.8609,10000,42
binary_t8_middle_w0p1__contour,binary_t8_middle_w0p1,8,0.45,0.55,contour,"контурный шум: p_min=0.0, p_max=0.9, gamma=0.5, low <-> high",weighted_euclidean,1,0.8583,10000,42
binary_t8_middle_w0p1__contour,binary_t8_middle_w0p1,8,0.45,0.55,contour,"контурный шум: p_min=0.0, p_max=0.9, gamma=0.5, low <-> high",weighted_euclidean,3,0.866,10000,42
binary_t8_middle_w0p1__contour,binary_t8_middle_w0p1,8,0.45,0.55,contour,"контурный шум: p_min=0.0, p_max=0.9, gamma=0.5, low <-> high",weighted_euclidean,5,0.8708,10000,42
binary_t8_middle_w0p1__contour,binary_t8_middle_w0p1,8,0.45,0.55,contour,"контурный шум: p_min=0.0, p_max=0.9, gamma=0.5, low <-> high",weighted_euclidean,7,0.8694,10000,42
binary_t8_middle_w0p1__contour,binary_t8_middle_w0p1,8,0.45,0.55,contour,"контурный шум: p_min=0.0, p_max=0.9, gamma=0.5, low <-> high",weighted_euclidean,9,0.8674,10000,42
binary_t8_middle_w0p1__contour,binary_t8_middle_w0p1,8,0.45,0.55,contour,"контурный шум: p_min=0.0, p_max=0.9, gamma=0.5, low <-> high",chebyshev,1,0.0996,10000,42
binary_t8_middle_w0p1__contour,binary_t8_middle_w0p1,8,0.45,0.55,contour,"контурный шум: p_min=0.0, p_max=0.9, gamma=0.5, low <-> high",chebyshev,3,0.1,10000,42
binary_t8_middle_w0p1__contour,binary_t8_middle_w0p1,8,0.45,0.55,contour,"контурный шум: p_min=0.0, p_max=0.9, gamma=0.5, low <-> high",chebyshev,5,0.0999,10000,42
binary_t8_middle_w0p1__contour,binary_t8_middle_w0p1,8,0.45,0.55,contour,"контурный шум: p_min=0.0, p_max=0.9, gamma=0.5, low <-> high",chebyshev,7,0.0999,10000,42
binary_t8_middle_w0p1__contour,binary_t8_middle_w0p1,8,0.45,0.55,contour,"контурный шум: p_min=0.0, p_max=0.9, gamma=0.5, low <-> high",chebyshev,9,0.0996,10000,42
binary_t8_middle_w0p2__none,binary_t8_middle_w0p2,8,0.4,0.6,none,без шума,euclidean,1,0.9484999999999999,10000,42
binary_t8_middle_w0p2__none,binary_t8_middle_w0p2,8,0.4,0.6,none,без шума,euclidean,3,0.9495,10000,42
binary_t8_middle_w0p2__none,binary_t8_middle_w0p2,8,0.4,0.6,none,без шума,euclidean,5,0.9511,10000,42
binary_t8_middle_w0p2__none,binary_t8_middle_w0p2,8,0.4,0.6,none,без шума,euclidean,7,0.9466,10000,42
binary_t8_middle_w0p2__none,binary_t8_middle_w0p2,8,0.4,0.6,none,без шума,euclidean,9,0.944,10000,42
binary_t8_middle_w0p2__none,binary_t8_middle_w0p2,8,0.4,0.6,none,без шума,squared_euclidean,1,0.9484999999999999,10000,42
binary_t8_middle_w0p2__none,binary_t8_middle_w0p2,8,0.4,0.6,none,без шума,squared_euclidean,3,0.9495,10000,42
binary_t8_middle_w0p2__none,binary_t8_middle_w0p2,8,0.4,0.6,none,без шума,squared_euclidean,5,0.9511,10000,42
binary_t8_middle_w0p2__none,binary_t8_middle_w0p2,8,0.4,0.6,none,без шума,squared_euclidean,7,0.9466,10000,42
binary_t8_middle_w0p2__none,binary_t8_middle_w0p2,8,0.4,0.6,none,без шума,squared_euclidean,9,0.944,10000,42
binary_t8_middle_w0p2__none,binary_t8_middle_w0p2,8,0.4,0.6,none,без шума,manhattan,1,0.9472,10000,42
binary_t8_middle_w0p2__none,binary_t8_middle_w0p2,8,0.4,0.6,none,без шума,manhattan,3,0.9494,10000,42
binary_t8_middle_w0p2__none,binary_t8_middle_w0p2,8,0.4,0.6,none,без шума,manhattan,5,0.9506,10000,42
binary_t8_middle_w0p2__none,binary_t8_middle_w0p2,8,0.4,0.6,none,без шума,manhattan,7,0.9469,10000,42
binary_t8_middle_w0p2__none,binary_t8_middle_w0p2,8,0.4,0.6,none,без шума,manhattan,9,0.944,10000,42
binary_t8_middle_w0p2__none,binary_t8_middle_w0p2,8,0.4,0.6,none,без шума,weighted_euclidean,1,0.9504,10000,42
binary_t8_middle_w0p2__none,binary_t8_middle_w0p2,8,0.4,0.6,none,без шума,weighted_euclidean,3,0.9517,10000,42
binary_t8_middle_w0p2__none,binary_t8_middle_w0p2,8,0.4,0.6,none,без шума,weighted_euclidean,5,0.9514,10000,42
binary_t8_middle_w0p2__none,binary_t8_middle_w0p2,8,0.4,0.6,none,без шума,weighted_euclidean,7,0.9495,10000,42
binary_t8_middle_w0p2__none,binary_t8_middle_w0p2,8,0.4,0.6,none,без шума,weighted_euclidean,9,0.9467,10000,42
binary_t8_middle_w0p2__none,binary_t8_middle_w0p2,8,0.4,0.6,none,без шума,chebyshev,1,0.0996,10000,42
binary_t8_middle_w0p2__none,binary_t8_middle_w0p2,8,0.4,0.6,none,без шума,chebyshev,3,0.1002,10000,42
binary_t8_middle_w0p2__none,binary_t8_middle_w0p2,8,0.4,0.6,none,без шума,chebyshev,5,0.09969999999999998,10000,42
binary_t8_middle_w0p2__none,binary_t8_middle_w0p2,8,0.4,0.6,none,без шума,chebyshev,7,0.0999,10000,42
binary_t8_middle_w0p2__none,binary_t8_middle_w0p2,8,0.4,0.6,none,без шума,chebyshev,9,0.0996,10000,42
binary_t8_middle_w0p2__uniform,binary_t8_middle_w0p2,8,0.4,0.6,uniform,"равномерный шум: p=0.1, low <-> high",euclidean,1,0.8911,10000,42
binary_t8_middle_w0p2__uniform,binary_t8_middle_w0p2,8,0.4,0.6,uniform,"равномерный шум: p=0.1, low <-> high",euclidean,3,0.9036,10000,42
binary_t8_middle_w0p2__uniform,binary_t8_middle_w0p2,8,0.4,0.6,uniform,"равномерный шум: p=0.1, low <-> high",euclidean,5,0.9078,10000,42
binary_t8_middle_w0p2__uniform,binary_t8_middle_w0p2,8,0.4,0.6,uniform,"равномерный шум: p=0.1, low <-> high",euclidean,7,0.9085,10000,42
binary_t8_middle_w0p2__uniform,binary_t8_middle_w0p2,8,0.4,0.6,uniform,"равномерный шум: p=0.1, low <-> high",euclidean,9,0.9088,10000,42
binary_t8_middle_w0p2__uniform,binary_t8_middle_w0p2,8,0.4,0.6,uniform,"равномерный шум: p=0.1, low <-> high",squared_euclidean,1,0.8911,10000,42
binary_t8_middle_w0p2__uniform,binary_t8_middle_w0p2,8,0.4,0.6,uniform,"равномерный шум: p=0.1, low <-> high",squared_euclidean,3,0.9036,10000,42
binary_t8_middle_w0p2__uniform,binary_t8_middle_w0p2,8,0.4,0.6,uniform,"равномерный шум: p=0.1, low <-> high",squared_euclidean,5,0.9078,10000,42
binary_t8_middle_w0p2__uniform,binary_t8_middle_w0p2,8,0.4,0.6,uniform,"равномерный шум: p=0.1, low <-> high",squared_euclidean,7,0.9085,10000,42
binary_t8_middle_w0p2__uniform,binary_t8_middle_w0p2,8,0.4,0.6,uniform,"равномерный шум: p=0.1, low <-> high",squared_euclidean,9,0.9088,10000,42
binary_t8_middle_w0p2__uniform,binary_t8_middle_w0p2,8,0.4,0.6,uniform,"равномерный шум: p=0.1, low <-> high",manhattan,1,0.8902,10000,42
binary_t8_middle_w0p2__uniform,binary_t8_middle_w0p2,8,0.4,0.6,uniform,"равномерный шум: p=0.1, low <-> high",manhattan,3,0.9026,10000,42
binary_t8_middle_w0p2__uniform,binary_t8_middle_w0p2,8,0.4,0.6,uniform,"равномерный шум: p=0.1, low <-> high",manhattan,5,0.9048,10000,42
binary_t8_middle_w0p2__uniform,binary_t8_middle_w0p2,8,0.4,0.6,uniform,"равномерный шум: p=0.1, low <-> high",manhattan,7,0.9079,10000,42
binary_t8_middle_w0p2__uniform,binary_t8_middle_w0p2,8,0.4,0.6,uniform,"равномерный шум: p=0.1, low <-> high",manhattan,9,0.909,10000,42
binary_t8_middle_w0p2__uniform,binary_t8_middle_w0p2,8,0.4,0.6,uniform,"равномерный шум: p=0.1, low <-> high",weighted_euclidean,1,0.9053,10000,42
binary_t8_middle_w0p2__uniform,binary_t8_middle_w0p2,8,0.4,0.6,uniform,"равномерный шум: p=0.1, low <-> high",weighted_euclidean,3,0.9156,10000,42
binary_t8_middle_w0p2__uniform,binary_t8_middle_w0p2,8,0.4,0.6,uniform,"равномерный шум: p=0.1, low <-> high",weighted_euclidean,5,0.9164999999999999,10000,42
binary_t8_middle_w0p2__uniform,binary_t8_middle_w0p2,8,0.4,0.6,uniform,"равномерный шум: p=0.1, low <-> high",weighted_euclidean,7,0.9206,10000,42
binary_t8_middle_w0p2__uniform,binary_t8_middle_w0p2,8,0.4,0.6,uniform,"равномерный шум: p=0.1, low <-> high",weighted_euclidean,9,0.9186999999999999,10000,42
binary_t8_middle_w0p2__uniform,binary_t8_middle_w0p2,8,0.4,0.6,uniform,"равномерный шум: p=0.1, low <-> high",chebyshev,1,0.0996,10000,42
binary_t8_middle_w0p2__uniform,binary_t8_middle_w0p2,8,0.4,0.6,uniform,"равномерный шум: p=0.1, low <-> high",chebyshev,3,0.1,10000,42
binary_t8_middle_w0p2__uniform,binary_t8_middle_w0p2,8,0.4,0.6,uniform,"равномерный шум: p=0.1, low <-> high",chebyshev,5,0.0999,10000,42
binary_t8_middle_w0p2__uniform,binary_t8_middle_w0p2,8,0.4,0.6,uniform,"равномерный шум: p=0.1, low <-> high",chebyshev,7,0.0999,10000,42
binary_t8_middle_w0p2__uniform,binary_t8_middle_w0p2,8,0.4,0.6,uniform,"равномерный шум: p=0.1, low <-> high",chebyshev,9,0.0996,10000,42
binary_t8_middle_w0p2__contour,binary_t8_middle_w0p2,8,0.4,0.6,contour,"контурный шум: p_min=0.0, p_max=0.9, gamma=0.5, low <-> high",euclidean,1,0.8567,10000,42
binary_t8_middle_w0p2__contour,binary_t8_middle_w0p2,8,0.4,0.6,contour,"контурный шум: p_min=0.0, p_max=0.9, gamma=0.5, low <-> high",euclidean,3,0.8643,10000,42
binary_t8_middle_w0p2__contour,binary_t8_middle_w0p2,8,0.4,0.6,contour,"контурный шум: p_min=0.0, p_max=0.9, gamma=0.5, low <-> high",euclidean,5,0.8693,10000,42
binary_t8_middle_w0p2__contour,binary_t8_middle_w0p2,8,0.4,0.6,contour,"контурный шум: p_min=0.0, p_max=0.9, gamma=0.5, low <-> high",euclidean,7,0.8664000000000001,10000,42
binary_t8_middle_w0p2__contour,binary_t8_middle_w0p2,8,0.4,0.6,contour,"контурный шум: p_min=0.0, p_max=0.9, gamma=0.5, low <-> high",euclidean,9,0.8632,10000,42
binary_t8_middle_w0p2__contour,binary_t8_middle_w0p2,8,0.4,0.6,contour,"контурный шум: p_min=0.0, p_max=0.9, gamma=0.5, low <-> high",squared_euclidean,1,0.8567,10000,42
binary_t8_middle_w0p2__contour,binary_t8_middle_w0p2,8,0.4,0.6,contour,"контурный шум: p_min=0.0, p_max=0.9, gamma=0.5, low <-> high",squared_euclidean,3,0.8643,10000,42
binary_t8_middle_w0p2__contour,binary_t8_middle_w0p2,8,0.4,0.6,contour,"контурный шум: p_min=0.0, p_max=0.9, gamma=0.5, low <-> high",squared_euclidean,5,0.8693,10000,42
binary_t8_middle_w0p2__contour,binary_t8_middle_w0p2,8,0.4,0.6,contour,"контурный шум: p_min=0.0, p_max=0.9, gamma=0.5, low <-> high",squared_euclidean,7,0.8664000000000001,10000,42
binary_t8_middle_w0p2__contour,binary_t8_middle_w0p2,8,0.4,0.6,contour,"контурный шум: p_min=0.0, p_max=0.9, gamma=0.5, low <-> high",squared_euclidean,9,0.8632,10000,42
binary_t8_middle_w0p2__contour,binary_t8_middle_w0p2,8,0.4,0.6,contour,"контурный шум: p_min=0.0, p_max=0.9, gamma=0.5, low <-> high",manhattan,1,0.8541,10000,42
binary_t8_middle_w0p2__contour,binary_t8_middle_w0p2,8,0.4,0.6,contour,"контурный шум: p_min=0.0, p_max=0.9, gamma=0.5, low <-> high",manhattan,3,0.8634,10000,42
binary_t8_middle_w0p2__contour,binary_t8_middle_w0p2,8,0.4,0.6,contour,"контурный шум: p_min=0.0, p_max=0.9, gamma=0.5, low <-> high",manhattan,5,0.8676,10000,42
binary_t8_middle_w0p2__contour,binary_t8_middle_w0p2,8,0.4,0.6,contour,"контурный шум: p_min=0.0, p_max=0.9, gamma=0.5, low <-> high",manhattan,7,0.8643,10000,42
binary_t8_middle_w0p2__contour,binary_t8_middle_w0p2,8,0.4,0.6,contour,"контурный шум: p_min=0.0, p_max=0.9, gamma=0.5, low <-> high",manhattan,9,0.8609,10000,42
binary_t8_middle_w0p2__contour,binary_t8_middle_w0p2,8,0.4,0.6,contour,"контурный шум: p_min=0.0, p_max=0.9, gamma=0.5, low <-> high",weighted_euclidean,1,0.8583,10000,42
binary_t8_middle_w0p2__contour,binary_t8_middle_w0p2,8,0.4,0.6,contour,"контурный шум: p_min=0.0, p_max=0.9, gamma=0.5, low <-> high",weighted_euclidean,3,0.866,10000,42
binary_t8_middle_w0p2__contour,binary_t8_middle_w0p2,8,0.4,0.6,contour,"контурный шум: p_min=0.0, p_max=0.9, gamma=0.5, low <-> high",weighted_euclidean,5,0.8708,10000,42
binary_t8_middle_w0p2__contour,binary_t8_middle_w0p2,8,0.4,0.6,contour,"контурный шум: p_min=0.0, p_max=0.9, gamma=0.5, low <-> high",weighted_euclidean,7,0.8694,10000,42
binary_t8_middle_w0p2__contour,binary_t8_middle_w0p2,8,0.4,0.6,contour,"контурный шум: p_min=0.0, p_max=0.9, gamma=0.5, low <-> high",weighted_euclidean,9,0.8674,10000,42
binary_t8_middle_w0p2__contour,binary_t8_middle_w0p2,8,0.4,0.6,contour,"контурный шум: p_min=0.0, p_max=0.9, gamma=0.5, low <-> high",chebyshev,1,0.0996,10000,42
binary_t8_middle_w0p2__contour,binary_t8_middle_w0p2,8,0.4,0.6,contour,"контурный шум: p_min=0.0, p_max=0.9, gamma=0.5, low <-> high",chebyshev,3,0.1,10000,42
binary_t8_middle_w0p2__contour,binary_t8_middle_w0p2,8,0.4,0.6,contour,"контурный шум: p_min=0.0, p_max=0.9, gamma=0.5, low <-> high",chebyshev,5,0.0999,10000,42
binary_t8_middle_w0p2__contour,binary_t8_middle_w0p2,8,0.4,0.6,contour,"контурный шум: p_min=0.0, p_max=0.9, gamma=0.5, low <-> high",chebyshev,7,0.0999,10000,42
binary_t8_middle_w0p2__contour,binary_t8_middle_w0p2,8,0.4,0.6,contour,"контурный шум: p_min=0.0, p_max=0.9, gamma=0.5, low <-> high",chebyshev,9,0.0996,10000,42
binary_t8_upper_w0p05__none,binary_t8_upper_w0p05,8,0.95,1.0,none,без шума,euclidean,1,0.9483,10000,42
binary_t8_upper_w0p05__none,binary_t8_upper_w0p05,8,0.95,1.0,none,без шума,euclidean,3,0.9494,10000,42
binary_t8_upper_w0p05__none,binary_t8_upper_w0p05,8,0.95,1.0,none,без шума,euclidean,5,0.9509000000000001,10000,42
binary_t8_upper_w0p05__none,binary_t8_upper_w0p05,8,0.95,1.0,none,без шума,euclidean,7,0.9468,10000,42
binary_t8_upper_w0p05__none,binary_t8_upper_w0p05,8,0.95,1.0,none,без шума,euclidean,9,0.944,10000,42
binary_t8_upper_w0p05__none,binary_t8_upper_w0p05,8,0.95,1.0,none,без шума,squared_euclidean,1,0.9483,10000,42
binary_t8_upper_w0p05__none,binary_t8_upper_w0p05,8,0.95,1.0,none,без шума,squared_euclidean,3,0.9494,10000,42
binary_t8_upper_w0p05__none,binary_t8_upper_w0p05,8,0.95,1.0,none,без шума,squared_euclidean,5,0.9509000000000001,10000,42
binary_t8_upper_w0p05__none,binary_t8_upper_w0p05,8,0.95,1.0,none,без шума,squared_euclidean,7,0.9468,10000,42
binary_t8_upper_w0p05__none,binary_t8_upper_w0p05,8,0.95,1.0,none,без шума,squared_euclidean,9,0.944,10000,42
binary_t8_upper_w0p05__none,binary_t8_upper_w0p05,8,0.95,1.0,none,без шума,manhattan,1,0.9472,10000,42
binary_t8_upper_w0p05__none,binary_t8_upper_w0p05,8,0.95,1.0,none,без шума,manhattan,3,0.9494,10000,42
binary_t8_upper_w0p05__none,binary_t8_upper_w0p05,8,0.95,1.0,none,без шума,manhattan,5,0.9506,10000,42
binary_t8_upper_w0p05__none,binary_t8_upper_w0p05,8,0.95,1.0,none,без шума,manhattan,7,0.9469,10000,42
binary_t8_upper_w0p05__none,binary_t8_upper_w0p05,8,0.95,1.0,none,без шума,manhattan,9,0.944,10000,42
binary_t8_upper_w0p05__none,binary_t8_upper_w0p05,8,0.95,1.0,none,без шума,weighted_euclidean,1,0.9504,10000,42
binary_t8_upper_w0p05__none,binary_t8_upper_w0p05,8,0.95,1.0,none,без шума,weighted_euclidean,3,0.9517,10000,42
binary_t8_upper_w0p05__none,binary_t8_upper_w0p05,8,0.95,1.0,none,без шума,weighted_euclidean,5,0.9514,10000,42
binary_t8_upper_w0p05__none,binary_t8_upper_w0p05,8,0.95,1.0,none,без шума,weighted_euclidean,7,0.9495,10000,42
binary_t8_upper_w0p05__none,binary_t8_upper_w0p05,8,0.95,1.0,none,без шума,weighted_euclidean,9,0.9467,10000,42
binary_t8_upper_w0p05__none,binary_t8_upper_w0p05,8,0.95,1.0,none,без шума,chebyshev,1,0.0996,10000,42
binary_t8_upper_w0p05__none,binary_t8_upper_w0p05,8,0.95,1.0,none,без шума,chebyshev,3,0.1002,10000,42
binary_t8_upper_w0p05__none,binary_t8_upper_w0p05,8,0.95,1.0,none,без шума,chebyshev,5,0.09969999999999998,10000,42
binary_t8_upper_w0p05__none,binary_t8_upper_w0p05,8,0.95,1.0,none,без шума,chebyshev,7,0.0999,10000,42
binary_t8_upper_w0p05__none,binary_t8_upper_w0p05,8,0.95,1.0,none,без шума,chebyshev,9,0.0996,10000,42
binary_t8_upper_w0p05__uniform,binary_t8_upper_w0p05,8,0.95,1.0,uniform,"равномерный шум: p=0.1, low <-> high",euclidean,1,0.8917,10000,42
binary_t8_upper_w0p05__uniform,binary_t8_upper_w0p05,8,0.95,1.0,uniform,"равномерный шум: p=0.1, low <-> high",euclidean,3,0.9012,10000,42
binary_t8_upper_w0p05__uniform,binary_t8_upper_w0p05,8,0.95,1.0,uniform,"равномерный шум: p=0.1, low <-> high",euclidean,5,0.9052,10000,42
binary_t8_upper_w0p05__uniform,binary_t8_upper_w0p05,8,0.95,1.0,uniform,"равномерный шум: p=0.1, low <-> high",euclidean,7,0.9078,10000,42
binary_t8_upper_w0p05__uniform,binary_t8_upper_w0p05,8,0.95,1.0,uniform,"равномерный шум: p=0.1, low <-> high",euclidean,9,0.9073,10000,42
binary_t8_upper_w0p05__uniform,binary_t8_upper_w0p05,8,0.95,1.0,uniform,"равномерный шум: p=0.1, low <-> high",squared_euclidean,1,0.8917,10000,42
binary_t8_upper_w0p05__uniform,binary_t8_upper_w0p05,8,0.95,1.0,uniform,"равномерный шум: p=0.1, low <-> high",squared_euclidean,3,0.9012,10000,42
binary_t8_upper_w0p05__uniform,binary_t8_upper_w0p05,8,0.95,1.0,uniform,"равномерный шум: p=0.1, low <-> high",squared_euclidean,5,0.9052,10000,42
binary_t8_upper_w0p05__uniform,binary_t8_upper_w0p05,8,0.95,1.0,uniform,"равномерный шум: p=0.1, low <-> high",squared_euclidean,7,0.9078,10000,42
binary_t8_upper_w0p05__uniform,binary_t8_upper_w0p05,8,0.95,1.0,uniform,"равномерный шум: p=0.1, low <-> high",squared_euclidean,9,0.9073,10000,42
binary_t8_upper_w0p05__uniform,binary_t8_upper_w0p05,8,0.95,1.0,uniform,"равномерный шум: p=0.1, low <-> high",manhattan,1,0.8902,10000,42
binary_t8_upper_w0p05__uniform,binary_t8_upper_w0p05,8,0.95,1.0,uniform,"равномерный шум: p=0.1, low <-> high",manhattan,3,0.9026,10000,42
binary_t8_upper_w0p05__uniform,binary_t8_upper_w0p05,8,0.95,1.0,uniform,"равномерный шум: p=0.1, low <-> high",manhattan,5,0.9048,10000,42
binary_t8_upper_w0p05__uniform,binary_t8_upper_w0p05,8,0.95,1.0,uniform,"равномерный шум: p=0.1, low <-> high",manhattan,7,0.9079,10000,42
binary_t8_upper_w0p05__uniform,binary_t8_upper_w0p05,8,0.95,1.0,uniform,"равномерный шум: p=0.1, low <-> high",manhattan,9,0.909,10000,42
binary_t8_upper_w0p05__uniform,binary_t8_upper_w0p05,8,0.95,1.0,uniform,"равномерный шум: p=0.1, low <-> high",weighted_euclidean,1,0.9053,10000,42
binary_t8_upper_w0p05__uniform,binary_t8_upper_w0p05,8,0.95,1.0,uniform,"равномерный шум: p=0.1, low <-> high",weighted_euclidean,3,0.9156,10000,42
binary_t8_upper_w0p05__uniform,binary_t8_upper_w0p05,8,0.95,1.0,uniform,"равномерный шум: p=0.1, low <-> high",weighted_euclidean,5,0.9164999999999999,10000,42
binary_t8_upper_w0p05__uniform,binary_t8_upper_w0p05,8,0.95,1.0,uniform,"равномерный шум: p=0.1, low <-> high",weighted_euclidean,7,0.9206,10000,42
binary_t8_upper_w0p05__uniform,binary_t8_upper_w0p05,8,0.95,1.0,uniform,"равномерный шум: p=0.1, low <-> high",weighted_euclidean,9,0.9186999999999999,10000,42
binary_t8_upper_w0p05__uniform,binary_t8_upper_w0p05,8,0.95,1.0,uniform,"равномерный шум: p=0.1, low <-> high",chebyshev,1,0.0996,10000,42
binary_t8_upper_w0p05__uniform,binary_t8_upper_w0p05,8,0.95,1.0,uniform,"равномерный шум: p=0.1, low <-> high",chebyshev,3,0.1,10000,42
binary_t8_upper_w0p05__uniform,binary_t8_upper_w0p05,8,0.95,1.0,uniform,"равномерный шум: p=0.1, low <-> high",chebyshev,5,0.0999,10000,42
binary_t8_upper_w0p05__uniform,binary_t8_upper_w0p05,8,0.95,1.0,uniform,"равномерный шум: p=0.1, low <-> high",chebyshev,7,0.0999,10000,42
binary_t8_upper_w0p05__uniform,binary_t8_upper_w0p05,8,0.95,1.0,uniform,"равномерный шум: p=0.1, low <-> high",chebyshev,9,0.0996,10000,42
binary_t8_upper_w0p05__contour,binary_t8_upper_w0p05,8,0.95,1.0,contour,"контурный шум: p_min=0.0, p_max=0.9, gamma=0.5, low <-> high",euclidean,1,0.8561,10000,42
binary_t8_upper_w0p05__contour,binary_t8_upper_w0p05,8,0.95,1.0,contour,"контурный шум: p_min=0.0, p_max=0.9, gamma=0.5, low <-> high",euclidean,3,0.8645,10000,42
binary_t8_upper_w0p05__contour,binary_t8_upper_w0p05,8,0.95,1.0,contour,"контурный шум: p_min=0.0, p_max=0.9, gamma=0.5, low <-> high",euclidean,5,0.868,10000,42
binary_t8_upper_w0p05__contour,binary_t8_upper_w0p05,8,0.95,1.0,contour,"контурный шум: p_min=0.0, p_max=0.9, gamma=0.5, low <-> high",euclidean,7,0.8653,10000,42
binary_t8_upper_w0p05__contour,binary_t8_upper_w0p05,8,0.95,1.0,contour,"контурный шум: p_min=0.0, p_max=0.9, gamma=0.5, low <-> high",euclidean,9,0.8613,10000,42
binary_t8_upper_w0p05__contour,binary_t8_upper_w0p05,8,0.95,1.0,contour,"контурный шум: p_min=0.0, p_max=0.9, gamma=0.5, low <-> high",squared_euclidean,1,0.8561,10000,42
binary_t8_upper_w0p05__contour,binary_t8_upper_w0p05,8,0.95,1.0,contour,"контурный шум: p_min=0.0, p_max=0.9, gamma=0.5, low <-> high",squared_euclidean,3,0.8645,10000,42
binary_t8_upper_w0p05__contour,binary_t8_upper_w0p05,8,0.95,1.0,contour,"контурный шум: p_min=0.0, p_max=0.9, gamma=0.5, low <-> high",squared_euclidean,5,0.868,10000,42
binary_t8_upper_w0p05__contour,binary_t8_upper_w0p05,8,0.95,1.0,contour,"контурный шум: p_min=0.0, p_max=0.9, gamma=0.5, low <-> high",squared_euclidean,7,0.8653,10000,42
binary_t8_upper_w0p05__contour,binary_t8_upper_w0p05,8,0.95,1.0,contour,"контурный шум: p_min=0.0, p_max=0.9, gamma=0.5, low <-> high",squared_euclidean,9,0.8613,10000,42
binary_t8_upper_w0p05__contour,binary_t8_upper_w0p05,8,0.95,1.0,contour,"контурный шум: p_min=0.0, p_max=0.9, gamma=0.5, low <-> high",manhattan,1,0.8541,10000,42
binary_t8_upper_w0p05__contour,binary_t8_upper_w0p05,8,0.95,1.0,contour,"контурный шум: p_min=0.0, p_max=0.9, gamma=0.5, low <-> high",manhattan,3,0.8634,10000,42
binary_t8_upper_w0p05__contour,binary_t8_upper_w0p05,8,0.95,1.0,contour,"контурный шум: p_min=0.0, p_max=0.9, gamma=0.5, low <-> high",manhattan,5,0.8676,10000,42
binary_t8_upper_w0p05__contour,binary_t8_upper_w0p05,8,0.95,1.0,contour,"контурный шум: p_min=0.0, p_max=0.9, gamma=0.5, low <-> high",manhattan,7,0.8643,10000,42
binary_t8_upper_w0p05__contour,binary_t8_upper_w0p05,8,0.95,1.0,contour,"контурный шум: p_min=0.0, p_max=0.9, gamma=0.5, low <-> high",manhattan,9,0.8609,10000,42
binary_t8_upper_w0p05__contour,binary_t8_upper_w0p05,8,0.95,1.0,contour,"контурный шум: p_min=0.0, p_max=0.9, gamma=0.5, low <-> high",weighted_euclidean,1,0.8583,10000,42
binary_t8_upper_w0p05__contour,binary_t8_upper_w0p05,8,0.95,1.0,contour,"контурный шум: p_min=0.0, p_max=0.9, gamma=0.5, low <-> high",weighted_euclidean,3,0.866,10000,42
binary_t8_upper_w0p05__contour,binary_t8_upper_w0p05,8,0.95,1.0,contour,"контурный шум: p_min=0.0, p_max=0.9, gamma=0.5, low <-> high",weighted_euclidean,5,0.8708,10000,42
binary_t8_upper_w0p05__contour,binary_t8_upper_w0p05,8,0.95,1.0,contour,"контурный шум: p_min=0.0, p_max=0.9, gamma=0.5, low <-> high",weighted_euclidean,7,0.8694,10000,42
binary_t8_upper_w0p05__contour,binary_t8_upper_w0p05,8,0.95,1.0,contour,"контурный шум: p_min=0.0, p_max=0.9, gamma=0.5, low <-> high",weighted_euclidean,9,0.8674,10000,42
binary_t8_upper_w0p05__contour,binary_t8_upper_w0p05,8,0.95,1.0,contour,"контурный шум: p_min=0.0, p_max=0.9, gamma=0.5, low <-> high",chebyshev,1,0.0996,10000,42
binary_t8_upper_w0p05__contour,binary_t8_upper_w0p05,8,0.95,1.0,contour,"контурный шум: p_min=0.0, p_max=0.9, gamma=0.5, low <-> high",chebyshev,3,0.1,10000,42
binary_t8_upper_w0p05__contour,binary_t8_upper_w0p05,8,0.95,1.0,contour,"контурный шум: p_min=0.0, p_max=0.9, gamma=0.5, low <-> high",chebyshev,5,0.0999,10000,42
binary_t8_upper_w0p05__contour,binary_t8_upper_w0p05,8,0.95,1.0,contour,"контурный шум: p_min=0.0, p_max=0.9, gamma=0.5, low <-> high",chebyshev,7,0.0999,10000,42
binary_t8_upper_w0p05__contour,binary_t8_upper_w0p05,8,0.95,1.0,contour,"контурный шум: p_min=0.0, p_max=0.9, gamma=0.5, low <-> high",chebyshev,9,0.0996,10000,42
binary_t8_upper_w0p1__none,binary_t8_upper_w0p1,8,0.9,1.0,none,без шума,euclidean,1,0.9475,10000,42
binary_t8_upper_w0p1__none,binary_t8_upper_w0p1,8,0.9,1.0,none,без шума,euclidean,3,0.9499,10000,42
binary_t8_upper_w0p1__none,binary_t8_upper_w0p1,8,0.9,1.0,none,без шума,euclidean,5,0.9503,10000,42
binary_t8_upper_w0p1__none,binary_t8_upper_w0p1,8,0.9,1.0,none,без шума,euclidean,7,0.9467,10000,42
binary_t8_upper_w0p1__none,binary_t8_upper_w0p1,8,0.9,1.0,none,без шума,euclidean,9,0.9441000000000002,10000,42
binary_t8_upper_w0p1__none,binary_t8_upper_w0p1,8,0.9,1.0,none,без шума,squared_euclidean,1,0.9475,10000,42
binary_t8_upper_w0p1__none,binary_t8_upper_w0p1,8,0.9,1.0,none,без шума,squared_euclidean,3,0.9499,10000,42
binary_t8_upper_w0p1__none,binary_t8_upper_w0p1,8,0.9,1.0,none,без шума,squared_euclidean,5,0.9503,10000,42
binary_t8_upper_w0p1__none,binary_t8_upper_w0p1,8,0.9,1.0,none,без шума,squared_euclidean,7,0.9467,10000,42
binary_t8_upper_w0p1__none,binary_t8_upper_w0p1,8,0.9,1.0,none,без шума,squared_euclidean,9,0.9441000000000002,10000,42
binary_t8_upper_w0p1__none,binary_t8_upper_w0p1,8,0.9,1.0,none,без шума,manhattan,1,0.9472,10000,42
binary_t8_upper_w0p1__none,binary_t8_upper_w0p1,8,0.9,1.0,none,без шума,manhattan,3,0.9494,10000,42
binary_t8_upper_w0p1__none,binary_t8_upper_w0p1,8,0.9,1.0,none,без шума,manhattan,5,0.9506,10000,42
binary_t8_upper_w0p1__none,binary_t8_upper_w0p1,8,0.9,1.0,none,без шума,manhattan,7,0.9469,10000,42
binary_t8_upper_w0p1__none,binary_t8_upper_w0p1,8,0.9,1.0,none,без шума,manhattan,9,0.944,10000,42
binary_t8_upper_w0p1__none,binary_t8_upper_w0p1,8,0.9,1.0,none,без шума,weighted_euclidean,1,0.9504,10000,42
binary_t8_upper_w0p1__none,binary_t8_upper_w0p1,8,0.9,1.0,none,без шума,weighted_euclidean,3,0.9517,10000,42
binary_t8_upper_w0p1__none,binary_t8_upper_w0p1,8,0.9,1.0,none,без шума,weighted_euclidean,5,0.9514,10000,42
binary_t8_upper_w0p1__none,binary_t8_upper_w0p1,8,0.9,1.0,none,без шума,weighted_euclidean,7,0.9495,10000,42
binary_t8_upper_w0p1__none,binary_t8_upper_w0p1,8,0.9,1.0,none,без шума,weighted_euclidean,9,0.9467,10000,42
binary_t8_upper_w0p1__none,binary_t8_upper_w0p1,8,0.9,1.0,none,без шума,chebyshev,1,0.0996,10000,42
binary_t8_upper_w0p1__none,binary_t8_upper_w0p1,8,0.9,1.0,none,без шума,chebyshev,3,0.1002,10000,42
binary_t8_upper_w0p1__none,binary_t8_upper_w0p1,8,0.9,1.0,none,без шума,chebyshev,5,0.09969999999999998,10000,42
binary_t8_upper_w0p1__none,binary_t8_upper_w0p1,8,0.9,1.0,none,без шума,chebyshev,7,0.0999,10000,42
binary_t8_upper_w0p1__none,binary_t8_upper_w0p1,8,0.9,1.0,none,без шума,chebyshev,9,0.0996,10000,42
binary_t8_upper_w0p1__uniform,binary_t8_upper_w0p1,8,0.9,1.0,uniform,"равномерный шум: p=0.1, low <-> high",euclidean,1,0.8899000000000001,10000,42
binary_t8_upper_w0p1__uniform,binary_t8_upper_w0p1,8,0.9,1.0,uniform,"равномерный шум: p=0.1, low <-> high",euclidean,3,0.9027,10000,42
binary_t8_upper_w0p1__uniform,binary_t8_upper_w0p1,8,0.9,1.0,uniform,"равномерный шум: p=0.1, low <-> high",euclidean,5,0.9066,10000,42
binary_t8_upper_w0p1__uniform,binary_t8_upper_w0p1,8,0.9,1.0,uniform,"равномерный шум: p=0.1, low <-> high",euclidean,7,0.9079,10000,42
binary_t8_upper_w0p1__uniform,binary_t8_upper_w0p1,8,0.9,1.0,uniform,"равномерный шум: p=0.1, low <-> high",euclidean,9,0.9086,10000,42
binary_t8_upper_w0p1__uniform,binary_t8_upper_w0p1,8,0.9,1.0,uniform,"равномерный шум: p=0.1, low <-> high",squared_euclidean,1,0.8899000000000001,10000,42
binary_t8_upper_w0p1__uniform,binary_t8_upper_w0p1,8,0.9,1.0,uniform,"равномерный шум: p=0.1, low <-> high",squared_euclidean,3,0.9027,10000,42
binary_t8_upper_w0p1__uniform,binary_t8_upper_w0p1,8,0.9,1.0,uniform,"равномерный шум: p=0.1, low <-> high",squared_euclidean,5,0.9066,10000,42
binary_t8_upper_w0p1__uniform,binary_t8_upper_w0p1,8,0.9,1.0,uniform,"равномерный шум: p=0.1, low <-> high",squared_euclidean,7,0.9079,10000,42
binary_t8_upper_w0p1__uniform,binary_t8_upper_w0p1,8,0.9,1.0,uniform,"равномерный шум: p=0.1, low <-> high",squared_euclidean,9,0.9086,10000,42
binary_t8_upper_w0p1__uniform,binary_t8_upper_w0p1,8,0.9,1.0,uniform,"равномерный шум: p=0.1, low <-> high",manhattan,1,0.8902,10000,42
binary_t8_upper_w0p1__uniform,binary_t8_upper_w0p1,8,0.9,1.0,uniform,"равномерный шум: p=0.1, low <-> high",manhattan,3,0.9026,10000,42
binary_t8_upper_w0p1__uniform,binary_t8_upper_w0p1,8,0.9,1.0,uniform,"равномерный шум: p=0.1, low <-> high",manhattan,5,0.9048,10000,42
binary_t8_upper_w0p1__uniform,binary_t8_upper_w0p1,8,0.9,1.0,uniform,"равномерный шум: p=0.1, low <-> high",manhattan,7,0.9079,10000,42
binary_t8_upper_w0p1__uniform,binary_t8_upper_w0p1,8,0.9,1.0,uniform,"равномерный шум: p=0.1, low <-> high",manhattan,9,0.909,10000,42
binary_t8_upper_w0p1__uniform,binary_t8_upper_w0p1,8,0.9,1.0,uniform,"равномерный шум: p=0.1, low <-> high",weighted_euclidean,1,0.9053,10000,42
binary_t8_upper_w0p1__uniform,binary_t8_upper_w0p1,8,0.9,1.0,uniform,"равномерный шум: p=0.1, low <-> high",weighted_euclidean,3,0.9156,10000,42
binary_t8_upper_w0p1__uniform,binary_t8_upper_w0p1,8,0.9,1.0,uniform,"равномерный шум: p=0.1, low <-> high",weighted_euclidean,5,0.9164999999999999,10000,42
binary_t8_upper_w0p1__uniform,binary_t8_upper_w0p1,8,0.9,1.0,uniform,"равномерный шум: p=0.1, low <-> high",weighted_euclidean,7,0.9206,10000,42
binary_t8_upper_w0p1__uniform,binary_t8_upper_w0p1,8,0.9,1.0,uniform,"равномерный шум: p=0.1, low <-> high",weighted_euclidean,9,0.9186999999999999,10000,42
binary_t8_upper_w0p1__uniform,binary_t8_upper_w0p1,8,0.9,1.0,uniform,"равномерный шум: p=0.1, low <-> high",chebyshev,1,0.0996,10000,42
binary_t8_upper_w0p1__uniform,binary_t8_upper_w0p1,8,0.9,1.0,uniform,"равномерный шум: p=0.1, low <-> high",chebyshev,3,0.1,10000,42
binary_t8_upper_w0p1__uniform,binary_t8_upper_w0p1,8,0.9,1.0,uniform,"равномерный шум: p=0.1, low <-> high",chebyshev,5,0.0999,10000,42
binary_t8_upper_w0p1__uniform,binary_t8_upper_w0p1,8,0.9,1.0,uniform,"равномерный шум: p=0.1, low <-> high",chebyshev,7,0.0999,10000,42
binary_t8_upper_w0p1__uniform,binary_t8_upper_w0p1,8,0.9,1.0,uniform,"равномерный шум: p=0.1, low <-> high",chebyshev,9,0.0996,10000,42
binary_t8_upper_w0p1__contour,binary_t8_upper_w0p1,8,0.9,1.0,contour,"контурный шум: p_min=0.0, p_max=0.9, gamma=0.5, low <-> high",euclidean,1,0.855,10000,42
binary_t8_upper_w0p1__contour,binary_t8_upper_w0p1,8,0.9,1.0,contour,"контурный шум: p_min=0.0, p_max=0.9, gamma=0.5, low <-> high",euclidean,3,0.8652,10000,42
binary_t8_upper_w0p1__contour,binary_t8_upper_w0p1,8,0.9,1.0,contour,"контурный шум: p_min=0.0, p_max=0.9, gamma=0.5, low <-> high",euclidean,5,0.8687999999999999,10000,42
binary_t8_upper_w0p1__contour,binary_t8_upper_w0p1,8,0.9,1.0,contour,"контурный шум: p_min=0.0, p_max=0.9, gamma=0.5, low <-> high",euclidean,7,0.8661999999999999,10000,42
binary_t8_upper_w0p1__contour,binary_t8_upper_w0p1,8,0.9,1.0,contour,"контурный шум: p_min=0.0, p_max=0.9, gamma=0.5, low <-> high",euclidean,9,0.8613,10000,42
binary_t8_upper_w0p1__contour,binary_t8_upper_w0p1,8,0.9,1.0,contour,"контурный шум: p_min=0.0, p_max=0.9, gamma=0.5, low <-> high",squared_euclidean,1,0.855,10000,42
binary_t8_upper_w0p1__contour,binary_t8_upper_w0p1,8,0.9,1.0,contour,"контурный шум: p_min=0.0, p_max=0.9, gamma=0.5, low <-> high",squared_euclidean,3,0.8652,10000,42
binary_t8_upper_w0p1__contour,binary_t8_upper_w0p1,8,0.9,1.0,contour,"контурный шум: p_min=0.0, p_max=0.9, gamma=0.5, low <-> high",squared_euclidean,5,0.8687999999999999,10000,42
binary_t8_upper_w0p1__contour,binary_t8_upper_w0p1,8,0.9,1.0,contour,"контурный шум: p_min=0.0, p_max=0.9, gamma=0.5, low <-> high",squared_euclidean,7,0.8661999999999999,10000,42
binary_t8_upper_w0p1__contour,binary_t8_upper_w0p1,8,0.9,1.0,contour,"контурный шум: p_min=0.0, p_max=0.9, gamma=0.5, low <-> high",squared_euclidean,9,0.8613,10000,42
binary_t8_upper_w0p1__contour,binary_t8_upper_w0p1,8,0.9,1.0,contour,"контурный шум: p_min=0.0, p_max=0.9, gamma=0.5, low <-> high",manhattan,1,0.8541,10000,42
binary_t8_upper_w0p1__contour,binary_t8_upper_w0p1,8,0.9,1.0,contour,"контурный шум: p_min=0.0, p_max=0.9, gamma=0.5, low <-> high",manhattan,3,0.8634,10000,42
binary_t8_upper_w0p1__contour,binary_t8_upper_w0p1,8,0.9,1.0,contour,"контурный шум: p_min=0.0, p_max=0.9, gamma=0.5, low <-> high",manhattan,5,0.8676,10000,42
binary_t8_upper_w0p1__contour,binary_t8_upper_w0p1,8,0.9,1.0,contour,"контурный шум: p_min=0.0, p_max=0.9, gamma=0.5, low <-> high",manhattan,7,0.8643,10000,42
binary_t8_upper_w0p1__contour,binary_t8_upper_w0p1,8,0.9,1.0,contour,"контурный шум: p_min=0.0, p_max=0.9, gamma=0.5, low <-> high",manhattan,9,0.8609,10000,42
binary_t8_upper_w0p1__contour,binary_t8_upper_w0p1,8,0.9,1.0,contour,"контурный шум: p_min=0.0, p_max=0.9, gamma=0.5, low <-> high",weighted_euclidean,1,0.8583,10000,42
binary_t8_upper_w0p1__contour,binary_t8_upper_w0p1,8,0.9,1.0,contour,"контурный шум: p_min=0.0, p_max=0.9, gamma=0.5, low <-> high",weighted_euclidean,3,0.866,10000,42
binary_t8_upper_w0p1__contour,binary_t8_upper_w0p1,8,0.9,1.0,contour,"контурный шум: p_min=0.0, p_max=0.9, gamma=0.5, low <-> high",weighted_euclidean,5,0.8708,10000,42
binary_t8_upper_w0p1__contour,binary_t8_upper_w0p1,8,0.9,1.0,contour,"контурный шум: p_min=0.0, p_max=0.9, gamma=0.5, low <-> high",weighted_euclidean,7,0.8694,10000,42
binary_t8_upper_w0p1__contour,binary_t8_upper_w0p1,8,0.9,1.0,contour,"контурный шум: p_min=0.0, p_max=0.9, gamma=0.5, low <-> high",weighted_euclidean,9,0.8674,10000,42
binary_t8_upper_w0p1__contour,binary_t8_upper_w0p1,8,0.9,1.0,contour,"контурный шум: p_min=0.0, p_max=0.9, gamma=0.5, low <-> high",chebyshev,1,0.0996,10000,42
binary_t8_upper_w0p1__contour,binary_t8_upper_w0p1,8,0.9,1.0,contour,"контурный шум: p_min=0.0, p_max=0.9, gamma=0.5, low <-> high",chebyshev,3,0.1,10000,42
binary_t8_upper_w0p1__contour,binary_t8_upper_w0p1,8,0.9,1.0,contour,"контурный шум: p_min=0.0, p_max=0.9, gamma=0.5, low <-> high",chebyshev,5,0.0999,10000,42
binary_t8_upper_w0p1__contour,binary_t8_upper_w0p1,8,0.9,1.0,contour,"контурный шум: p_min=0.0, p_max=0.9, gamma=0.5, low <-> high",chebyshev,7,0.0999,10000,42
binary_t8_upper_w0p1__contour,binary_t8_upper_w0p1,8,0.9,1.0,contour,"контурный шум: p_min=0.0, p_max=0.9, gamma=0.5, low <-> high",chebyshev,9,0.0996,10000,42
binary_t8_upper_w0p2__none,binary_t8_upper_w0p2,8,0.8,1.0,none,без шума,euclidean,1,0.9481,10000,42
binary_t8_upper_w0p2__none,binary_t8_upper_w0p2,8,0.8,1.0,none,без шума,euclidean,3,0.9502000000000002,10000,42
binary_t8_upper_w0p2__none,binary_t8_upper_w0p2,8,0.8,1.0,none,без шума,euclidean,5,0.9508,10000,42
binary_t8_upper_w0p2__none,binary_t8_upper_w0p2,8,0.8,1.0,none,без шума,euclidean,7,0.9466,10000,42
binary_t8_upper_w0p2__none,binary_t8_upper_w0p2,8,0.8,1.0,none,без шума,euclidean,9,0.944,10000,42
binary_t8_upper_w0p2__none,binary_t8_upper_w0p2,8,0.8,1.0,none,без шума,squared_euclidean,1,0.9481,10000,42
binary_t8_upper_w0p2__none,binary_t8_upper_w0p2,8,0.8,1.0,none,без шума,squared_euclidean,3,0.9502000000000002,10000,42
binary_t8_upper_w0p2__none,binary_t8_upper_w0p2,8,0.8,1.0,none,без шума,squared_euclidean,5,0.9508,10000,42
binary_t8_upper_w0p2__none,binary_t8_upper_w0p2,8,0.8,1.0,none,без шума,squared_euclidean,7,0.9466,10000,42
binary_t8_upper_w0p2__none,binary_t8_upper_w0p2,8,0.8,1.0,none,без шума,squared_euclidean,9,0.944,10000,42
binary_t8_upper_w0p2__none,binary_t8_upper_w0p2,8,0.8,1.0,none,без шума,manhattan,1,0.9472,10000,42
binary_t8_upper_w0p2__none,binary_t8_upper_w0p2,8,0.8,1.0,none,без шума,manhattan,3,0.9494,10000,42
binary_t8_upper_w0p2__none,binary_t8_upper_w0p2,8,0.8,1.0,none,без шума,manhattan,5,0.9506,10000,42
binary_t8_upper_w0p2__none,binary_t8_upper_w0p2,8,0.8,1.0,none,без шума,manhattan,7,0.9469,10000,42
binary_t8_upper_w0p2__none,binary_t8_upper_w0p2,8,0.8,1.0,none,без шума,manhattan,9,0.944,10000,42
binary_t8_upper_w0p2__none,binary_t8_upper_w0p2,8,0.8,1.0,none,без шума,weighted_euclidean,1,0.9504,10000,42
binary_t8_upper_w0p2__none,binary_t8_upper_w0p2,8,0.8,1.0,none,без шума,weighted_euclidean,3,0.9517,10000,42
binary_t8_upper_w0p2__none,binary_t8_upper_w0p2,8,0.8,1.0,none,без шума,weighted_euclidean,5,0.9514,10000,42
binary_t8_upper_w0p2__none,binary_t8_upper_w0p2,8,0.8,1.0,none,без шума,weighted_euclidean,7,0.9495,10000,42
binary_t8_upper_w0p2__none,binary_t8_upper_w0p2,8,0.8,1.0,none,без шума,weighted_euclidean,9,0.9467,10000,42
binary_t8_upper_w0p2__none,binary_t8_upper_w0p2,8,0.8,1.0,none,без шума,chebyshev,1,0.0996,10000,42
binary_t8_upper_w0p2__none,binary_t8_upper_w0p2,8,0.8,1.0,none,без шума,chebyshev,3,0.1002,10000,42
binary_t8_upper_w0p2__none,binary_t8_upper_w0p2,8,0.8,1.0,none,без шума,chebyshev,5,0.09969999999999998,10000,42
binary_t8_upper_w0p2__none,binary_t8_upper_w0p2,8,0.8,1.0,none,без шума,chebyshev,7,0.0999,10000,42
binary_t8_upper_w0p2__none,binary_t8_upper_w0p2,8,0.8,1.0,none,без шума,chebyshev,9,0.0996,10000,42
binary_t8_upper_w0p2__uniform,binary_t8_upper_w0p2,8,0.8,1.0,uniform,"равномерный шум: p=0.1, low <-> high",euclidean,1,0.8907,10000,42
binary_t8_upper_w0p2__uniform,binary_t8_upper_w0p2,8,0.8,1.0,uniform,"равномерный шум: p=0.1, low <-> high",euclidean,3,0.9029,10000,42
binary_t8_upper_w0p2__uniform,binary_t8_upper_w0p2,8,0.8,1.0,uniform,"равномерный шум: p=0.1, low <-> high",euclidean,5,0.9057999999999999,10000,42
binary_t8_upper_w0p2__uniform,binary_t8_upper_w0p2,8,0.8,1.0,uniform,"равномерный шум: p=0.1, low <-> high",euclidean,7,0.9086,10000,42
binary_t8_upper_w0p2__uniform,binary_t8_upper_w0p2,8,0.8,1.0,uniform,"равномерный шум: p=0.1, low <-> high",euclidean,9,0.9088,10000,42
binary_t8_upper_w0p2__uniform,binary_t8_upper_w0p2,8,0.8,1.0,uniform,"равномерный шум: p=0.1, low <-> high",squared_euclidean,1,0.8907,10000,42
binary_t8_upper_w0p2__uniform,binary_t8_upper_w0p2,8,0.8,1.0,uniform,"равномерный шум: p=0.1, low <-> high",squared_euclidean,3,0.9029,10000,42
binary_t8_upper_w0p2__uniform,binary_t8_upper_w0p2,8,0.8,1.0,uniform,"равномерный шум: p=0.1, low <-> high",squared_euclidean,5,0.9057999999999999,10000,42
binary_t8_upper_w0p2__uniform,binary_t8_upper_w0p2,8,0.8,1.0,uniform,"равномерный шум: p=0.1, low <-> high",squared_euclidean,7,0.9086,10000,42
binary_t8_upper_w0p2__uniform,binary_t8_upper_w0p2,8,0.8,1.0,uniform,"равномерный шум: p=0.1, low <-> high",squared_euclidean,9,0.9088,10000,42
binary_t8_upper_w0p2__uniform,binary_t8_upper_w0p2,8,0.8,1.0,uniform,"равномерный шум: p=0.1, low <-> high",manhattan,1,0.8902,10000,42
binary_t8_upper_w0p2__uniform,binary_t8_upper_w0p2,8,0.8,1.0,uniform,"равномерный шум: p=0.1, low <-> high",manhattan,3,0.9026,10000,42
binary_t8_upper_w0p2__uniform,binary_t8_upper_w0p2,8,0.8,1.0,uniform,"равномерный шум: p=0.1, low <-> high",manhattan,5,0.9048,10000,42
binary_t8_upper_w0p2__uniform,binary_t8_upper_w0p2,8,0.8,1.0,uniform,"равномерный шум: p=0.1, low <-> high",manhattan,7,0.9079,10000,42
binary_t8_upper_w0p2__uniform,binary_t8_upper_w0p2,8,0.8,1.0,uniform,"равномерный шум: p=0.1, low <-> high",manhattan,9,0.909,10000,42
binary_t8_upper_w0p2__uniform,binary_t8_upper_w0p2,8,0.8,1.0,uniform,"равномерный шум: p=0.1, low <-> high",weighted_euclidean,1,0.9053,10000,42
binary_t8_upper_w0p2__uniform,binary_t8_upper_w0p2,8,0.8,1.0,uniform,"равномерный шум: p=0.1, low <-> high",weighted_euclidean,3,0.9156,10000,42
binary_t8_upper_w0p2__uniform,binary_t8_upper_w0p2,8,0.8,1.0,uniform,"равномерный шум: p=0.1, low <-> high",weighted_euclidean,5,0.9164999999999999,10000,42
binary_t8_upper_w0p2__uniform,binary_t8_upper_w0p2,8,0.8,1.0,uniform,"равномерный шум: p=0.1, low <-> high",weighted_euclidean,7,0.9206,10000,42
binary_t8_upper_w0p2__uniform,binary_t8_upper_w0p2,8,0.8,1.0,uniform,"равномерный шум: p=0.1, low <-> high",weighted_euclidean,9,0.9186999999999999,10000,42
binary_t8_upper_w0p2__uniform,binary_t8_upper_w0p2,8,0.8,1.0,uniform,"равномерный шум: p=0.1, low <-> high",chebyshev,1,0.0996,10000,42
binary_t8_upper_w0p2__uniform,binary_t8_upper_w0p2,8,0.8,1.0,uniform,"равномерный шум: p=0.1, low <-> high",chebyshev,3,0.1,10000,42
binary_t8_upper_w0p2__uniform,binary_t8_upper_w0p2,8,0.8,1.0,uniform,"равномерный шум: p=0.1, low <-> high",chebyshev,5,0.0999,10000,42
binary_t8_upper_w0p2__uniform,binary_t8_upper_w0p2,8,0.8,1.0,uniform,"равномерный шум: p=0.1, low <-> high",chebyshev,7,0.0999,10000,42
binary_t8_upper_w0p2__uniform,binary_t8_upper_w0p2,8,0.8,1.0,uniform,"равномерный шум: p=0.1, low <-> high",chebyshev,9,0.0996,10000,42
binary_t8_upper_w0p2__contour,binary_t8_upper_w0p2,8,0.8,1.0,contour,"контурный шум: p_min=0.0, p_max=0.9, gamma=0.5, low <-> high",euclidean,1,0.8559,10000,42
binary_t8_upper_w0p2__contour,binary_t8_upper_w0p2,8,0.8,1.0,contour,"контурный шум: p_min=0.0, p_max=0.9, gamma=0.5, low <-> high",euclidean,3,0.8656,10000,42
binary_t8_upper_w0p2__contour,binary_t8_upper_w0p2,8,0.8,1.0,contour,"контурный шум: p_min=0.0, p_max=0.9, gamma=0.5, low <-> high",euclidean,5,0.8689,10000,42
binary_t8_upper_w0p2__contour,binary_t8_upper_w0p2,8,0.8,1.0,contour,"контурный шум: p_min=0.0, p_max=0.9, gamma=0.5, low <-> high",euclidean,7,0.8663,10000,42
binary_t8_upper_w0p2__contour,binary_t8_upper_w0p2,8,0.8,1.0,contour,"контурный шум: p_min=0.0, p_max=0.9, gamma=0.5, low <-> high",euclidean,9,0.8624,10000,42
binary_t8_upper_w0p2__contour,binary_t8_upper_w0p2,8,0.8,1.0,contour,"контурный шум: p_min=0.0, p_max=0.9, gamma=0.5, low <-> high",squared_euclidean,1,0.8559,10000,42
binary_t8_upper_w0p2__contour,binary_t8_upper_w0p2,8,0.8,1.0,contour,"контурный шум: p_min=0.0, p_max=0.9, gamma=0.5, low <-> high",squared_euclidean,3,0.8656,10000,42
binary_t8_upper_w0p2__contour,binary_t8_upper_w0p2,8,0.8,1.0,contour,"контурный шум: p_min=0.0, p_max=0.9, gamma=0.5, low <-> high",squared_euclidean,5,0.8689,10000,42
binary_t8_upper_w0p2__contour,binary_t8_upper_w0p2,8,0.8,1.0,contour,"контурный шум: p_min=0.0, p_max=0.9, gamma=0.5, low <-> high",squared_euclidean,7,0.8663,10000,42
binary_t8_upper_w0p2__contour,binary_t8_upper_w0p2,8,0.8,1.0,contour,"контурный шум: p_min=0.0, p_max=0.9, gamma=0.5, low <-> high",squared_euclidean,9,0.8624,10000,42
binary_t8_upper_w0p2__contour,binary_t8_upper_w0p2,8,0.8,1.0,contour,"контурный шум: p_min=0.0, p_max=0.9, gamma=0.5, low <-> high",manhattan,1,0.8541,10000,42
binary_t8_upper_w0p2__contour,binary_t8_upper_w0p2,8,0.8,1.0,contour,"контурный шум: p_min=0.0, p_max=0.9, gamma=0.5, low <-> high",manhattan,3,0.8634,10000,42
binary_t8_upper_w0p2__contour,binary_t8_upper_w0p2,8,0.8,1.0,contour,"контурный шум: p_min=0.0, p_max=0.9, gamma=0.5, low <-> high",manhattan,5,0.8676,10000,42
binary_t8_upper_w0p2__contour,binary_t8_upper_w0p2,8,0.8,1.0,contour,"контурный шум: p_min=0.0, p_max=0.9, gamma=0.5, low <-> high",manhattan,7,0.8643,10000,42
binary_t8_upper_w0p2__contour,binary_t8_upper_w0p2,8,0.8,1.0,contour,"контурный шум: p_min=0.0, p_max=0.9, gamma=0.5, low <-> high",manhattan,9,0.8609,10000,42
binary_t8_upper_w0p2__contour,binary_t8_upper_w0p2,8,0.8,1.0,contour,"контурный шум: p_min=0.0, p_max=0.9, gamma=0.5, low <-> high",weighted_euclidean,1,0.8583,10000,42
binary_t8_upper_w0p2__contour,binary_t8_upper_w0p2,8,0.8,1.0,contour,"контурный шум: p_min=0.0, p_max=0.9, gamma=0.5, low <-> high",weighted_euclidean,3,0.866,10000,42
binary_t8_upper_w0p2__contour,binary_t8_upper_w0p2,8,0.8,1.0,contour,"контурный шум: p_min=0.0, p_max=0.9, gamma=0.5, low <-> high",weighted_euclidean,5,0.8708,10000,42
binary_t8_upper_w0p2__contour,binary_t8_upper_w0p2,8,0.8,1.0,contour,"контурный шум: p_min=0.0, p_max=0.9, gamma=0.5, low <-> high",weighted_euclidean,7,0.8694,10000,42
binary_t8_upper_w0p2__contour,binary_t8_upper_w0p2,8,0.8,1.0,contour,"контурный шум: p_min=0.0, p_max=0.9, gamma=0.5, low <-> high",weighted_euclidean,9,0.8674,10000,42
binary_t8_upper_w0p2__contour,binary_t8_upper_w0p2,8,0.8,1.0,contour,"контурный шум: p_min=0.0, p_max=0.9, gamma=0.5, low <-> high",chebyshev,1,0.0996,10000,42
binary_t8_upper_w0p2__contour,binary_t8_upper_w0p2,8,0.8,1.0,contour,"контурный шум: p_min=0.0, p_max=0.9, gamma=0.5, low <-> high",chebyshev,3,0.1,10000,42
binary_t8_upper_w0p2__contour,binary_t8_upper_w0p2,8,0.8,1.0,contour,"контурный шум: p_min=0.0, p_max=0.9, gamma=0.5, low <-> high",chebyshev,5,0.0999,10000,42
binary_t8_upper_w0p2__contour,binary_t8_upper_w0p2,8,0.8,1.0,contour,"контурный шум: p_min=0.0, p_max=0.9, gamma=0.5, low <-> high",chebyshev,7,0.0999,10000,42
binary_t8_upper_w0p2__contour,binary_t8_upper_w0p2,8,0.8,1.0,contour,"контурный шум: p_min=0.0, p_max=0.9, gamma=0.5, low <-> high",chebyshev,9,0.0996,10000,42
binary_t127_full_w1p0__none,binary_t127_full_w1p0,127,0.0,1.0,none,без шума,euclidean,1,0.9342,10000,42
binary_t127_full_w1p0__none,binary_t127_full_w1p0,127,0.0,1.0,none,без шума,euclidean,3,0.9326000000000001,10000,42
binary_t127_full_w1p0__none,binary_t127_full_w1p0,127,0.0,1.0,none,без шума,euclidean,5,0.9346,10000,42
binary_t127_full_w1p0__none,binary_t127_full_w1p0,127,0.0,1.0,none,без шума,euclidean,7,0.9330000000000002,10000,42
binary_t127_full_w1p0__none,binary_t127_full_w1p0,127,0.0,1.0,none,без шума,euclidean,9,0.9304000000000001,10000,42
binary_t127_full_w1p0__none,binary_t127_full_w1p0,127,0.0,1.0,none,без шума,squared_euclidean,1,0.9342,10000,42
binary_t127_full_w1p0__none,binary_t127_full_w1p0,127,0.0,1.0,none,без шума,squared_euclidean,3,0.9326000000000001,10000,42
binary_t127_full_w1p0__none,binary_t127_full_w1p0,127,0.0,1.0,none,без шума,squared_euclidean,5,0.9346,10000,42
binary_t127_full_w1p0__none,binary_t127_full_w1p0,127,0.0,1.0,none,без шума,squared_euclidean,7,0.9330000000000002,10000,42
binary_t127_full_w1p0__none,binary_t127_full_w1p0,127,0.0,1.0,none,без шума,squared_euclidean,9,0.9304000000000001,10000,42
binary_t127_full_w1p0__none,binary_t127_full_w1p0,127,0.0,1.0,none,без шума,manhattan,1,0.9342,10000,42
binary_t127_full_w1p0__none,binary_t127_full_w1p0,127,0.0,1.0,none,без шума,manhattan,3,0.9326000000000001,10000,42
binary_t127_full_w1p0__none,binary_t127_full_w1p0,127,0.0,1.0,none,без шума,manhattan,5,0.9346,10000,42
binary_t127_full_w1p0__none,binary_t127_full_w1p0,127,0.0,1.0,none,без шума,manhattan,7,0.9330000000000002,10000,42
binary_t127_full_w1p0__none,binary_t127_full_w1p0,127,0.0,1.0,none,без шума,manhattan,9,0.9304000000000001,10000,42
binary_t127_full_w1p0__none,binary_t127_full_w1p0,127,0.0,1.0,none,без шума,weighted_euclidean,1,0.9377,10000,42
binary_t127_full_w1p0__none,binary_t127_full_w1p0,127,0.0,1.0,none,без шума,weighted_euclidean,3,0.9381,10000,42
binary_t127_full_w1p0__none,binary_t127_full_w1p0,127,0.0,1.0,none,без шума,weighted_euclidean,5,0.9361,10000,42
binary_t127_full_w1p0__none,binary_t127_full_w1p0,127,0.0,1.0,none,без шума,weighted_euclidean,7,0.9346,10000,42
binary_t127_full_w1p0__none,binary_t127_full_w1p0,127,0.0,1.0,none,без шума,weighted_euclidean,9,0.9326000000000001,10000,42
binary_t127_full_w1p0__none,binary_t127_full_w1p0,127,0.0,1.0,none,без шума,chebyshev,1,0.0996,10000,42
binary_t127_full_w1p0__none,binary_t127_full_w1p0,127,0.0,1.0,none,без шума,chebyshev,3,0.1002,10000,42
binary_t127_full_w1p0__none,binary_t127_full_w1p0,127,0.0,1.0,none,без шума,chebyshev,5,0.09969999999999998,10000,42
binary_t127_full_w1p0__none,binary_t127_full_w1p0,127,0.0,1.0,none,без шума,chebyshev,7,0.0999,10000,42
binary_t127_full_w1p0__none,binary_t127_full_w1p0,127,0.0,1.0,none,без шума,chebyshev,9,0.0996,10000,42
binary_t127_full_w1p0__uniform,binary_t127_full_w1p0,127,0.0,1.0,uniform,"равномерный шум: p=0.1, low <-> high",euclidean,1,0.8369,10000,42
binary_t127_full_w1p0__uniform,binary_t127_full_w1p0,127,0.0,1.0,uniform,"равномерный шум: p=0.1, low <-> high",euclidean,3,0.8496000000000001,10000,42
binary_t127_full_w1p0__uniform,binary_t127_full_w1p0,127,0.0,1.0,uniform,"равномерный шум: p=0.1, low <-> high",euclidean,5,0.8597,10000,42
binary_t127_full_w1p0__uniform,binary_t127_full_w1p0,127,0.0,1.0,uniform,"равномерный шум: p=0.1, low <-> high",euclidean,7,0.8635,10000,42
binary_t127_full_w1p0__uniform,binary_t127_full_w1p0,127,0.0,1.0,uniform,"равномерный шум: p=0.1, low <-> high",euclidean,9,0.8639,10000,42
binary_t127_full_w1p0__uniform,binary_t127_full_w1p0,127,0.0,1.0,uniform,"равномерный шум: p=0.1, low <-> high",squared_euclidean,1,0.8369,10000,42
binary_t127_full_w1p0__uniform,binary_t127_full_w1p0,127,0.0,1.0,uniform,"равномерный шум: p=0.1, low <-> high",squared_euclidean,3,0.8496000000000001,10000,42
binary_t127_full_w1p0__uniform,binary_t127_full_w1p0,127,0.0,1.0,uniform,"равномерный шум: p=0.1, low <-> high",squared_euclidean,5,0.8597,10000,42
binary_t127_full_w1p0__uniform,binary_t127_full_w1p0,127,0.0,1.0,uniform,"равномерный шум: p=0.1, low <-> high",squared_euclidean,7,0.8635,10000,42
binary_t127_full_w1p0__uniform,binary_t127_full_w1p0,127,0.0,1.0,uniform,"равномерный шум: p=0.1, low <-> high",squared_euclidean,9,0.8639,10000,42
binary_t127_full_w1p0__uniform,binary_t127_full_w1p0,127,0.0,1.0,uniform,"равномерный шум: p=0.1, low <-> high",manhattan,1,0.8369,10000,42
binary_t127_full_w1p0__uniform,binary_t127_full_w1p0,127,0.0,1.0,uniform,"равномерный шум: p=0.1, low <-> high",manhattan,3,0.8496000000000001,10000,42
binary_t127_full_w1p0__uniform,binary_t127_full_w1p0,127,0.0,1.0,uniform,"равномерный шум: p=0.1, low <-> high",manhattan,5,0.8597,10000,42
binary_t127_full_w1p0__uniform,binary_t127_full_w1p0,127,0.0,1.0,uniform,"равномерный шум: p=0.1, low <-> high",manhattan,7,0.8635,10000,42
binary_t127_full_w1p0__uniform,binary_t127_full_w1p0,127,0.0,1.0,uniform,"равномерный шум: p=0.1, low <-> high",manhattan,9,0.8639,10000,42
binary_t127_full_w1p0__uniform,binary_t127_full_w1p0,127,0.0,1.0,uniform,"равномерный шум: p=0.1, low <-> high",weighted_euclidean,1,0.8631,10000,42
binary_t127_full_w1p0__uniform,binary_t127_full_w1p0,127,0.0,1.0,uniform,"равномерный шум: p=0.1, low <-> high",weighted_euclidean,3,0.8754,10000,42
binary_t127_full_w1p0__uniform,binary_t127_full_w1p0,127,0.0,1.0,uniform,"равномерный шум: p=0.1, low <-> high",weighted_euclidean,5,0.8813,10000,42
binary_t127_full_w1p0__uniform,binary_t127_full_w1p0,127,0.0,1.0,uniform,"равномерный шум: p=0.1, low <-> high",weighted_euclidean,7,0.8822,10000,42
binary_t127_full_w1p0__uniform,binary_t127_full_w1p0,127,0.0,1.0,uniform,"равномерный шум: p=0.1, low <-> high",weighted_euclidean,9,0.8837,10000,42
binary_t127_full_w1p0__uniform,binary_t127_full_w1p0,127,0.0,1.0,uniform,"равномерный шум: p=0.1, low <-> high",chebyshev,1,0.0996,10000,42
binary_t127_full_w1p0__uniform,binary_t127_full_w1p0,127,0.0,1.0,uniform,"равномерный шум: p=0.1, low <-> high",chebyshev,3,0.1,10000,42
binary_t127_full_w1p0__uniform,binary_t127_full_w1p0,127,0.0,1.0,uniform,"равномерный шум: p=0.1, low <-> high",chebyshev,5,0.0999,10000,42
binary_t127_full_w1p0__uniform,binary_t127_full_w1p0,127,0.0,1.0,uniform,"равномерный шум: p=0.1, low <-> high",chebyshev,7,0.0999,10000,42
binary_t127_full_w1p0__uniform,binary_t127_full_w1p0,127,0.0,1.0,uniform,"равномерный шум: p=0.1, low <-> high",chebyshev,9,0.0996,10000,42
binary_t127_full_w1p0__contour,binary_t127_full_w1p0,127,0.0,1.0,contour,"контурный шум: p_min=0.0, p_max=0.9, gamma=0.5, low <-> high",euclidean,1,0.7337,10000,42
binary_t127_full_w1p0__contour,binary_t127_full_w1p0,127,0.0,1.0,contour,"контурный шум: p_min=0.0, p_max=0.9, gamma=0.5, low <-> high",euclidean,3,0.7298,10000,42
binary_t127_full_w1p0__contour,binary_t127_full_w1p0,127,0.0,1.0,contour,"контурный шум: p_min=0.0, p_max=0.9, gamma=0.5, low <-> high",euclidean,5,0.7341,10000,42
binary_t127_full_w1p0__contour,binary_t127_full_w1p0,127,0.0,1.0,contour,"контурный шум: p_min=0.0, p_max=0.9, gamma=0.5, low <-> high",euclidean,7,0.7338,10000,42
binary_t127_full_w1p0__contour,binary_t127_full_w1p0,127,0.0,1.0,contour,"контурный шум: p_min=0.0, p_max=0.9, gamma=0.5, low <-> high",euclidean,9,0.7306,10000,42
binary_t127_full_w1p0__contour,binary_t127_full_w1p0,127,0.0,1.0,contour,"контурный шум: p_min=0.0, p_max=0.9, gamma=0.5, low <-> high",squared_euclidean,1,0.7337,10000,42
binary_t127_full_w1p0__contour,binary_t127_full_w1p0,127,0.0,1.0,contour,"контурный шум: p_min=0.0, p_max=0.9, gamma=0.5, low <-> high",squared_euclidean,3,0.7298,10000,42
binary_t127_full_w1p0__contour,binary_t127_full_w1p0,127,0.0,1.0,contour,"контурный шум: p_min=0.0, p_max=0.9, gamma=0.5, low <-> high",squared_euclidean,5,0.7341,10000,42
binary_t127_full_w1p0__contour,binary_t127_full_w1p0,127,0.0,1.0,contour,"контурный шум: p_min=0.0, p_max=0.9, gamma=0.5, low <-> high",squared_euclidean,7,0.7338,10000,42
binary_t127_full_w1p0__contour,binary_t127_full_w1p0,127,0.0,1.0,contour,"контурный шум: p_min=0.0, p_max=0.9, gamma=0.5, low <-> high",squared_euclidean,9,0.7306,10000,42
binary_t127_full_w1p0__contour,binary_t127_full_w1p0,127,0.0,1.0,contour,"контурный шум: p_min=0.0, p_max=0.9, gamma=0.5, low <-> high",manhattan,1,0.7337,10000,42
binary_t127_full_w1p0__contour,binary_t127_full_w1p0,127,0.0,1.0,contour,"контурный шум: p_min=0.0, p_max=0.9, gamma=0.5, low <-> high",manhattan,3,0.7298,10000,42
binary_t127_full_w1p0__contour,binary_t127_full_w1p0,127,0.0,1.0,contour,"контурный шум: p_min=0.0, p_max=0.9, gamma=0.5, low <-> high",manhattan,5,0.7341,10000,42
binary_t127_full_w1p0__contour,binary_t127_full_w1p0,127,0.0,1.0,contour,"контурный шум: p_min=0.0, p_max=0.9, gamma=0.5, low <-> high",manhattan,7,0.7338,10000,42
binary_t127_full_w1p0__contour,binary_t127_full_w1p0,127,0.0,1.0,contour,"контурный шум: p_min=0.0, p_max=0.9, gamma=0.5, low <-> high",manhattan,9,0.7306,10000,42
binary_t127_full_w1p0__contour,binary_t127_full_w1p0,127,0.0,1.0,contour,"контурный шум: p_min=0.0, p_max=0.9, gamma=0.5, low <-> high",weighted_euclidean,1,0.7402,10000,42
binary_t127_full_w1p0__contour,binary_t127_full_w1p0,127,0.0,1.0,contour,"контурный шум: p_min=0.0, p_max=0.9, gamma=0.5, low <-> high",weighted_euclidean,3,0.7384,10000,42
binary_t127_full_w1p0__contour,binary_t127_full_w1p0,127,0.0,1.0,contour,"контурный шум: p_min=0.0, p_max=0.9, gamma=0.5, low <-> high",weighted_euclidean,5,0.7431,10000,42
binary_t127_full_w1p0__contour,binary_t127_full_w1p0,127,0.0,1.0,contour,"контурный шум: p_min=0.0, p_max=0.9, gamma=0.5, low <-> high",weighted_euclidean,7,0.7411999999999999,10000,42
binary_t127_full_w1p0__contour,binary_t127_full_w1p0,127,0.0,1.0,contour,"контурный шум: p_min=0.0, p_max=0.9, gamma=0.5, low <-> high",weighted_euclidean,9,0.7385,10000,42
binary_t127_full_w1p0__contour,binary_t127_full_w1p0,127,0.0,1.0,contour,"контурный шум: p_min=0.0, p_max=0.9, gamma=0.5, low <-> high",chebyshev,1,0.0996,10000,42
binary_t127_full_w1p0__contour,binary_t127_full_w1p0,127,0.0,1.0,contour,"контурный шум: p_min=0.0, p_max=0.9, gamma=0.5, low <-> high",chebyshev,3,0.1,10000,42
binary_t127_full_w1p0__contour,binary_t127_full_w1p0,127,0.0,1.0,contour,"контурный шум: p_min=0.0, p_max=0.9, gamma=0.5, low <-> high",chebyshev,5,0.0999,10000,42
binary_t127_full_w1p0__contour,binary_t127_full_w1p0,127,0.0,1.0,contour,"контурный шум: p_min=0.0, p_max=0.9, gamma=0.5, low <-> high",chebyshev,7,0.0999,10000,42
binary_t127_full_w1p0__contour,binary_t127_full_w1p0,127,0.0,1.0,contour,"контурный шум: p_min=0.0, p_max=0.9, gamma=0.5, low <-> high",chebyshev,9,0.0996,10000,42
binary_t127_lower_w0p05__none,binary_t127_lower_w0p05,127,0.0,0.05,none,без шума,euclidean,1,0.9338,10000,42
binary_t127_lower_w0p05__none,binary_t127_lower_w0p05,127,0.0,0.05,none,без шума,euclidean,3,0.9337000000000001,10000,42
binary_t127_lower_w0p05__none,binary_t127_lower_w0p05,127,0.0,0.05,none,без шума,euclidean,5,0.9341000000000002,10000,42
binary_t127_lower_w0p05__none,binary_t127_lower_w0p05,127,0.0,0.05,none,без шума,euclidean,7,0.9333,10000,42
binary_t127_lower_w0p05__none,binary_t127_lower_w0p05,127,0.0,0.05,none,без шума,euclidean,9,0.9307,10000,42
binary_t127_lower_w0p05__none,binary_t127_lower_w0p05,127,0.0,0.05,none,без шума,squared_euclidean,1,0.9338,10000,42
binary_t127_lower_w0p05__none,binary_t127_lower_w0p05,127,0.0,0.05,none,без шума,squared_euclidean,3,0.9337000000000001,10000,42
binary_t127_lower_w0p05__none,binary_t127_lower_w0p05,127,0.0,0.05,none,без шума,squared_euclidean,5,0.9341000000000002,10000,42
binary_t127_lower_w0p05__none,binary_t127_lower_w0p05,127,0.0,0.05,none,без шума,squared_euclidean,7,0.9333,10000,42
binary_t127_lower_w0p05__none,binary_t127_lower_w0p05,127,0.0,0.05,none,без шума,squared_euclidean,9,0.9307,10000,42
binary_t127_lower_w0p05__none,binary_t127_lower_w0p05,127,0.0,0.05,none,без шума,manhattan,1,0.9342,10000,42
binary_t127_lower_w0p05__none,binary_t127_lower_w0p05,127,0.0,0.05,none,без шума,manhattan,3,0.9326000000000001,10000,42
binary_t127_lower_w0p05__none,binary_t127_lower_w0p05,127,0.0,0.05,none,без шума,manhattan,5,0.9346,10000,42
binary_t127_lower_w0p05__none,binary_t127_lower_w0p05,127,0.0,0.05,none,без шума,manhattan,7,0.9330000000000002,10000,42
binary_t127_lower_w0p05__none,binary_t127_lower_w0p05,127,0.0,0.05,none,без шума,manhattan,9,0.9304000000000001,10000,42
binary_t127_lower_w0p05__none,binary_t127_lower_w0p05,127,0.0,0.05,none,без шума,weighted_euclidean,1,0.9377,10000,42
binary_t127_lower_w0p05__none,binary_t127_lower_w0p05,127,0.0,0.05,none,без шума,weighted_euclidean,3,0.9381,10000,42
binary_t127_lower_w0p05__none,binary_t127_lower_w0p05,127,0.0,0.05,none,без шума,weighted_euclidean,5,0.9361,10000,42
binary_t127_lower_w0p05__none,binary_t127_lower_w0p05,127,0.0,0.05,none,без шума,weighted_euclidean,7,0.9346,10000,42
binary_t127_lower_w0p05__none,binary_t127_lower_w0p05,127,0.0,0.05,none,без шума,weighted_euclidean,9,0.9326000000000001,10000,42
binary_t127_lower_w0p05__none,binary_t127_lower_w0p05,127,0.0,0.05,none,без шума,chebyshev,1,0.0996,10000,42
binary_t127_lower_w0p05__none,binary_t127_lower_w0p05,127,0.0,0.05,none,без шума,chebyshev,3,0.1002,10000,42
binary_t127_lower_w0p05__none,binary_t127_lower_w0p05,127,0.0,0.05,none,без шума,chebyshev,5,0.09969999999999998,10000,42
binary_t127_lower_w0p05__none,binary_t127_lower_w0p05,127,0.0,0.05,none,без шума,chebyshev,7,0.0999,10000,42
binary_t127_lower_w0p05__none,binary_t127_lower_w0p05,127,0.0,0.05,none,без шума,chebyshev,9,0.0996,10000,42
binary_t127_lower_w0p05__uniform,binary_t127_lower_w0p05,127,0.0,0.05,uniform,"равномерный шум: p=0.1, low <-> high",euclidean,1,0.8371,10000,42
binary_t127_lower_w0p05__uniform,binary_t127_lower_w0p05,127,0.0,0.05,uniform,"равномерный шум: p=0.1, low <-> high",euclidean,3,0.8493,10000,42
binary_t127_lower_w0p05__uniform,binary_t127_lower_w0p05,127,0.0,0.05,uniform,"равномерный шум: p=0.1, low <-> high",euclidean,5,0.8611,10000,42
binary_t127_lower_w0p05__uniform,binary_t127_lower_w0p05,127,0.0,0.05,uniform,"равномерный шум: p=0.1, low <-> high",euclidean,7,0.8637,10000,42
binary_t127_lower_w0p05__uniform,binary_t127_lower_w0p05,127,0.0,0.05,uniform,"равномерный шум: p=0.1, low <-> high",euclidean,9,0.8636,10000,42
binary_t127_lower_w0p05__uniform,binary_t127_lower_w0p05,127,0.0,0.05,uniform,"равномерный шум: p=0.1, low <-> high",squared_euclidean,1,0.8371,10000,42
binary_t127_lower_w0p05__uniform,binary_t127_lower_w0p05,127,0.0,0.05,uniform,"равномерный шум: p=0.1, low <-> high",squared_euclidean,3,0.8493,10000,42
binary_t127_lower_w0p05__uniform,binary_t127_lower_w0p05,127,0.0,0.05,uniform,"равномерный шум: p=0.1, low <-> high",squared_euclidean,5,0.8611,10000,42
binary_t127_lower_w0p05__uniform,binary_t127_lower_w0p05,127,0.0,0.05,uniform,"равномерный шум: p=0.1, low <-> high",squared_euclidean,7,0.8637,10000,42
binary_t127_lower_w0p05__uniform,binary_t127_lower_w0p05,127,0.0,0.05,uniform,"равномерный шум: p=0.1, low <-> high",squared_euclidean,9,0.8636,10000,42
binary_t127_lower_w0p05__uniform,binary_t127_lower_w0p05,127,0.0,0.05,uniform,"равномерный шум: p=0.1, low <-> high",manhattan,1,0.8369,10000,42
binary_t127_lower_w0p05__uniform,binary_t127_lower_w0p05,127,0.0,0.05,uniform,"равномерный шум: p=0.1, low <-> high",manhattan,3,0.8496000000000001,10000,42
binary_t127_lower_w0p05__uniform,binary_t127_lower_w0p05,127,0.0,0.05,uniform,"равномерный шум: p=0.1, low <-> high",manhattan,5,0.8597,10000,42
binary_t127_lower_w0p05__uniform,binary_t127_lower_w0p05,127,0.0,0.05,uniform,"равномерный шум: p=0.1, low <-> high",manhattan,7,0.8635,10000,42
binary_t127_lower_w0p05__uniform,binary_t127_lower_w0p05,127,0.0,0.05,uniform,"равномерный шум: p=0.1, low <-> high",manhattan,9,0.8639,10000,42
binary_t127_lower_w0p05__uniform,binary_t127_lower_w0p05,127,0.0,0.05,uniform,"равномерный шум: p=0.1, low <-> high",weighted_euclidean,1,0.8631,10000,42
binary_t127_lower_w0p05__uniform,binary_t127_lower_w0p05,127,0.0,0.05,uniform,"равномерный шум: p=0.1, low <-> high",weighted_euclidean,3,0.8754,10000,42
binary_t127_lower_w0p05__uniform,binary_t127_lower_w0p05,127,0.0,0.05,uniform,"равномерный шум: p=0.1, low <-> high",weighted_euclidean,5,0.8813,10000,42
binary_t127_lower_w0p05__uniform,binary_t127_lower_w0p05,127,0.0,0.05,uniform,"равномерный шум: p=0.1, low <-> high",weighted_euclidean,7,0.8822,10000,42
binary_t127_lower_w0p05__uniform,binary_t127_lower_w0p05,127,0.0,0.05,uniform,"равномерный шум: p=0.1, low <-> high",weighted_euclidean,9,0.8837,10000,42
binary_t127_lower_w0p05__uniform,binary_t127_lower_w0p05,127,0.0,0.05,uniform,"равномерный шум: p=0.1, low <-> high",chebyshev,1,0.0996,10000,42
binary_t127_lower_w0p05__uniform,binary_t127_lower_w0p05,127,0.0,0.05,uniform,"равномерный шум: p=0.1, low <-> high",chebyshev,3,0.1,10000,42
binary_t127_lower_w0p05__uniform,binary_t127_lower_w0p05,127,0.0,0.05,uniform,"равномерный шум: p=0.1, low <-> high",chebyshev,5,0.0999,10000,42
binary_t127_lower_w0p05__uniform,binary_t127_lower_w0p05,127,0.0,0.05,uniform,"равномерный шум: p=0.1, low <-> high",chebyshev,7,0.0999,10000,42
binary_t127_lower_w0p05__uniform,binary_t127_lower_w0p05,127,0.0,0.05,uniform,"равномерный шум: p=0.1, low <-> high",chebyshev,9,0.0996,10000,42
binary_t127_lower_w0p05__contour,binary_t127_lower_w0p05,127,0.0,0.05,contour,"контурный шум: p_min=0.0, p_max=0.9, gamma=0.5, low <-> high",euclidean,1,0.7341,10000,42
binary_t127_lower_w0p05__contour,binary_t127_lower_w0p05,127,0.0,0.05,contour,"контурный шум: p_min=0.0, p_max=0.9, gamma=0.5, low <-> high",euclidean,3,0.7297,10000,42
binary_t127_lower_w0p05__contour,binary_t127_lower_w0p05,127,0.0,0.05,contour,"контурный шум: p_min=0.0, p_max=0.9, gamma=0.5, low <-> high",euclidean,5,0.7347,10000,42
binary_t127_lower_w0p05__contour,binary_t127_lower_w0p05,127,0.0,0.05,contour,"контурный шум: p_min=0.0, p_max=0.9, gamma=0.5, low <-> high",euclidean,7,0.7334,10000,42
binary_t127_lower_w0p05__contour,binary_t127_lower_w0p05,127,0.0,0.05,contour,"контурный шум: p_min=0.0, p_max=0.9, gamma=0.5, low <-> high",euclidean,9,0.7278,10000,42
binary_t127_lower_w0p05__contour,binary_t127_lower_w0p05,127,0.0,0.05,contour,"контурный шум: p_min=0.0, p_max=0.9, gamma=0.5, low <-> high",squared_euclidean,1,0.7341,10000,42
binary_t127_lower_w0p05__contour,binary_t127_lower_w0p05,127,0.0,0.05,contour,"контурный шум: p_min=0.0, p_max=0.9, gamma=0.5, low <-> high",squared_euclidean,3,0.7297,10000,42
binary_t127_lower_w0p05__contour,binary_t127_lower_w0p05,127,0.0,0.05,contour,"контурный шум: p_min=0.0, p_max=0.9, gamma=0.5, low <-> high",squared_euclidean,5,0.7347,10000,42
binary_t127_lower_w0p05__contour,binary_t127_lower_w0p05,127,0.0,0.05,contour,"контурный шум: p_min=0.0, p_max=0.9, gamma=0.5, low <-> high",squared_euclidean,7,0.7334,10000,42
binary_t127_lower_w0p05__contour,binary_t127_lower_w0p05,127,0.0,0.05,contour,"контурный шум: p_min=0.0, p_max=0.9, gamma=0.5, low <-> high",squared_euclidean,9,0.7278,10000,42
binary_t127_lower_w0p05__contour,binary_t127_lower_w0p05,127,0.0,0.05,contour,"контурный шум: p_min=0.0, p_max=0.9, gamma=0.5, low <-> high",manhattan,1,0.7337,10000,42
binary_t127_lower_w0p05__contour,binary_t127_lower_w0p05,127,0.0,0.05,contour,"контурный шум: p_min=0.0, p_max=0.9, gamma=0.5, low <-> high",manhattan,3,0.7298,10000,42
binary_t127_lower_w0p05__contour,binary_t127_lower_w0p05,127,0.0,0.05,contour,"контурный шум: p_min=0.0, p_max=0.9, gamma=0.5, low <-> high",manhattan,5,0.7341,10000,42
binary_t127_lower_w0p05__contour,binary_t127_lower_w0p05,127,0.0,0.05,contour,"контурный шум: p_min=0.0, p_max=0.9, gamma=0.5, low <-> high",manhattan,7,0.7338,10000,42
binary_t127_lower_w0p05__contour,binary_t127_lower_w0p05,127,0.0,0.05,contour,"контурный шум: p_min=0.0, p_max=0.9, gamma=0.5, low <-> high",manhattan,9,0.7306,10000,42
binary_t127_lower_w0p05__contour,binary_t127_lower_w0p05,127,0.0,0.05,contour,"контурный шум: p_min=0.0, p_max=0.9, gamma=0.5, low <-> high",weighted_euclidean,1,0.7402,10000,42
binary_t127_lower_w0p05__contour,binary_t127_lower_w0p05,127,0.0,0.05,contour,"контурный шум: p_min=0.0, p_max=0.9, gamma=0.5, low <-> high",weighted_euclidean,3,0.7384,10000,42
binary_t127_lower_w0p05__contour,binary_t127_lower_w0p05,127,0.0,0.05,contour,"контурный шум: p_min=0.0, p_max=0.9, gamma=0.5, low <-> high",weighted_euclidean,5,0.7431,10000,42
binary_t127_lower_w0p05__contour,binary_t127_lower_w0p05,127,0.0,0.05,contour,"контурный шум: p_min=0.0, p_max=0.9, gamma=0.5, low <-> high",weighted_euclidean,7,0.7411999999999999,10000,42
binary_t127_lower_w0p05__contour,binary_t127_lower_w0p05,127,0.0,0.05,contour,"контурный шум: p_min=0.0, p_max=0.9, gamma=0.5, low <-> high",weighted_euclidean,9,0.7385,10000,42
binary_t127_lower_w0p05__contour,binary_t127_lower_w0p05,127,0.0,0.05,contour,"контурный шум: p_min=0.0, p_max=0.9, gamma=0.5, low <-> high",chebyshev,1,0.0996,10000,42
binary_t127_lower_w0p05__contour,binary_t127_lower_w0p05,127,0.0,0.05,contour,"контурный шум: p_min=0.0, p_max=0.9, gamma=0.5, low <-> high",chebyshev,3,0.1,10000,42
binary_t127_lower_w0p05__contour,binary_t127_lower_w0p05,127,0.0,0.05,contour,"контурный шум: p_min=0.0, p_max=0.9, gamma=0.5, low <-> high",chebyshev,5,0.0999,10000,42
binary_t127_lower_w0p05__contour,binary_t127_lower_w0p05,127,0.0,0.05,contour,"контурный шум: p_min=0.0, p_max=0.9, gamma=0.5, low <-> high",chebyshev,7,0.0999,10000,42
binary_t127_lower_w0p05__contour,binary_t127_lower_w0p05,127,0.0,0.05,contour,"контурный шум: p_min=0.0, p_max=0.9, gamma=0.5, low <-> high",chebyshev,9,0.0996,10000,42
binary_t127_lower_w0p1__none,binary_t127_lower_w0p1,127,0.0,0.1,none,без шума,euclidean,1,0.9338,10000,42
binary_t127_lower_w0p1__none,binary_t127_lower_w0p1,127,0.0,0.1,none,без шума,euclidean,3,0.9337000000000001,10000,42
binary_t127_lower_w0p1__none,binary_t127_lower_w0p1,127,0.0,0.1,none,без шума,euclidean,5,0.9341000000000002,10000,42
binary_t127_lower_w0p1__none,binary_t127_lower_w0p1,127,0.0,0.1,none,без шума,euclidean,7,0.9333,10000,42
binary_t127_lower_w0p1__none,binary_t127_lower_w0p1,127,0.0,0.1,none,без шума,euclidean,9,0.9307,10000,42
binary_t127_lower_w0p1__none,binary_t127_lower_w0p1,127,0.0,0.1,none,без шума,squared_euclidean,1,0.9338,10000,42
binary_t127_lower_w0p1__none,binary_t127_lower_w0p1,127,0.0,0.1,none,без шума,squared_euclidean,3,0.9337000000000001,10000,42
binary_t127_lower_w0p1__none,binary_t127_lower_w0p1,127,0.0,0.1,none,без шума,squared_euclidean,5,0.9341000000000002,10000,42
binary_t127_lower_w0p1__none,binary_t127_lower_w0p1,127,0.0,0.1,none,без шума,squared_euclidean,7,0.9333,10000,42
binary_t127_lower_w0p1__none,binary_t127_lower_w0p1,127,0.0,0.1,none,без шума,squared_euclidean,9,0.9307,10000,42
binary_t127_lower_w0p1__none,binary_t127_lower_w0p1,127,0.0,0.1,none,без шума,manhattan,1,0.9342,10000,42
binary_t127_lower_w0p1__none,binary_t127_lower_w0p1,127,0.0,0.1,none,без шума,manhattan,3,0.9326000000000001,10000,42
binary_t127_lower_w0p1__none,binary_t127_lower_w0p1,127,0.0,0.1,none,без шума,manhattan,5,0.9346,10000,42
binary_t127_lower_w0p1__none,binary_t127_lower_w0p1,127,0.0,0.1,none,без шума,manhattan,7,0.9330000000000002,10000,42
binary_t127_lower_w0p1__none,binary_t127_lower_w0p1,127,0.0,0.1,none,без шума,manhattan,9,0.9304000000000001,10000,42
binary_t127_lower_w0p1__none,binary_t127_lower_w0p1,127,0.0,0.1,none,без шума,weighted_euclidean,1,0.9377,10000,42
binary_t127_lower_w0p1__none,binary_t127_lower_w0p1,127,0.0,0.1,none,без шума,weighted_euclidean,3,0.9381,10000,42
binary_t127_lower_w0p1__none,binary_t127_lower_w0p1,127,0.0,0.1,none,без шума,weighted_euclidean,5,0.9361,10000,42
binary_t127_lower_w0p1__none,binary_t127_lower_w0p1,127,0.0,0.1,none,без шума,weighted_euclidean,7,0.9346,10000,42
binary_t127_lower_w0p1__none,binary_t127_lower_w0p1,127,0.0,0.1,none,без шума,weighted_euclidean,9,0.9326000000000001,10000,42
binary_t127_lower_w0p1__none,binary_t127_lower_w0p1,127,0.0,0.1,none,без шума,chebyshev,1,0.0996,10000,42
binary_t127_lower_w0p1__none,binary_t127_lower_w0p1,127,0.0,0.1,none,без шума,chebyshev,3,0.1002,10000,42
binary_t127_lower_w0p1__none,binary_t127_lower_w0p1,127,0.0,0.1,none,без шума,chebyshev,5,0.09969999999999998,10000,42
binary_t127_lower_w0p1__none,binary_t127_lower_w0p1,127,0.0,0.1,none,без шума,chebyshev,7,0.0999,10000,42
binary_t127_lower_w0p1__none,binary_t127_lower_w0p1,127,0.0,0.1,none,без шума,chebyshev,9,0.0996,10000,42
binary_t127_lower_w0p1__uniform,binary_t127_lower_w0p1,127,0.0,0.1,uniform,"равномерный шум: p=0.1, low <-> high",euclidean,1,0.8371,10000,42
binary_t127_lower_w0p1__uniform,binary_t127_lower_w0p1,127,0.0,0.1,uniform,"равномерный шум: p=0.1, low <-> high",euclidean,3,0.8493,10000,42
binary_t127_lower_w0p1__uniform,binary_t127_lower_w0p1,127,0.0,0.1,uniform,"равномерный шум: p=0.1, low <-> high",euclidean,5,0.8611,10000,42
binary_t127_lower_w0p1__uniform,binary_t127_lower_w0p1,127,0.0,0.1,uniform,"равномерный шум: p=0.1, low <-> high",euclidean,7,0.8637,10000,42
binary_t127_lower_w0p1__uniform,binary_t127_lower_w0p1,127,0.0,0.1,uniform,"равномерный шум: p=0.1, low <-> high",euclidean,9,0.8636,10000,42
binary_t127_lower_w0p1__uniform,binary_t127_lower_w0p1,127,0.0,0.1,uniform,"равномерный шум: p=0.1, low <-> high",squared_euclidean,1,0.8371,10000,42
binary_t127_lower_w0p1__uniform,binary_t127_lower_w0p1,127,0.0,0.1,uniform,"равномерный шум: p=0.1, low <-> high",squared_euclidean,3,0.8493,10000,42
binary_t127_lower_w0p1__uniform,binary_t127_lower_w0p1,127,0.0,0.1,uniform,"равномерный шум: p=0.1, low <-> high",squared_euclidean,5,0.8611,10000,42
binary_t127_lower_w0p1__uniform,binary_t127_lower_w0p1,127,0.0,0.1,uniform,"равномерный шум: p=0.1, low <-> high",squared_euclidean,7,0.8637,10000,42
binary_t127_lower_w0p1__uniform,binary_t127_lower_w0p1,127,0.0,0.1,uniform,"равномерный шум: p=0.1, low <-> high",squared_euclidean,9,0.8636,10000,42
binary_t127_lower_w0p1__uniform,binary_t127_lower_w0p1,127,0.0,0.1,uniform,"равномерный шум: p=0.1, low <-> high",manhattan,1,0.8369,10000,42
binary_t127_lower_w0p1__uniform,binary_t127_lower_w0p1,127,0.0,0.1,uniform,"равномерный шум: p=0.1, low <-> high",manhattan,3,0.8496000000000001,10000,42
binary_t127_lower_w0p1__uniform,binary_t127_lower_w0p1,127,0.0,0.1,uniform,"равномерный шум: p=0.1, low <-> high",manhattan,5,0.8597,10000,42
binary_t127_lower_w0p1__uniform,binary_t127_lower_w0p1,127,0.0,0.1,uniform,"равномерный шум: p=0.1, low <-> high",manhattan,7,0.8635,10000,42
binary_t127_lower_w0p1__uniform,binary_t127_lower_w0p1,127,0.0,0.1,uniform,"равномерный шум: p=0.1, low <-> high",manhattan,9,0.8639,10000,42
binary_t127_lower_w0p1__uniform,binary_t127_lower_w0p1,127,0.0,0.1,uniform,"равномерный шум: p=0.1, low <-> high",weighted_euclidean,1,0.8631,10000,42
binary_t127_lower_w0p1__uniform,binary_t127_lower_w0p1,127,0.0,0.1,uniform,"равномерный шум: p=0.1, low <-> high",weighted_euclidean,3,0.8754,10000,42
binary_t127_lower_w0p1__uniform,binary_t127_lower_w0p1,127,0.0,0.1,uniform,"равномерный шум: p=0.1, low <-> high",weighted_euclidean,5,0.8813,10000,42
binary_t127_lower_w0p1__uniform,binary_t127_lower_w0p1,127,0.0,0.1,uniform,"равномерный шум: p=0.1, low <-> high",weighted_euclidean,7,0.8822,10000,42
binary_t127_lower_w0p1__uniform,binary_t127_lower_w0p1,127,0.0,0.1,uniform,"равномерный шум: p=0.1, low <-> high",weighted_euclidean,9,0.8837,10000,42
binary_t127_lower_w0p1__uniform,binary_t127_lower_w0p1,127,0.0,0.1,uniform,"равномерный шум: p=0.1, low <-> high",chebyshev,1,0.0996,10000,42
binary_t127_lower_w0p1__uniform,binary_t127_lower_w0p1,127,0.0,0.1,uniform,"равномерный шум: p=0.1, low <-> high",chebyshev,3,0.1,10000,42
binary_t127_lower_w0p1__uniform,binary_t127_lower_w0p1,127,0.0,0.1,uniform,"равномерный шум: p=0.1, low <-> high",chebyshev,5,0.0999,10000,42
binary_t127_lower_w0p1__uniform,binary_t127_lower_w0p1,127,0.0,0.1,uniform,"равномерный шум: p=0.1, low <-> high",chebyshev,7,0.0999,10000,42
binary_t127_lower_w0p1__uniform,binary_t127_lower_w0p1,127,0.0,0.1,uniform,"равномерный шум: p=0.1, low <-> high",chebyshev,9,0.0996,10000,42
binary_t127_lower_w0p1__contour,binary_t127_lower_w0p1,127,0.0,0.1,contour,"контурный шум: p_min=0.0, p_max=0.9, gamma=0.5, low <-> high",euclidean,1,0.7341,10000,42
binary_t127_lower_w0p1__contour,binary_t127_lower_w0p1,127,0.0,0.1,contour,"контурный шум: p_min=0.0, p_max=0.9, gamma=0.5, low <-> high",euclidean,3,0.7297,10000,42
binary_t127_lower_w0p1__contour,binary_t127_lower_w0p1,127,0.0,0.1,contour,"контурный шум: p_min=0.0, p_max=0.9, gamma=0.5, low <-> high",euclidean,5,0.7347,10000,42
binary_t127_lower_w0p1__contour,binary_t127_lower_w0p1,127,0.0,0.1,contour,"контурный шум: p_min=0.0, p_max=0.9, gamma=0.5, low <-> high",euclidean,7,0.7334,10000,42
binary_t127_lower_w0p1__contour,binary_t127_lower_w0p1,127,0.0,0.1,contour,"контурный шум: p_min=0.0, p_max=0.9, gamma=0.5, low <-> high",euclidean,9,0.7278,10000,42
binary_t127_lower_w0p1__contour,binary_t127_lower_w0p1,127,0.0,0.1,contour,"контурный шум: p_min=0.0, p_max=0.9, gamma=0.5, low <-> high",squared_euclidean,1,0.7341,10000,42
binary_t127_lower_w0p1__contour,binary_t127_lower_w0p1,127,0.0,0.1,contour,"контурный шум: p_min=0.0, p_max=0.9, gamma=0.5, low <-> high",squared_euclidean,3,0.7297,10000,42
binary_t127_lower_w0p1__contour,binary_t127_lower_w0p1,127,0.0,0.1,contour,"контурный шум: p_min=0.0, p_max=0.9, gamma=0.5, low <-> high",squared_euclidean,5,0.7347,10000,42
binary_t127_lower_w0p1__contour,binary_t127_lower_w0p1,127,0.0,0.1,contour,"контурный шум: p_min=0.0, p_max=0.9, gamma=0.5, low <-> high",squared_euclidean,7,0.7334,10000,42
binary_t127_lower_w0p1__contour,binary_t127_lower_w0p1,127,0.0,0.1,contour,"контурный шум: p_min=0.0, p_max=0.9, gamma=0.5, low <-> high",squared_euclidean,9,0.7278,10000,42
binary_t127_lower_w0p1__contour,binary_t127_lower_w0p1,127,0.0,0.1,contour,"контурный шум: p_min=0.0, p_max=0.9, gamma=0.5, low <-> high",manhattan,1,0.7337,10000,42
binary_t127_lower_w0p1__contour,binary_t127_lower_w0p1,127,0.0,0.1,contour,"контурный шум: p_min=0.0, p_max=0.9, gamma=0.5, low <-> high",manhattan,3,0.7298,10000,42
binary_t127_lower_w0p1__contour,binary_t127_lower_w0p1,127,0.0,0.1,contour,"контурный шум: p_min=0.0, p_max=0.9, gamma=0.5, low <-> high",manhattan,5,0.7341,10000,42
binary_t127_lower_w0p1__contour,binary_t127_lower_w0p1,127,0.0,0.1,contour,"контурный шум: p_min=0.0, p_max=0.9, gamma=0.5, low <-> high",manhattan,7,0.7338,10000,42
binary_t127_lower_w0p1__contour,binary_t127_lower_w0p1,127,0.0,0.1,contour,"контурный шум: p_min=0.0, p_max=0.9, gamma=0.5, low <-> high",manhattan,9,0.7306,10000,42
binary_t127_lower_w0p1__contour,binary_t127_lower_w0p1,127,0.0,0.1,contour,"контурный шум: p_min=0.0, p_max=0.9, gamma=0.5, low <-> high",weighted_euclidean,1,0.7402,10000,42
binary_t127_lower_w0p1__contour,binary_t127_lower_w0p1,127,0.0,0.1,contour,"контурный шум: p_min=0.0, p_max=0.9, gamma=0.5, low <-> high",weighted_euclidean,3,0.7384,10000,42
binary_t127_lower_w0p1__contour,binary_t127_lower_w0p1,127,0.0,0.1,contour,"контурный шум: p_min=0.0, p_max=0.9, gamma=0.5, low <-> high",weighted_euclidean,5,0.7431,10000,42
binary_t127_lower_w0p1__contour,binary_t127_lower_w0p1,127,0.0,0.1,contour,"контурный шум: p_min=0.0, p_max=0.9, gamma=0.5, low <-> high",weighted_euclidean,7,0.7411999999999999,10000,42
binary_t127_lower_w0p1__contour,binary_t127_lower_w0p1,127,0.0,0.1,contour,"контурный шум: p_min=0.0, p_max=0.9, gamma=0.5, low <-> high",weighted_euclidean,9,0.7385,10000,42
binary_t127_lower_w0p1__contour,binary_t127_lower_w0p1,127,0.0,0.1,contour,"контурный шум: p_min=0.0, p_max=0.9, gamma=0.5, low <-> high",chebyshev,1,0.0996,10000,42
binary_t127_lower_w0p1__contour,binary_t127_lower_w0p1,127,0.0,0.1,contour,"контурный шум: p_min=0.0, p_max=0.9, gamma=0.5, low <-> high",chebyshev,3,0.1,10000,42
binary_t127_lower_w0p1__contour,binary_t127_lower_w0p1,127,0.0,0.1,contour,"контурный шум: p_min=0.0, p_max=0.9, gamma=0.5, low <-> high",chebyshev,5,0.0999,10000,42
binary_t127_lower_w0p1__contour,binary_t127_lower_w0p1,127,0.0,0.1,contour,"контурный шум: p_min=0.0, p_max=0.9, gamma=0.5, low <-> high",chebyshev,7,0.0999,10000,42
binary_t127_lower_w0p1__contour,binary_t127_lower_w0p1,127,0.0,0.1,contour,"контурный шум: p_min=0.0, p_max=0.9, gamma=0.5, low <-> high",chebyshev,9,0.0996,10000,42
binary_t127_lower_w0p2__none,binary_t127_lower_w0p2,127,0.0,0.2,none,без шума,euclidean,1,0.9338,10000,42
binary_t127_lower_w0p2__none,binary_t127_lower_w0p2,127,0.0,0.2,none,без шума,euclidean,3,0.9337000000000001,10000,42
binary_t127_lower_w0p2__none,binary_t127_lower_w0p2,127,0.0,0.2,none,без шума,euclidean,5,0.9341000000000002,10000,42
binary_t127_lower_w0p2__none,binary_t127_lower_w0p2,127,0.0,0.2,none,без шума,euclidean,7,0.9333,10000,42
binary_t127_lower_w0p2__none,binary_t127_lower_w0p2,127,0.0,0.2,none,без шума,euclidean,9,0.9307,10000,42
binary_t127_lower_w0p2__none,binary_t127_lower_w0p2,127,0.0,0.2,none,без шума,squared_euclidean,1,0.9338,10000,42
binary_t127_lower_w0p2__none,binary_t127_lower_w0p2,127,0.0,0.2,none,без шума,squared_euclidean,3,0.9337000000000001,10000,42
binary_t127_lower_w0p2__none,binary_t127_lower_w0p2,127,0.0,0.2,none,без шума,squared_euclidean,5,0.9341000000000002,10000,42
binary_t127_lower_w0p2__none,binary_t127_lower_w0p2,127,0.0,0.2,none,без шума,squared_euclidean,7,0.9333,10000,42
binary_t127_lower_w0p2__none,binary_t127_lower_w0p2,127,0.0,0.2,none,без шума,squared_euclidean,9,0.9307,10000,42
binary_t127_lower_w0p2__none,binary_t127_lower_w0p2,127,0.0,0.2,none,без шума,manhattan,1,0.9342,10000,42
binary_t127_lower_w0p2__none,binary_t127_lower_w0p2,127,0.0,0.2,none,без шума,manhattan,3,0.9326000000000001,10000,42
binary_t127_lower_w0p2__none,binary_t127_lower_w0p2,127,0.0,0.2,none,без шума,manhattan,5,0.9346,10000,42
binary_t127_lower_w0p2__none,binary_t127_lower_w0p2,127,0.0,0.2,none,без шума,manhattan,7,0.9330000000000002,10000,42
binary_t127_lower_w0p2__none,binary_t127_lower_w0p2,127,0.0,0.2,none,без шума,manhattan,9,0.9304000000000001,10000,42
binary_t127_lower_w0p2__none,binary_t127_lower_w0p2,127,0.0,0.2,none,без шума,weighted_euclidean,1,0.9377,10000,42
binary_t127_lower_w0p2__none,binary_t127_lower_w0p2,127,0.0,0.2,none,без шума,weighted_euclidean,3,0.9381,10000,42
binary_t127_lower_w0p2__none,binary_t127_lower_w0p2,127,0.0,0.2,none,без шума,weighted_euclidean,5,0.9361,10000,42
binary_t127_lower_w0p2__none,binary_t127_lower_w0p2,127,0.0,0.2,none,без шума,weighted_euclidean,7,0.9346,10000,42
binary_t127_lower_w0p2__none,binary_t127_lower_w0p2,127,0.0,0.2,none,без шума,weighted_euclidean,9,0.9326000000000001,10000,42
binary_t127_lower_w0p2__none,binary_t127_lower_w0p2,127,0.0,0.2,none,без шума,chebyshev,1,0.0996,10000,42
binary_t127_lower_w0p2__none,binary_t127_lower_w0p2,127,0.0,0.2,none,без шума,chebyshev,3,0.1002,10000,42
binary_t127_lower_w0p2__none,binary_t127_lower_w0p2,127,0.0,0.2,none,без шума,chebyshev,5,0.09969999999999998,10000,42
binary_t127_lower_w0p2__none,binary_t127_lower_w0p2,127,0.0,0.2,none,без шума,chebyshev,7,0.0999,10000,42
binary_t127_lower_w0p2__none,binary_t127_lower_w0p2,127,0.0,0.2,none,без шума,chebyshev,9,0.0996,10000,42
binary_t127_lower_w0p2__uniform,binary_t127_lower_w0p2,127,0.0,0.2,uniform,"равномерный шум: p=0.1, low <-> high",euclidean,1,0.8371,10000,42
binary_t127_lower_w0p2__uniform,binary_t127_lower_w0p2,127,0.0,0.2,uniform,"равномерный шум: p=0.1, low <-> high",euclidean,3,0.8493,10000,42
binary_t127_lower_w0p2__uniform,binary_t127_lower_w0p2,127,0.0,0.2,uniform,"равномерный шум: p=0.1, low <-> high",euclidean,5,0.8611,10000,42
binary_t127_lower_w0p2__uniform,binary_t127_lower_w0p2,127,0.0,0.2,uniform,"равномерный шум: p=0.1, low <-> high",euclidean,7,0.8637,10000,42
binary_t127_lower_w0p2__uniform,binary_t127_lower_w0p2,127,0.0,0.2,uniform,"равномерный шум: p=0.1, low <-> high",euclidean,9,0.8636,10000,42
binary_t127_lower_w0p2__uniform,binary_t127_lower_w0p2,127,0.0,0.2,uniform,"равномерный шум: p=0.1, low <-> high",squared_euclidean,1,0.8371,10000,42
binary_t127_lower_w0p2__uniform,binary_t127_lower_w0p2,127,0.0,0.2,uniform,"равномерный шум: p=0.1, low <-> high",squared_euclidean,3,0.8493,10000,42
binary_t127_lower_w0p2__uniform,binary_t127_lower_w0p2,127,0.0,0.2,uniform,"равномерный шум: p=0.1, low <-> high",squared_euclidean,5,0.8611,10000,42
binary_t127_lower_w0p2__uniform,binary_t127_lower_w0p2,127,0.0,0.2,uniform,"равномерный шум: p=0.1, low <-> high",squared_euclidean,7,0.8637,10000,42
binary_t127_lower_w0p2__uniform,binary_t127_lower_w0p2,127,0.0,0.2,uniform,"равномерный шум: p=0.1, low <-> high",squared_euclidean,9,0.8636,10000,42
binary_t127_lower_w0p2__uniform,binary_t127_lower_w0p2,127,0.0,0.2,uniform,"равномерный шум: p=0.1, low <-> high",manhattan,1,0.8369,10000,42
binary_t127_lower_w0p2__uniform,binary_t127_lower_w0p2,127,0.0,0.2,uniform,"равномерный шум: p=0.1, low <-> high",manhattan,3,0.8496000000000001,10000,42
binary_t127_lower_w0p2__uniform,binary_t127_lower_w0p2,127,0.0,0.2,uniform,"равномерный шум: p=0.1, low <-> high",manhattan,5,0.8597,10000,42
binary_t127_lower_w0p2__uniform,binary_t127_lower_w0p2,127,0.0,0.2,uniform,"равномерный шум: p=0.1, low <-> high",manhattan,7,0.8635,10000,42
binary_t127_lower_w0p2__uniform,binary_t127_lower_w0p2,127,0.0,0.2,uniform,"равномерный шум: p=0.1, low <-> high",manhattan,9,0.8639,10000,42
binary_t127_lower_w0p2__uniform,binary_t127_lower_w0p2,127,0.0,0.2,uniform,"равномерный шум: p=0.1, low <-> high",weighted_euclidean,1,0.8631,10000,42
binary_t127_lower_w0p2__uniform,binary_t127_lower_w0p2,127,0.0,0.2,uniform,"равномерный шум: p=0.1, low <-> high",weighted_euclidean,3,0.8754,10000,42
binary_t127_lower_w0p2__uniform,binary_t127_lower_w0p2,127,0.0,0.2,uniform,"равномерный шум: p=0.1, low <-> high",weighted_euclidean,5,0.8813,10000,42
binary_t127_lower_w0p2__uniform,binary_t127_lower_w0p2,127,0.0,0.2,uniform,"равномерный шум: p=0.1, low <-> high",weighted_euclidean,7,0.8822,10000,42
binary_t127_lower_w0p2__uniform,binary_t127_lower_w0p2,127,0.0,0.2,uniform,"равномерный шум: p=0.1, low <-> high",weighted_euclidean,9,0.8837,10000,42
binary_t127_lower_w0p2__uniform,binary_t127_lower_w0p2,127,0.0,0.2,uniform,"равномерный шум: p=0.1, low <-> high",chebyshev,1,0.0996,10000,42
binary_t127_lower_w0p2__uniform,binary_t127_lower_w0p2,127,0.0,0.2,uniform,"равномерный шум: p=0.1, low <-> high",chebyshev,3,0.1,10000,42
binary_t127_lower_w0p2__uniform,binary_t127_lower_w0p2,127,0.0,0.2,uniform,"равномерный шум: p=0.1, low <-> high",chebyshev,5,0.0999,10000,42
binary_t127_lower_w0p2__uniform,binary_t127_lower_w0p2,127,0.0,0.2,uniform,"равномерный шум: p=0.1, low <-> high",chebyshev,7,0.0999,10000,42
binary_t127_lower_w0p2__uniform,binary_t127_lower_w0p2,127,0.0,0.2,uniform,"равномерный шум: p=0.1, low <-> high",chebyshev,9,0.0996,10000,42
binary_t127_lower_w0p2__contour,binary_t127_lower_w0p2,127,0.0,0.2,contour,"контурный шум: p_min=0.0, p_max=0.9, gamma=0.5, low <-> high",euclidean,1,0.7341,10000,42
binary_t127_lower_w0p2__contour,binary_t127_lower_w0p2,127,0.0,0.2,contour,"контурный шум: p_min=0.0, p_max=0.9, gamma=0.5, low <-> high",euclidean,3,0.7297,10000,42
binary_t127_lower_w0p2__contour,binary_t127_lower_w0p2,127,0.0,0.2,contour,"контурный шум: p_min=0.0, p_max=0.9, gamma=0.5, low <-> high",euclidean,5,0.7347,10000,42
binary_t127_lower_w0p2__contour,binary_t127_lower_w0p2,127,0.0,0.2,contour,"контурный шум: p_min=0.0, p_max=0.9, gamma=0.5, low <-> high",euclidean,7,0.7334,10000,42
binary_t127_lower_w0p2__contour,binary_t127_lower_w0p2,127,0.0,0.2,contour,"контурный шум: p_min=0.0, p_max=0.9, gamma=0.5, low <-> high",euclidean,9,0.7278,10000,42
binary_t127_lower_w0p2__contour,binary_t127_lower_w0p2,127,0.0,0.2,contour,"контурный шум: p_min=0.0, p_max=0.9, gamma=0.5, low <-> high",squared_euclidean,1,0.7341,10000,42
binary_t127_lower_w0p2__contour,binary_t127_lower_w0p2,127,0.0,0.2,contour,"контурный шум: p_min=0.0, p_max=0.9, gamma=0.5, low <-> high",squared_euclidean,3,0.7297,10000,42
binary_t127_lower_w0p2__contour,binary_t127_lower_w0p2,127,0.0,0.2,contour,"контурный шум: p_min=0.0, p_max=0.9, gamma=0.5, low <-> high",squared_euclidean,5,0.7347,10000,42
binary_t127_lower_w0p2__contour,binary_t127_lower_w0p2,127,0.0,0.2,contour,"контурный шум: p_min=0.0, p_max=0.9, gamma=0.5, low <-> high",squared_euclidean,7,0.7334,10000,42
binary_t127_lower_w0p2__contour,binary_t127_lower_w0p2,127,0.0,0.2,contour,"контурный шум: p_min=0.0, p_max=0.9, gamma=0.5, low <-> high",squared_euclidean,9,0.7278,10000,42
binary_t127_lower_w0p2__contour,binary_t127_lower_w0p2,127,0.0,0.2,contour,"контурный шум: p_min=0.0, p_max=0.9, gamma=0.5, low <-> high",manhattan,1,0.7337,10000,42
binary_t127_lower_w0p2__contour,binary_t127_lower_w0p2,127,0.0,0.2,contour,"контурный шум: p_min=0.0, p_max=0.9, gamma=0.5, low <-> high",manhattan,3,0.7298,10000,42
binary_t127_lower_w0p2__contour,binary_t127_lower_w0p2,127,0.0,0.2,contour,"контурный шум: p_min=0.0, p_max=0.9, gamma=0.5, low <-> high",manhattan,5,0.7341,10000,42
binary_t127_lower_w0p2__contour,binary_t127_lower_w0p2,127,0.0,0.2,contour,"контурный шум: p_min=0.0, p_max=0.9, gamma=0.5, low <-> high",manhattan,7,0.7338,10000,42
binary_t127_lower_w0p2__contour,binary_t127_lower_w0p2,127,0.0,0.2,contour,"контурный шум: p_min=0.0, p_max=0.9, gamma=0.5, low <-> high",manhattan,9,0.7306,10000,42
binary_t127_lower_w0p2__contour,binary_t127_lower_w0p2,127,0.0,0.2,contour,"контурный шум: p_min=0.0, p_max=0.9, gamma=0.5, low <-> high",weighted_euclidean,1,0.7402,10000,42
binary_t127_lower_w0p2__contour,binary_t127_lower_w0p2,127,0.0,0.2,contour,"контурный шум: p_min=0.0, p_max=0.9, gamma=0.5, low <-> high",weighted_euclidean,3,0.7384,10000,42
binary_t127_lower_w0p2__contour,binary_t127_lower_w0p2,127,0.0,0.2,contour,"контурный шум: p_min=0.0, p_max=0.9, gamma=0.5, low <-> high",weighted_euclidean,5,0.7431,10000,42
binary_t127_lower_w0p2__contour,binary_t127_lower_w0p2,127,0.0,0.2,contour,"контурный шум: p_min=0.0, p_max=0.9, gamma=0.5, low <-> high",weighted_euclidean,7,0.7411999999999999,10000,42
binary_t127_lower_w0p2__contour,binary_t127_lower_w0p2,127,0.0,0.2,contour,"контурный шум: p_min=0.0, p_max=0.9, gamma=0.5, low <-> high",weighted_euclidean,9,0.7385,10000,42
binary_t127_lower_w0p2__contour,binary_t127_lower_w0p2,127,0.0,0.2,contour,"контурный шум: p_min=0.0, p_max=0.9, gamma=0.5, low <-> high",chebyshev,1,0.0996,10000,42
binary_t127_lower_w0p2__contour,binary_t127_lower_w0p2,127,0.0,0.2,contour,"контурный шум: p_min=0.0, p_max=0.9, gamma=0.5, low <-> high",chebyshev,3,0.1,10000,42
binary_t127_lower_w0p2__contour,binary_t127_lower_w0p2,127,0.0,0.2,contour,"контурный шум: p_min=0.0, p_max=0.9, gamma=0.5, low <-> high",chebyshev,5,0.0999,10000,42
binary_t127_lower_w0p2__contour,binary_t127_lower_w0p2,127,0.0,0.2,contour,"контурный шум: p_min=0.0, p_max=0.9, gamma=0.5, low <-> high",chebyshev,7,0.0999,10000,42
binary_t127_lower_w0p2__contour,binary_t127_lower_w0p2,127,0.0,0.2,contour,"контурный шум: p_min=0.0, p_max=0.9, gamma=0.5, low <-> high",chebyshev,9,0.0996,10000,42
binary_t127_middle_w0p05__none,binary_t127_middle_w0p05,127,0.475,0.525,none,без шума,euclidean,1,0.9347999999999999,10000,42
binary_t127_middle_w0p05__none,binary_t127_middle_w0p05,127,0.475,0.525,none,без шума,euclidean,3,0.9337000000000001,10000,42
binary_t127_middle_w0p05__none,binary_t127_middle_w0p05,127,0.475,0.525,none,без шума,euclidean,5,0.9346,10000,42
binary_t127_middle_w0p05__none,binary_t127_middle_w0p05,127,0.475,0.525,none,без шума,euclidean,7,0.9341000000000002,10000,42
binary_t127_middle_w0p05__none,binary_t127_middle_w0p05,127,0.475,0.525,none,без шума,euclidean,9,0.9307,10000,42
binary_t127_middle_w0p05__none,binary_t127_middle_w0p05,127,0.475,0.525,none,без шума,squared_euclidean,1,0.9347999999999999,10000,42
binary_t127_middle_w0p05__none,binary_t127_middle_w0p05,127,0.475,0.525,none,без шума,squared_euclidean,3,0.9337000000000001,10000,42
binary_t127_middle_w0p05__none,binary_t127_middle_w0p05,127,0.475,0.525,none,без шума,squared_euclidean,5,0.9346,10000,42
binary_t127_middle_w0p05__none,binary_t127_middle_w0p05,127,0.475,0.525,none,без шума,squared_euclidean,7,0.9341000000000002,10000,42
binary_t127_middle_w0p05__none,binary_t127_middle_w0p05,127,0.475,0.525,none,без шума,squared_euclidean,9,0.9307,10000,42
binary_t127_middle_w0p05__none,binary_t127_middle_w0p05,127,0.475,0.525,none,без шума,manhattan,1,0.9342,10000,42
binary_t127_middle_w0p05__none,binary_t127_middle_w0p05,127,0.475,0.525,none,без шума,manhattan,3,0.9326000000000001,10000,42
binary_t127_middle_w0p05__none,binary_t127_middle_w0p05,127,0.475,0.525,none,без шума,manhattan,5,0.9346,10000,42
binary_t127_middle_w0p05__none,binary_t127_middle_w0p05,127,0.475,0.525,none,без шума,manhattan,7,0.9330000000000002,10000,42
binary_t127_middle_w0p05__none,binary_t127_middle_w0p05,127,0.475,0.525,none,без шума,manhattan,9,0.9304000000000001,10000,42
binary_t127_middle_w0p05__none,binary_t127_middle_w0p05,127,0.475,0.525,none,без шума,weighted_euclidean,1,0.9377,10000,42
binary_t127_middle_w0p05__none,binary_t127_middle_w0p05,127,0.475,0.525,none,без шума,weighted_euclidean,3,0.9381,10000,42
binary_t127_middle_w0p05__none,binary_t127_middle_w0p05,127,0.475,0.525,none,без шума,weighted_euclidean,5,0.9361,10000,42
binary_t127_middle_w0p05__none,binary_t127_middle_w0p05,127,0.475,0.525,none,без шума,weighted_euclidean,7,0.9346,10000,42
binary_t127_middle_w0p05__none,binary_t127_middle_w0p05,127,0.475,0.525,none,без шума,weighted_euclidean,9,0.9326000000000001,10000,42
binary_t127_middle_w0p05__none,binary_t127_middle_w0p05,127,0.475,0.525,none,без шума,chebyshev,1,0.0996,10000,42
binary_t127_middle_w0p05__none,binary_t127_middle_w0p05,127,0.475,0.525,none,без шума,chebyshev,3,0.1002,10000,42
binary_t127_middle_w0p05__none,binary_t127_middle_w0p05,127,0.475,0.525,none,без шума,chebyshev,5,0.09969999999999998,10000,42
binary_t127_middle_w0p05__none,binary_t127_middle_w0p05,127,0.475,0.525,none,без шума,chebyshev,7,0.0999,10000,42
binary_t127_middle_w0p05__none,binary_t127_middle_w0p05,127,0.475,0.525,none,без шума,chebyshev,9,0.0996,10000,42
binary_t127_middle_w0p05__uniform,binary_t127_middle_w0p05,127,0.475,0.525,uniform,"равномерный шум: p=0.1, low <-> high",euclidean,1,0.8382999999999999,10000,42
binary_t127_middle_w0p05__uniform,binary_t127_middle_w0p05,127,0.475,0.525,uniform,"равномерный шум: p=0.1, low <-> high",euclidean,3,0.8515,10000,42
binary_t127_middle_w0p05__uniform,binary_t127_middle_w0p05,127,0.475,0.525,uniform,"равномерный шум: p=0.1, low <-> high",euclidean,5,0.8608,10000,42
binary_t127_middle_w0p05__uniform,binary_t127_middle_w0p05,127,0.475,0.525,uniform,"равномерный шум: p=0.1, low <-> high",euclidean,7,0.8619,10000,42
binary_t127_middle_w0p05__uniform,binary_t127_middle_w0p05,127,0.475,0.525,uniform,"равномерный шум: p=0.1, low <-> high",euclidean,9,0.865,10000,42
binary_t127_middle_w0p05__uniform,binary_t127_middle_w0p05,127,0.475,0.525,uniform,"равномерный шум: p=0.1, low <-> high",squared_euclidean,1,0.8382999999999999,10000,42
binary_t127_middle_w0p05__uniform,binary_t127_middle_w0p05,127,0.475,0.525,uniform,"равномерный шум: p=0.1, low <-> high",squared_euclidean,3,0.8515,10000,42
binary_t127_middle_w0p05__uniform,binary_t127_middle_w0p05,127,0.475,0.525,uniform,"равномерный шум: p=0.1, low <-> high",squared_euclidean,5,0.8608,10000,42
binary_t127_middle_w0p05__uniform,binary_t127_middle_w0p05,127,0.475,0.525,uniform,"равномерный шум: p=0.1, low <-> high",squared_euclidean,7,0.8619,10000,42
binary_t127_middle_w0p05__uniform,binary_t127_middle_w0p05,127,0.475,0.525,uniform,"равномерный шум: p=0.1, low <-> high",squared_euclidean,9,0.865,10000,42
binary_t127_middle_w0p05__uniform,binary_t127_middle_w0p05,127,0.475,0.525,uniform,"равномерный шум: p=0.1, low <-> high",manhattan,1,0.8369,10000,42
binary_t127_middle_w0p05__uniform,binary_t127_middle_w0p05,127,0.475,0.525,uniform,"равномерный шум: p=0.1, low <-> high",manhattan,3,0.8496000000000001,10000,42
binary_t127_middle_w0p05__uniform,binary_t127_middle_w0p05,127,0.475,0.525,uniform,"равномерный шум: p=0.1, low <-> high",manhattan,5,0.8597,10000,42
binary_t127_middle_w0p05__uniform,binary_t127_middle_w0p05,127,0.475,0.525,uniform,"равномерный шум: p=0.1, low <-> high",manhattan,7,0.8635,10000,42
binary_t127_middle_w0p05__uniform,binary_t127_middle_w0p05,127,0.475,0.525,uniform,"равномерный шум: p=0.1, low <-> high",manhattan,9,0.8639,10000,42
binary_t127_middle_w0p05__uniform,binary_t127_middle_w0p05,127,0.475,0.525,uniform,"равномерный шум: p=0.1, low <-> high",weighted_euclidean,1,0.8631,10000,42
binary_t127_middle_w0p05__uniform,binary_t127_middle_w0p05,127,0.475,0.525,uniform,"равномерный шум: p=0.1, low <-> high",weighted_euclidean,3,0.8754,10000,42
binary_t127_middle_w0p05__uniform,binary_t127_middle_w0p05,127,0.475,0.525,uniform,"равномерный шум: p=0.1, low <-> high",weighted_euclidean,5,0.8813,10000,42
binary_t127_middle_w0p05__uniform,binary_t127_middle_w0p05,127,0.475,0.525,uniform,"равномерный шум: p=0.1, low <-> high",weighted_euclidean,7,0.8822,10000,42
binary_t127_middle_w0p05__uniform,binary_t127_middle_w0p05,127,0.475,0.525,uniform,"равномерный шум: p=0.1, low <-> high",weighted_euclidean,9,0.8837,10000,42
binary_t127_middle_w0p05__uniform,binary_t127_middle_w0p05,127,0.475,0.525,uniform,"равномерный шум: p=0.1, low <-> high",chebyshev,1,0.0996,10000,42
binary_t127_middle_w0p05__uniform,binary_t127_middle_w0p05,127,0.475,0.525,uniform,"равномерный шум: p=0.1, low <-> high",chebyshev,3,0.1,10000,42
binary_t127_middle_w0p05__uniform,binary_t127_middle_w0p05,127,0.475,0.525,uniform,"равномерный шум: p=0.1, low <-> high",chebyshev,5,0.0999,10000,42
binary_t127_middle_w0p05__uniform,binary_t127_middle_w0p05,127,0.475,0.525,uniform,"равномерный шум: p=0.1, low <-> high",chebyshev,7,0.0999,10000,42
binary_t127_middle_w0p05__uniform,binary_t127_middle_w0p05,127,0.475,0.525,uniform,"равномерный шум: p=0.1, low <-> high",chebyshev,9,0.0996,10000,42
binary_t127_middle_w0p05__contour,binary_t127_middle_w0p05,127,0.475,0.525,contour,"контурный шум: p_min=0.0, p_max=0.9, gamma=0.5, low <-> high",euclidean,1,0.7349,10000,42
binary_t127_middle_w0p05__contour,binary_t127_middle_w0p05,127,0.475,0.525,contour,"контурный шум: p_min=0.0, p_max=0.9, gamma=0.5, low <-> high",euclidean,3,0.7293999999999999,10000,42
binary_t127_middle_w0p05__contour,binary_t127_middle_w0p05,127,0.475,0.525,contour,"контурный шум: p_min=0.0, p_max=0.9, gamma=0.5, low <-> high",euclidean,5,0.7334,10000,42
binary_t127_middle_w0p05__contour,binary_t127_middle_w0p05,127,0.475,0.525,contour,"контурный шум: p_min=0.0, p_max=0.9, gamma=0.5, low <-> high",euclidean,7,0.7306,10000,42
binary_t127_middle_w0p05__contour,binary_t127_middle_w0p05,127,0.475,0.525,contour,"контурный шум: p_min=0.0, p_max=0.9, gamma=0.5, low <-> high",euclidean,9,0.7254,10000,42
binary_t127_middle_w0p05__contour,binary_t127_middle_w0p05,127,0.475,0.525,contour,"контурный шум: p_min=0.0, p_max=0.9, gamma=0.5, low <-> high",squared_euclidean,1,0.7349,10000,42
binary_t127_middle_w0p05__contour,binary_t127_middle_w0p05,127,0.475,0.525,contour,"контурный шум: p_min=0.0, p_max=0.9, gamma=0.5, low <-> high",squared_euclidean,3,0.7293999999999999,10000,42
binary_t127_middle_w0p05__contour,binary_t127_middle_w0p05,127,0.475,0.525,contour,"контурный шум: p_min=0.0, p_max=0.9, gamma=0.5, low <-> high",squared_euclidean,5,0.7334,10000,42
binary_t127_middle_w0p05__contour,binary_t127_middle_w0p05,127,0.475,0.525,contour,"контурный шум: p_min=0.0, p_max=0.9, gamma=0.5, low <-> high",squared_euclidean,7,0.7306,10000,42
binary_t127_middle_w0p05__contour,binary_t127_middle_w0p05,127,0.475,0.525,contour,"контурный шум: p_min=0.0, p_max=0.9, gamma=0.5, low <-> high",squared_euclidean,9,0.7254,10000,42
binary_t127_middle_w0p05__contour,binary_t127_middle_w0p05,127,0.475,0.525,contour,"контурный шум: p_min=0.0, p_max=0.9, gamma=0.5, low <-> high",manhattan,1,0.7337,10000,42
binary_t127_middle_w0p05__contour,binary_t127_middle_w0p05,127,0.475,0.525,contour,"контурный шум: p_min=0.0, p_max=0.9, gamma=0.5, low <-> high",manhattan,3,0.7298,10000,42
binary_t127_middle_w0p05__contour,binary_t127_middle_w0p05,127,0.475,0.525,contour,"контурный шум: p_min=0.0, p_max=0.9, gamma=0.5, low <-> high",manhattan,5,0.7341,10000,42
binary_t127_middle_w0p05__contour,binary_t127_middle_w0p05,127,0.475,0.525,contour,"контурный шум: p_min=0.0, p_max=0.9, gamma=0.5, low <-> high",manhattan,7,0.7338,10000,42
binary_t127_middle_w0p05__contour,binary_t127_middle_w0p05,127,0.475,0.525,contour,"контурный шум: p_min=0.0, p_max=0.9, gamma=0.5, low <-> high",manhattan,9,0.7306,10000,42
binary_t127_middle_w0p05__contour,binary_t127_middle_w0p05,127,0.475,0.525,contour,"контурный шум: p_min=0.0, p_max=0.9, gamma=0.5, low <-> high",weighted_euclidean,1,0.7402,10000,42
binary_t127_middle_w0p05__contour,binary_t127_middle_w0p05,127,0.475,0.525,contour,"контурный шум: p_min=0.0, p_max=0.9, gamma=0.5, low <-> high",weighted_euclidean,3,0.7384,10000,42
binary_t127_middle_w0p05__contour,binary_t127_middle_w0p05,127,0.475,0.525,contour,"контурный шум: p_min=0.0, p_max=0.9, gamma=0.5, low <-> high",weighted_euclidean,5,0.7431,10000,42
binary_t127_middle_w0p05__contour,binary_t127_middle_w0p05,127,0.475,0.525,contour,"контурный шум: p_min=0.0, p_max=0.9, gamma=0.5, low <-> high",weighted_euclidean,7,0.7411999999999999,10000,42
binary_t127_middle_w0p05__contour,binary_t127_middle_w0p05,127,0.475,0.525,contour,"контурный шум: p_min=0.0, p_max=0.9, gamma=0.5, low <-> high",weighted_euclidean,9,0.7385,10000,42
binary_t127_middle_w0p05__contour,binary_t127_middle_w0p05,127,0.475,0.525,contour,"контурный шум: p_min=0.0, p_max=0.9, gamma=0.5, low <-> high",chebyshev,1,0.0996,10000,42
binary_t127_middle_w0p05__contour,binary_t127_middle_w0p05,127,0.475,0.525,contour,"контурный шум: p_min=0.0, p_max=0.9, gamma=0.5, low <-> high",chebyshev,3,0.1,10000,42
binary_t127_middle_w0p05__contour,binary_t127_middle_w0p05,127,0.475,0.525,contour,"контурный шум: p_min=0.0, p_max=0.9, gamma=0.5, low <-> high",chebyshev,5,0.0999,10000,42
binary_t127_middle_w0p05__contour,binary_t127_middle_w0p05,127,0.475,0.525,contour,"контурный шум: p_min=0.0, p_max=0.9, gamma=0.5, low <-> high",chebyshev,7,0.0999,10000,42
binary_t127_middle_w0p05__contour,binary_t127_middle_w0p05,127,0.475,0.525,contour,"контурный шум: p_min=0.0, p_max=0.9, gamma=0.5, low <-> high",chebyshev,9,0.0996,10000,42
binary_t127_middle_w0p1__none,binary_t127_middle_w0p1,127,0.45,0.55,none,без шума,euclidean,1,0.9343,10000,42
binary_t127_middle_w0p1__none,binary_t127_middle_w0p1,127,0.45,0.55,none,без шума,euclidean,3,0.9336,10000,42
binary_t127_middle_w0p1__none,binary_t127_middle_w0p1,127,0.45,0.55,none,без шума,euclidean,5,0.9338,10000,42
binary_t127_middle_w0p1__none,binary_t127_middle_w0p1,127,0.45,0.55,none,без шума,euclidean,7,0.9329,10000,42
binary_t127_middle_w0p1__none,binary_t127_middle_w0p1,127,0.45,0.55,none,без шума,euclidean,9,0.9293,10000,42
binary_t127_middle_w0p1__none,binary_t127_middle_w0p1,127,0.45,0.55,none,без шума,squared_euclidean,1,0.9343,10000,42
binary_t127_middle_w0p1__none,binary_t127_middle_w0p1,127,0.45,0.55,none,без шума,squared_euclidean,3,0.9336,10000,42
binary_t127_middle_w0p1__none,binary_t127_middle_w0p1,127,0.45,0.55,none,без шума,squared_euclidean,5,0.9338,10000,42
binary_t127_middle_w0p1__none,binary_t127_middle_w0p1,127,0.45,0.55,none,без шума,squared_euclidean,7,0.9329,10000,42
binary_t127_middle_w0p1__none,binary_t127_middle_w0p1,127,0.45,0.55,none,без шума,squared_euclidean,9,0.9293,10000,42
binary_t127_middle_w0p1__none,binary_t127_middle_w0p1,127,0.45,0.55,none,без шума,manhattan,1,0.9342,10000,42
binary_t127_middle_w0p1__none,binary_t127_middle_w0p1,127,0.45,0.55,none,без шума,manhattan,3,0.9326000000000001,10000,42
binary_t127_middle_w0p1__none,binary_t127_middle_w0p1,127,0.45,0.55,none,без шума,manhattan,5,0.9346,10000,42
binary_t127_middle_w0p1__none,binary_t127_middle_w0p1,127,0.45,0.55,none,без шума,manhattan,7,0.9330000000000002,10000,42
binary_t127_middle_w0p1__none,binary_t127_middle_w0p1,127,0.45,0.55,none,без шума,manhattan,9,0.9304000000000001,10000,42
binary_t127_middle_w0p1__none,binary_t127_middle_w0p1,127,0.45,0.55,none,без шума,weighted_euclidean,1,0.9377,10000,42
binary_t127_middle_w0p1__none,binary_t127_middle_w0p1,127,0.45,0.55,none,без шума,weighted_euclidean,3,0.9381,10000,42
binary_t127_middle_w0p1__none,binary_t127_middle_w0p1,127,0.45,0.55,none,без шума,weighted_euclidean,5,0.9361,10000,42
binary_t127_middle_w0p1__none,binary_t127_middle_w0p1,127,0.45,0.55,none,без шума,weighted_euclidean,7,0.9346,10000,42
binary_t127_middle_w0p1__none,binary_t127_middle_w0p1,127,0.45,0.55,none,без шума,weighted_euclidean,9,0.9326000000000001,10000,42
binary_t127_middle_w0p1__none,binary_t127_middle_w0p1,127,0.45,0.55,none,без шума,chebyshev,1,0.0996,10000,42
binary_t127_middle_w0p1__none,binary_t127_middle_w0p1,127,0.45,0.55,none,без шума,chebyshev,3,0.1002,10000,42
binary_t127_middle_w0p1__none,binary_t127_middle_w0p1,127,0.45,0.55,none,без шума,chebyshev,5,0.09969999999999998,10000,42
binary_t127_middle_w0p1__none,binary_t127_middle_w0p1,127,0.45,0.55,none,без шума,chebyshev,7,0.0999,10000,42
binary_t127_middle_w0p1__none,binary_t127_middle_w0p1,127,0.45,0.55,none,без шума,chebyshev,9,0.0996,10000,42
binary_t127_middle_w0p1__uniform,binary_t127_middle_w0p1,127,0.45,0.55,uniform,"равномерный шум: p=0.1, low <-> high",euclidean,1,0.8344,10000,42
binary_t127_middle_w0p1__uniform,binary_t127_middle_w0p1,127,0.45,0.55,uniform,"равномерный шум: p=0.1, low <-> high",euclidean,3,0.8491,10000,42
binary_t127_middle_w0p1__uniform,binary_t127_middle_w0p1,127,0.45,0.55,uniform,"равномерный шум: p=0.1, low <-> high",euclidean,5,0.8596,10000,42
binary_t127_middle_w0p1__uniform,binary_t127_middle_w0p1,127,0.45,0.55,uniform,"равномерный шум: p=0.1, low <-> high",euclidean,7,0.8615999999999999,10000,42
binary_t127_middle_w0p1__uniform,binary_t127_middle_w0p1,127,0.45,0.55,uniform,"равномерный шум: p=0.1, low <-> high",euclidean,9,0.8618000000000001,10000,42
binary_t127_middle_w0p1__uniform,binary_t127_middle_w0p1,127,0.45,0.55,uniform,"равномерный шум: p=0.1, low <-> high",squared_euclidean,1,0.8344,10000,42
binary_t127_middle_w0p1__uniform,binary_t127_middle_w0p1,127,0.45,0.55,uniform,"равномерный шум: p=0.1, low <-> high",squared_euclidean,3,0.8491,10000,42
binary_t127_middle_w0p1__uniform,binary_t127_middle_w0p1,127,0.45,0.55,uniform,"равномерный шум: p=0.1, low <-> high",squared_euclidean,5,0.8596,10000,42
binary_t127_middle_w0p1__uniform,binary_t127_middle_w0p1,127,0.45,0.55,uniform,"равномерный шум: p=0.1, low <-> high",squared_euclidean,7,0.8615999999999999,10000,42
binary_t127_middle_w0p1__uniform,binary_t127_middle_w0p1,127,0.45,0.55,uniform,"равномерный шум: p=0.1, low <-> high",squared_euclidean,9,0.8618000000000001,10000,42
binary_t127_middle_w0p1__uniform,binary_t127_middle_w0p1,127,0.45,0.55,uniform,"равномерный шум: p=0.1, low <-> high",manhattan,1,0.8369,10000,42
binary_t127_middle_w0p1__uniform,binary_t127_middle_w0p1,127,0.45,0.55,uniform,"равномерный шум: p=0.1, low <-> high",manhattan,3,0.8496000000000001,10000,42
binary_t127_middle_w0p1__uniform,binary_t127_middle_w0p1,127,0.45,0.55,uniform,"равномерный шум: p=0.1, low <-> high",manhattan,5,0.8597,10000,42
binary_t127_middle_w0p1__uniform,binary_t127_middle_w0p1,127,0.45,0.55,uniform,"равномерный шум: p=0.1, low <-> high",manhattan,7,0.8635,10000,42
binary_t127_middle_w0p1__uniform,binary_t127_middle_w0p1,127,0.45,0.55,uniform,"равномерный шум: p=0.1, low <-> high",manhattan,9,0.8639,10000,42
binary_t127_middle_w0p1__uniform,binary_t127_middle_w0p1,127,0.45,0.55,uniform,"равномерный шум: p=0.1, low <-> high",weighted_euclidean,1,0.8631,10000,42
binary_t127_middle_w0p1__uniform,binary_t127_middle_w0p1,127,0.45,0.55,uniform,"равномерный шум: p=0.1, low <-> high",weighted_euclidean,3,0.8754,10000,42
binary_t127_middle_w0p1__uniform,binary_t127_middle_w0p1,127,0.45,0.55,uniform,"равномерный шум: p=0.1, low <-> high",weighted_euclidean,5,0.8813,10000,42
binary_t127_middle_w0p1__uniform,binary_t127_middle_w0p1,127,0.45,0.55,uniform,"равномерный шум: p=0.1, low <-> high",weighted_euclidean,7,0.8822,10000,42
binary_t127_middle_w0p1__uniform,binary_t127_middle_w0p1,127,0.45,0.55,uniform,"равномерный шум: p=0.1, low <-> high",weighted_euclidean,9,0.8837,10000,42
binary_t127_middle_w0p1__uniform,binary_t127_middle_w0p1,127,0.45,0.55,uniform,"равномерный шум: p=0.1, low <-> high",chebyshev,1,0.0996,10000,42
binary_t127_middle_w0p1__uniform,binary_t127_middle_w0p1,127,0.45,0.55,uniform,"равномерный шум: p=0.1, low <-> high",chebyshev,3,0.1,10000,42
binary_t127_middle_w0p1__uniform,binary_t127_middle_w0p1,127,0.45,0.55,uniform,"равномерный шум: p=0.1, low <-> high",chebyshev,5,0.0999,10000,42
binary_t127_middle_w0p1__uniform,binary_t127_middle_w0p1,127,0.45,0.55,uniform,"равномерный шум: p=0.1, low <-> high",chebyshev,7,0.0999,10000,42
binary_t127_middle_w0p1__uniform,binary_t127_middle_w0p1,127,0.45,0.55,uniform,"равномерный шум: p=0.1, low <-> high",chebyshev,9,0.0996,10000,42
binary_t127_middle_w0p1__contour,binary_t127_middle_w0p1,127,0.45,0.55,contour,"контурный шум: p_min=0.0, p_max=0.9, gamma=0.5, low <-> high",euclidean,1,0.7311,10000,42
binary_t127_middle_w0p1__contour,binary_t127_middle_w0p1,127,0.45,0.55,contour,"контурный шум: p_min=0.0, p_max=0.9, gamma=0.5, low <-> high",euclidean,3,0.7273,10000,42
binary_t127_middle_w0p1__contour,binary_t127_middle_w0p1,127,0.45,0.55,contour,"контурный шум: p_min=0.0, p_max=0.9, gamma=0.5, low <-> high",euclidean,5,0.7309,10000,42
binary_t127_middle_w0p1__contour,binary_t127_middle_w0p1,127,0.45,0.55,contour,"контурный шум: p_min=0.0, p_max=0.9, gamma=0.5, low <-> high",euclidean,7,0.7314,10000,42
binary_t127_middle_w0p1__contour,binary_t127_middle_w0p1,127,0.45,0.55,contour,"контурный шум: p_min=0.0, p_max=0.9, gamma=0.5, low <-> high",euclidean,9,0.7256,10000,42
binary_t127_middle_w0p1__contour,binary_t127_middle_w0p1,127,0.45,0.55,contour,"контурный шум: p_min=0.0, p_max=0.9, gamma=0.5, low <-> high",squared_euclidean,1,0.7311,10000,42
binary_t127_middle_w0p1__contour,binary_t127_middle_w0p1,127,0.45,0.55,contour,"контурный шум: p_min=0.0, p_max=0.9, gamma=0.5, low <-> high",squared_euclidean,3,0.7273,10000,42
binary_t127_middle_w0p1__contour,binary_t127_middle_w0p1,127,0.45,0.55,contour,"контурный шум: p_min=0.0, p_max=0.9, gamma=0.5, low <-> high",squared_euclidean,5,0.7309,10000,42
binary_t127_middle_w0p1__contour,binary_t127_middle_w0p1,127,0.45,0.55,contour,"контурный шум: p_min=0.0, p_max=0.9, gamma=0.5, low <-> high",squared_euclidean,7,0.7314,10000,42
binary_t127_middle_w0p1__contour,binary_t127_middle_w0p1,127,0.45,0.55,contour,"контурный шум: p_min=0.0, p_max=0.9, gamma=0.5, low <-> high",squared_euclidean,9,0.7256,10000,42
binary_t127_middle_w0p1__contour,binary_t127_middle_w0p1,127,0.45,0.55,contour,"контурный шум: p_min=0.0, p_max=0.9, gamma=0.5, low <-> high",manhattan,1,0.7337,10000,42
binary_t127_middle_w0p1__contour,binary_t127_middle_w0p1,127,0.45,0.55,contour,"контурный шум: p_min=0.0, p_max=0.9, gamma=0.5, low <-> high",manhattan,3,0.7298,10000,42
binary_t127_middle_w0p1__contour,binary_t127_middle_w0p1,127,0.45,0.55,contour,"контурный шум: p_min=0.0, p_max=0.9, gamma=0.5, low <-> high",manhattan,5,0.7341,10000,42
binary_t127_middle_w0p1__contour,binary_t127_middle_w0p1,127,0.45,0.55,contour,"контурный шум: p_min=0.0, p_max=0.9, gamma=0.5, low <-> high",manhattan,7,0.7338,10000,42
binary_t127_middle_w0p1__contour,binary_t127_middle_w0p1,127,0.45,0.55,contour,"контурный шум: p_min=0.0, p_max=0.9, gamma=0.5, low <-> high",manhattan,9,0.7306,10000,42
binary_t127_middle_w0p1__contour,binary_t127_middle_w0p1,127,0.45,0.55,contour,"контурный шум: p_min=0.0, p_max=0.9, gamma=0.5, low <-> high",weighted_euclidean,1,0.7402,10000,42
binary_t127_middle_w0p1__contour,binary_t127_middle_w0p1,127,0.45,0.55,contour,"контурный шум: p_min=0.0, p_max=0.9, gamma=0.5, low <-> high",weighted_euclidean,3,0.7384,10000,42
binary_t127_middle_w0p1__contour,binary_t127_middle_w0p1,127,0.45,0.55,contour,"контурный шум: p_min=0.0, p_max=0.9, gamma=0.5, low <-> high",weighted_euclidean,5,0.7431,10000,42
binary_t127_middle_w0p1__contour,binary_t127_middle_w0p1,127,0.45,0.55,contour,"контурный шум: p_min=0.0, p_max=0.9, gamma=0.5, low <-> high",weighted_euclidean,7,0.7411999999999999,10000,42
binary_t127_middle_w0p1__contour,binary_t127_middle_w0p1,127,0.45,0.55,contour,"контурный шум: p_min=0.0, p_max=0.9, gamma=0.5, low <-> high",weighted_euclidean,9,0.7385,10000,42
binary_t127_middle_w0p1__contour,binary_t127_middle_w0p1,127,0.45,0.55,contour,"контурный шум: p_min=0.0, p_max=0.9, gamma=0.5, low <-> high",chebyshev,1,0.0996,10000,42
binary_t127_middle_w0p1__contour,binary_t127_middle_w0p1,127,0.45,0.55,contour,"контурный шум: p_min=0.0, p_max=0.9, gamma=0.5, low <-> high",chebyshev,3,0.1,10000,42
binary_t127_middle_w0p1__contour,binary_t127_middle_w0p1,127,0.45,0.55,contour,"контурный шум: p_min=0.0, p_max=0.9, gamma=0.5, low <-> high",chebyshev,5,0.0999,10000,42
binary_t127_middle_w0p1__contour,binary_t127_middle_w0p1,127,0.45,0.55,contour,"контурный шум: p_min=0.0, p_max=0.9, gamma=0.5, low <-> high",chebyshev,7,0.0999,10000,42
binary_t127_middle_w0p1__contour,binary_t127_middle_w0p1,127,0.45,0.55,contour,"контурный шум: p_min=0.0, p_max=0.9, gamma=0.5, low <-> high",chebyshev,9,0.0996,10000,42
binary_t127_middle_w0p2__none,binary_t127_middle_w0p2,127,0.4,0.6,none,без шума,euclidean,1,0.9355,10000,42
binary_t127_middle_w0p2__none,binary_t127_middle_w0p2,127,0.4,0.6,none,без шума,euclidean,3,0.9353,10000,42
binary_t127_middle_w0p2__none,binary_t127_middle_w0p2,127,0.4,0.6,none,без шума,euclidean,5,0.9346,10000,42
binary_t127_middle_w0p2__none,binary_t127_middle_w0p2,127,0.4,0.6,none,без шума,euclidean,7,0.9347999999999999,10000,42
binary_t127_middle_w0p2__none,binary_t127_middle_w0p2,127,0.4,0.6,none,без шума,euclidean,9,0.9312999999999999,10000,42
binary_t127_middle_w0p2__none,binary_t127_middle_w0p2,127,0.4,0.6,none,без шума,squared_euclidean,1,0.9355,10000,42
binary_t127_middle_w0p2__none,binary_t127_middle_w0p2,127,0.4,0.6,none,без шума,squared_euclidean,3,0.9353,10000,42
binary_t127_middle_w0p2__none,binary_t127_middle_w0p2,127,0.4,0.6,none,без шума,squared_euclidean,5,0.9346,10000,42
binary_t127_middle_w0p2__none,binary_t127_middle_w0p2,127,0.4,0.6,none,без шума,squared_euclidean,7,0.9347999999999999,10000,42
binary_t127_middle_w0p2__none,binary_t127_middle_w0p2,127,0.4,0.6,none,без шума,squared_euclidean,9,0.9312999999999999,10000,42
binary_t127_middle_w0p2__none,binary_t127_middle_w0p2,127,0.4,0.6,none,без шума,manhattan,1,0.9342,10000,42
binary_t127_middle_w0p2__none,binary_t127_middle_w0p2,127,0.4,0.6,none,без шума,manhattan,3,0.9326000000000001,10000,42
binary_t127_middle_w0p2__none,binary_t127_middle_w0p2,127,0.4,0.6,none,без шума,manhattan,5,0.9346,10000,42
binary_t127_middle_w0p2__none,binary_t127_middle_w0p2,127,0.4,0.6,none,без шума,manhattan,7,0.9330000000000002,10000,42
binary_t127_middle_w0p2__none,binary_t127_middle_w0p2,127,0.4,0.6,none,без шума,manhattan,9,0.9304000000000001,10000,42
binary_t127_middle_w0p2__none,binary_t127_middle_w0p2,127,0.4,0.6,none,без шума,weighted_euclidean,1,0.9377,10000,42
binary_t127_middle_w0p2__none,binary_t127_middle_w0p2,127,0.4,0.6,none,без шума,weighted_euclidean,3,0.9381,10000,42
binary_t127_middle_w0p2__none,binary_t127_middle_w0p2,127,0.4,0.6,none,без шума,weighted_euclidean,5,0.9361,10000,42
binary_t127_middle_w0p2__none,binary_t127_middle_w0p2,127,0.4,0.6,none,без шума,weighted_euclidean,7,0.9346,10000,42
binary_t127_middle_w0p2__none,binary_t127_middle_w0p2,127,0.4,0.6,none,без шума,weighted_euclidean,9,0.9326000000000001,10000,42
binary_t127_middle_w0p2__none,binary_t127_middle_w0p2,127,0.4,0.6,none,без шума,chebyshev,1,0.0996,10000,42
binary_t127_middle_w0p2__none,binary_t127_middle_w0p2,127,0.4,0.6,none,без шума,chebyshev,3,0.1002,10000,42
binary_t127_middle_w0p2__none,binary_t127_middle_w0p2,127,0.4,0.6,none,без шума,chebyshev,5,0.09969999999999998,10000,42
binary_t127_middle_w0p2__none,binary_t127_middle_w0p2,127,0.4,0.6,none,без шума,chebyshev,7,0.0999,10000,42
binary_t127_middle_w0p2__none,binary_t127_middle_w0p2,127,0.4,0.6,none,без шума,chebyshev,9,0.0996,10000,42
binary_t127_middle_w0p2__uniform,binary_t127_middle_w0p2,127,0.4,0.6,uniform,"равномерный шум: p=0.1, low <-> high",euclidean,1,0.8397,10000,42
binary_t127_middle_w0p2__uniform,binary_t127_middle_w0p2,127,0.4,0.6,uniform,"равномерный шум: p=0.1, low <-> high",euclidean,3,0.8515999999999999,10000,42
binary_t127_middle_w0p2__uniform,binary_t127_middle_w0p2,127,0.4,0.6,uniform,"равномерный шум: p=0.1, low <-> high",euclidean,5,0.8629000000000001,10000,42
binary_t127_middle_w0p2__uniform,binary_t127_middle_w0p2,127,0.4,0.6,uniform,"равномерный шум: p=0.1, low <-> high",euclidean,7,0.8636,10000,42
binary_t127_middle_w0p2__uniform,binary_t127_middle_w0p2,127,0.4,0.6,uniform,"равномерный шум: p=0.1, low <-> high",euclidean,9,0.8675,10000,42
binary_t127_middle_w0p2__uniform,binary_t127_middle_w0p2,127,0.4,0.6,uniform,"равномерный шум: p=0.1, low <-> high",squared_euclidean,1,0.8397,10000,42
binary_t127_middle_w0p2__uniform,binary_t127_middle_w0p2,127,0.4,0.6,uniform,"равномерный шум: p=0.1, low <-> high",squared_euclidean,3,0.8515999999999999,10000,42
binary_t127_middle_w0p2__uniform,binary_t127_middle_w0p2,127,0.4,0.6,uniform,"равномерный шум: p=0.1, low <-> high",squared_euclidean,5,0.8629000000000001,10000,42
binary_t127_middle_w0p2__uniform,binary_t127_middle_w0p2,127,0.4,0.6,uniform,"равномерный шум: p=0.1, low <-> high",squared_euclidean,7,0.8636,10000,42
binary_t127_middle_w0p2__uniform,binary_t127_middle_w0p2,127,0.4,0.6,uniform,"равномерный шум: p=0.1, low <-> high",squared_euclidean,9,0.8675,10000,42
binary_t127_middle_w0p2__uniform,binary_t127_middle_w0p2,127,0.4,0.6,uniform,"равномерный шум: p=0.1, low <-> high",manhattan,1,0.8369,10000,42
binary_t127_middle_w0p2__uniform,binary_t127_middle_w0p2,127,0.4,0.6,uniform,"равномерный шум: p=0.1, low <-> high",manhattan,3,0.8496000000000001,10000,42
binary_t127_middle_w0p2__uniform,binary_t127_middle_w0p2,127,0.4,0.6,uniform,"равномерный шум: p=0.1, low <-> high",manhattan,5,0.8597,10000,42
binary_t127_middle_w0p2__uniform,binary_t127_middle_w0p2,127,0.4,0.6,uniform,"равномерный шум: p=0.1, low <-> high",manhattan,7,0.8635,10000,42
binary_t127_middle_w0p2__uniform,binary_t127_middle_w0p2,127,0.4,0.6,uniform,"равномерный шум: p=0.1, low <-> high",manhattan,9,0.8639,10000,42
binary_t127_middle_w0p2__uniform,binary_t127_middle_w0p2,127,0.4,0.6,uniform,"равномерный шум: p=0.1, low <-> high",weighted_euclidean,1,0.8631,10000,42
binary_t127_middle_w0p2__uniform,binary_t127_middle_w0p2,127,0.4,0.6,uniform,"равномерный шум: p=0.1, low <-> high",weighted_euclidean,3,0.8754,10000,42
binary_t127_middle_w0p2__uniform,binary_t127_middle_w0p2,127,0.4,0.6,uniform,"равномерный шум: p=0.1, low <-> high",weighted_euclidean,5,0.8813,10000,42
binary_t127_middle_w0p2__uniform,binary_t127_middle_w0p2,127,0.4,0.6,uniform,"равномерный шум: p=0.1, low <-> high",weighted_euclidean,7,0.8822,10000,42
binary_t127_middle_w0p2__uniform,binary_t127_middle_w0p2,127,0.4,0.6,uniform,"равномерный шум: p=0.1, low <-> high",weighted_euclidean,9,0.8837,10000,42
binary_t127_middle_w0p2__uniform,binary_t127_middle_w0p2,127,0.4,0.6,uniform,"равномерный шум: p=0.1, low <-> high",chebyshev,1,0.0996,10000,42
binary_t127_middle_w0p2__uniform,binary_t127_middle_w0p2,127,0.4,0.6,uniform,"равномерный шум: p=0.1, low <-> high",chebyshev,3,0.1,10000,42
binary_t127_middle_w0p2__uniform,binary_t127_middle_w0p2,127,0.4,0.6,uniform,"равномерный шум: p=0.1, low <-> high",chebyshev,5,0.0999,10000,42
binary_t127_middle_w0p2__uniform,binary_t127_middle_w0p2,127,0.4,0.6,uniform,"равномерный шум: p=0.1, low <-> high",chebyshev,7,0.0999,10000,42
binary_t127_middle_w0p2__uniform,binary_t127_middle_w0p2,127,0.4,0.6,uniform,"равномерный шум: p=0.1, low <-> high",chebyshev,9,0.0996,10000,42
binary_t127_middle_w0p2__contour,binary_t127_middle_w0p2,127,0.4,0.6,contour,"контурный шум: p_min=0.0, p_max=0.9, gamma=0.5, low <-> high",euclidean,1,0.7375,10000,42
binary_t127_middle_w0p2__contour,binary_t127_middle_w0p2,127,0.4,0.6,contour,"контурный шум: p_min=0.0, p_max=0.9, gamma=0.5, low <-> high",euclidean,3,0.735,10000,42
binary_t127_middle_w0p2__contour,binary_t127_middle_w0p2,127,0.4,0.6,contour,"контурный шум: p_min=0.0, p_max=0.9, gamma=0.5, low <-> high",euclidean,5,0.7407,10000,42
binary_t127_middle_w0p2__contour,binary_t127_middle_w0p2,127,0.4,0.6,contour,"контурный шум: p_min=0.0, p_max=0.9, gamma=0.5, low <-> high",euclidean,7,0.7378,10000,42
binary_t127_middle_w0p2__contour,binary_t127_middle_w0p2,127,0.4,0.6,contour,"контурный шум: p_min=0.0, p_max=0.9, gamma=0.5, low <-> high",euclidean,9,0.7329000000000001,10000,42
binary_t127_middle_w0p2__contour,binary_t127_middle_w0p2,127,0.4,0.6,contour,"контурный шум: p_min=0.0, p_max=0.9, gamma=0.5, low <-> high",squared_euclidean,1,0.7375,10000,42
binary_t127_middle_w0p2__contour,binary_t127_middle_w0p2,127,0.4,0.6,contour,"контурный шум: p_min=0.0, p_max=0.9, gamma=0.5, low <-> high",squared_euclidean,3,0.735,10000,42
binary_t127_middle_w0p2__contour,binary_t127_middle_w0p2,127,0.4,0.6,contour,"контурный шум: p_min=0.0, p_max=0.9, gamma=0.5, low <-> high",squared_euclidean,5,0.7407,10000,42
binary_t127_middle_w0p2__contour,binary_t127_middle_w0p2,127,0.4,0.6,contour,"контурный шум: p_min=0.0, p_max=0.9, gamma=0.5, low <-> high",squared_euclidean,7,0.7378,10000,42
binary_t127_middle_w0p2__contour,binary_t127_middle_w0p2,127,0.4,0.6,contour,"контурный шум: p_min=0.0, p_max=0.9, gamma=0.5, low <-> high",squared_euclidean,9,0.7329000000000001,10000,42
binary_t127_middle_w0p2__contour,binary_t127_middle_w0p2,127,0.4,0.6,contour,"контурный шум: p_min=0.0, p_max=0.9, gamma=0.5, low <-> high",manhattan,1,0.7337,10000,42
binary_t127_middle_w0p2__contour,binary_t127_middle_w0p2,127,0.4,0.6,contour,"контурный шум: p_min=0.0, p_max=0.9, gamma=0.5, low <-> high",manhattan,3,0.7298,10000,42
binary_t127_middle_w0p2__contour,binary_t127_middle_w0p2,127,0.4,0.6,contour,"контурный шум: p_min=0.0, p_max=0.9, gamma=0.5, low <-> high",manhattan,5,0.7341,10000,42
binary_t127_middle_w0p2__contour,binary_t127_middle_w0p2,127,0.4,0.6,contour,"контурный шум: p_min=0.0, p_max=0.9, gamma=0.5, low <-> high",manhattan,7,0.7338,10000,42
binary_t127_middle_w0p2__contour,binary_t127_middle_w0p2,127,0.4,0.6,contour,"контурный шум: p_min=0.0, p_max=0.9, gamma=0.5, low <-> high",manhattan,9,0.7306,10000,42
binary_t127_middle_w0p2__contour,binary_t127_middle_w0p2,127,0.4,0.6,contour,"контурный шум: p_min=0.0, p_max=0.9, gamma=0.5, low <-> high",weighted_euclidean,1,0.7402,10000,42
binary_t127_middle_w0p2__contour,binary_t127_middle_w0p2,127,0.4,0.6,contour,"контурный шум: p_min=0.0, p_max=0.9, gamma=0.5, low <-> high",weighted_euclidean,3,0.7384,10000,42
binary_t127_middle_w0p2__contour,binary_t127_middle_w0p2,127,0.4,0.6,contour,"контурный шум: p_min=0.0, p_max=0.9, gamma=0.5, low <-> high",weighted_euclidean,5,0.7431,10000,42
binary_t127_middle_w0p2__contour,binary_t127_middle_w0p2,127,0.4,0.6,contour,"контурный шум: p_min=0.0, p_max=0.9, gamma=0.5, low <-> high",weighted_euclidean,7,0.7411999999999999,10000,42
binary_t127_middle_w0p2__contour,binary_t127_middle_w0p2,127,0.4,0.6,contour,"контурный шум: p_min=0.0, p_max=0.9, gamma=0.5, low <-> high",weighted_euclidean,9,0.7385,10000,42
binary_t127_middle_w0p2__contour,binary_t127_middle_w0p2,127,0.4,0.6,contour,"контурный шум: p_min=0.0, p_max=0.9, gamma=0.5, low <-> high",chebyshev,1,0.0996,10000,42
binary_t127_middle_w0p2__contour,binary_t127_middle_w0p2,127,0.4,0.6,contour,"контурный шум: p_min=0.0, p_max=0.9, gamma=0.5, low <-> high",chebyshev,3,0.1,10000,42
binary_t127_middle_w0p2__contour,binary_t127_middle_w0p2,127,0.4,0.6,contour,"контурный шум: p_min=0.0, p_max=0.9, gamma=0.5, low <-> high",chebyshev,5,0.0999,10000,42
binary_t127_middle_w0p2__contour,binary_t127_middle_w0p2,127,0.4,0.6,contour,"контурный шум: p_min=0.0, p_max=0.9, gamma=0.5, low <-> high",chebyshev,7,0.0999,10000,42
binary_t127_middle_w0p2__contour,binary_t127_middle_w0p2,127,0.4,0.6,contour,"контурный шум: p_min=0.0, p_max=0.9, gamma=0.5, low <-> high",chebyshev,9,0.0996,10000,42
binary_t127_upper_w0p05__none,binary_t127_upper_w0p05,127,0.95,1.0,none,без шума,euclidean,1,0.9346,10000,42
binary_t127_upper_w0p05__none,binary_t127_upper_w0p05,127,0.95,1.0,none,без шума,euclidean,3,0.9338,10000,42
binary_t127_upper_w0p05__none,binary_t127_upper_w0p05,127,0.95,1.0,none,без шума,euclidean,5,0.9344,10000,42
binary_t127_upper_w0p05__none,binary_t127_upper_w0p05,127,0.95,1.0,none,без шума,euclidean,7,0.9338,10000,42
binary_t127_upper_w0p05__none,binary_t127_upper_w0p05,127,0.95,1.0,none,без шума,euclidean,9,0.9305,10000,42
binary_t127_upper_w0p05__none,binary_t127_upper_w0p05,127,0.95,1.0,none,без шума,squared_euclidean,1,0.9346,10000,42
binary_t127_upper_w0p05__none,binary_t127_upper_w0p05,127,0.95,1.0,none,без шума,squared_euclidean,3,0.9338,10000,42
binary_t127_upper_w0p05__none,binary_t127_upper_w0p05,127,0.95,1.0,none,без шума,squared_euclidean,5,0.9344,10000,42
binary_t127_upper_w0p05__none,binary_t127_upper_w0p05,127,0.95,1.0,none,без шума,squared_euclidean,7,0.9338,10000,42
binary_t127_upper_w0p05__none,binary_t127_upper_w0p05,127,0.95,1.0,none,без шума,squared_euclidean,9,0.9305,10000,42
binary_t127_upper_w0p05__none,binary_t127_upper_w0p05,127,0.95,1.0,none,без шума,manhattan,1,0.9342,10000,42
binary_t127_upper_w0p05__none,binary_t127_upper_w0p05,127,0.95,1.0,none,без шума,manhattan,3,0.9326000000000001,10000,42
binary_t127_upper_w0p05__none,binary_t127_upper_w0p05,127,0.95,1.0,none,без шума,manhattan,5,0.9346,10000,42
binary_t127_upper_w0p05__none,binary_t127_upper_w0p05,127,0.95,1.0,none,без шума,manhattan,7,0.9330000000000002,10000,42
binary_t127_upper_w0p05__none,binary_t127_upper_w0p05,127,0.95,1.0,none,без шума,manhattan,9,0.9304000000000001,10000,42
binary_t127_upper_w0p05__none,binary_t127_upper_w0p05,127,0.95,1.0,none,без шума,weighted_euclidean,1,0.9377,10000,42
binary_t127_upper_w0p05__none,binary_t127_upper_w0p05,127,0.95,1.0,none,без шума,weighted_euclidean,3,0.9381,10000,42
binary_t127_upper_w0p05__none,binary_t127_upper_w0p05,127,0.95,1.0,none,без шума,weighted_euclidean,5,0.9361,10000,42
binary_t127_upper_w0p05__none,binary_t127_upper_w0p05,127,0.95,1.0,none,без шума,weighted_euclidean,7,0.9346,10000,42
binary_t127_upper_w0p05__none,binary_t127_upper_w0p05,127,0.95,1.0,none,без шума,weighted_euclidean,9,0.9326000000000001,10000,42
binary_t127_upper_w0p05__none,binary_t127_upper_w0p05,127,0.95,1.0,none,без шума,chebyshev,1,0.0996,10000,42
binary_t127_upper_w0p05__none,binary_t127_upper_w0p05,127,0.95,1.0,none,без шума,chebyshev,3,0.1002,10000,42
binary_t127_upper_w0p05__none,binary_t127_upper_w0p05,127,0.95,1.0,none,без шума,chebyshev,5,0.09969999999999998,10000,42
binary_t127_upper_w0p05__none,binary_t127_upper_w0p05,127,0.95,1.0,none,без шума,chebyshev,7,0.0999,10000,42
binary_t127_upper_w0p05__none,binary_t127_upper_w0p05,127,0.95,1.0,none,без шума,chebyshev,9,0.0996,10000,42
binary_t127_upper_w0p05__uniform,binary_t127_upper_w0p05,127,0.95,1.0,uniform,"равномерный шум: p=0.1, low <-> high",euclidean,1,0.8374000000000001,10000,42
binary_t127_upper_w0p05__uniform,binary_t127_upper_w0p05,127,0.95,1.0,uniform,"равномерный шум: p=0.1, low <-> high",euclidean,3,0.8515,10000,42
binary_t127_upper_w0p05__uniform,binary_t127_upper_w0p05,127,0.95,1.0,uniform,"равномерный шум: p=0.1, low <-> high",euclidean,5,0.8611999999999999,10000,42
binary_t127_upper_w0p05__uniform,binary_t127_upper_w0p05,127,0.95,1.0,uniform,"равномерный шум: p=0.1, low <-> high",euclidean,7,0.8624,10000,42
binary_t127_upper_w0p05__uniform,binary_t127_upper_w0p05,127,0.95,1.0,uniform,"равномерный шум: p=0.1, low <-> high",euclidean,9,0.8655000000000002,10000,42
binary_t127_upper_w0p05__uniform,binary_t127_upper_w0p05,127,0.95,1.0,uniform,"равномерный шум: p=0.1, low <-> high",squared_euclidean,1,0.8374000000000001,10000,42
binary_t127_upper_w0p05__uniform,binary_t127_upper_w0p05,127,0.95,1.0,uniform,"равномерный шум: p=0.1, low <-> high",squared_euclidean,3,0.8515,10000,42
binary_t127_upper_w0p05__uniform,binary_t127_upper_w0p05,127,0.95,1.0,uniform,"равномерный шум: p=0.1, low <-> high",squared_euclidean,5,0.8611999999999999,10000,42
binary_t127_upper_w0p05__uniform,binary_t127_upper_w0p05,127,0.95,1.0,uniform,"равномерный шум: p=0.1, low <-> high",squared_euclidean,7,0.8624,10000,42
binary_t127_upper_w0p05__uniform,binary_t127_upper_w0p05,127,0.95,1.0,uniform,"равномерный шум: p=0.1, low <-> high",squared_euclidean,9,0.8655000000000002,10000,42
binary_t127_upper_w0p05__uniform,binary_t127_upper_w0p05,127,0.95,1.0,uniform,"равномерный шум: p=0.1, low <-> high",manhattan,1,0.8369,10000,42
binary_t127_upper_w0p05__uniform,binary_t127_upper_w0p05,127,0.95,1.0,uniform,"равномерный шум: p=0.1, low <-> high",manhattan,3,0.8496000000000001,10000,42
binary_t127_upper_w0p05__uniform,binary_t127_upper_w0p05,127,0.95,1.0,uniform,"равномерный шум: p=0.1, low <-> high",manhattan,5,0.8597,10000,42
binary_t127_upper_w0p05__uniform,binary_t127_upper_w0p05,127,0.95,1.0,uniform,"равномерный шум: p=0.1, low <-> high",manhattan,7,0.8635,10000,42
binary_t127_upper_w0p05__uniform,binary_t127_upper_w0p05,127,0.95,1.0,uniform,"равномерный шум: p=0.1, low <-> high",manhattan,9,0.8639,10000,42
binary_t127_upper_w0p05__uniform,binary_t127_upper_w0p05,127,0.95,1.0,uniform,"равномерный шум: p=0.1, low <-> high",weighted_euclidean,1,0.8631,10000,42
binary_t127_upper_w0p05__uniform,binary_t127_upper_w0p05,127,0.95,1.0,uniform,"равномерный шум: p=0.1, low <-> high",weighted_euclidean,3,0.8754,10000,42
binary_t127_upper_w0p05__uniform,binary_t127_upper_w0p05,127,0.95,1.0,uniform,"равномерный шум: p=0.1, low <-> high",weighted_euclidean,5,0.8813,10000,42
binary_t127_upper_w0p05__uniform,binary_t127_upper_w0p05,127,0.95,1.0,uniform,"равномерный шум: p=0.1, low <-> high",weighted_euclidean,7,0.8822,10000,42
binary_t127_upper_w0p05__uniform,binary_t127_upper_w0p05,127,0.95,1.0,uniform,"равномерный шум: p=0.1, low <-> high",weighted_euclidean,9,0.8837,10000,42
binary_t127_upper_w0p05__uniform,binary_t127_upper_w0p05,127,0.95,1.0,uniform,"равномерный шум: p=0.1, low <-> high",chebyshev,1,0.0996,10000,42
binary_t127_upper_w0p05__uniform,binary_t127_upper_w0p05,127,0.95,1.0,uniform,"равномерный шум: p=0.1, low <-> high",chebyshev,3,0.1,10000,42
binary_t127_upper_w0p05__uniform,binary_t127_upper_w0p05,127,0.95,1.0,uniform,"равномерный шум: p=0.1, low <-> high",chebyshev,5,0.0999,10000,42
binary_t127_upper_w0p05__uniform,binary_t127_upper_w0p05,127,0.95,1.0,uniform,"равномерный шум: p=0.1, low <-> high",chebyshev,7,0.0999,10000,42
binary_t127_upper_w0p05__uniform,binary_t127_upper_w0p05,127,0.95,1.0,uniform,"равномерный шум: p=0.1, low <-> high",chebyshev,9,0.0996,10000,42
binary_t127_upper_w0p05__contour,binary_t127_upper_w0p05,127,0.95,1.0,contour,"контурный шум: p_min=0.0, p_max=0.9, gamma=0.5, low <-> high",euclidean,1,0.735,10000,42
binary_t127_upper_w0p05__contour,binary_t127_upper_w0p05,127,0.95,1.0,contour,"контурный шум: p_min=0.0, p_max=0.9, gamma=0.5, low <-> high",euclidean,3,0.7298,10000,42
binary_t127_upper_w0p05__contour,binary_t127_upper_w0p05,127,0.95,1.0,contour,"контурный шум: p_min=0.0, p_max=0.9, gamma=0.5, low <-> high",euclidean,5,0.7338,10000,42
binary_t127_upper_w0p05__contour,binary_t127_upper_w0p05,127,0.95,1.0,contour,"контурный шум: p_min=0.0, p_max=0.9, gamma=0.5, low <-> high",euclidean,7,0.7317,10000,42
binary_t127_upper_w0p05__contour,binary_t127_upper_w0p05,127,0.95,1.0,contour,"контурный шум: p_min=0.0, p_max=0.9, gamma=0.5, low <-> high",euclidean,9,0.7274,10000,42
binary_t127_upper_w0p05__contour,binary_t127_upper_w0p05,127,0.95,1.0,contour,"контурный шум: p_min=0.0, p_max=0.9, gamma=0.5, low <-> high",squared_euclidean,1,0.735,10000,42
binary_t127_upper_w0p05__contour,binary_t127_upper_w0p05,127,0.95,1.0,contour,"контурный шум: p_min=0.0, p_max=0.9, gamma=0.5, low <-> high",squared_euclidean,3,0.7298,10000,42
binary_t127_upper_w0p05__contour,binary_t127_upper_w0p05,127,0.95,1.0,contour,"контурный шум: p_min=0.0, p_max=0.9, gamma=0.5, low <-> high",squared_euclidean,5,0.7338,10000,42
binary_t127_upper_w0p05__contour,binary_t127_upper_w0p05,127,0.95,1.0,contour,"контурный шум: p_min=0.0, p_max=0.9, gamma=0.5, low <-> high",squared_euclidean,7,0.7317,10000,42
binary_t127_upper_w0p05__contour,binary_t127_upper_w0p05,127,0.95,1.0,contour,"контурный шум: p_min=0.0, p_max=0.9, gamma=0.5, low <-> high",squared_euclidean,9,0.7274,10000,42
binary_t127_upper_w0p05__contour,binary_t127_upper_w0p05,127,0.95,1.0,contour,"контурный шум: p_min=0.0, p_max=0.9, gamma=0.5, low <-> high",manhattan,1,0.7337,10000,42
binary_t127_upper_w0p05__contour,binary_t127_upper_w0p05,127,0.95,1.0,contour,"контурный шум: p_min=0.0, p_max=0.9, gamma=0.5, low <-> high",manhattan,3,0.7298,10000,42
binary_t127_upper_w0p05__contour,binary_t127_upper_w0p05,127,0.95,1.0,contour,"контурный шум: p_min=0.0, p_max=0.9, gamma=0.5, low <-> high",manhattan,5,0.7341,10000,42
binary_t127_upper_w0p05__contour,binary_t127_upper_w0p05,127,0.95,1.0,contour,"контурный шум: p_min=0.0, p_max=0.9, gamma=0.5, low <-> high",manhattan,7,0.7338,10000,42
binary_t127_upper_w0p05__contour,binary_t127_upper_w0p05,127,0.95,1.0,contour,"контурный шум: p_min=0.0, p_max=0.9, gamma=0.5, low <-> high",manhattan,9,0.7306,10000,42
binary_t127_upper_w0p05__contour,binary_t127_upper_w0p05,127,0.95,1.0,contour,"контурный шум: p_min=0.0, p_max=0.9, gamma=0.5, low <-> high",weighted_euclidean,1,0.7402,10000,42
binary_t127_upper_w0p05__contour,binary_t127_upper_w0p05,127,0.95,1.0,contour,"контурный шум: p_min=0.0, p_max=0.9, gamma=0.5, low <-> high",weighted_euclidean,3,0.7384,10000,42
binary_t127_upper_w0p05__contour,binary_t127_upper_w0p05,127,0.95,1.0,contour,"контурный шум: p_min=0.0, p_max=0.9, gamma=0.5, low <-> high",weighted_euclidean,5,0.7431,10000,42
binary_t127_upper_w0p05__contour,binary_t127_upper_w0p05,127,0.95,1.0,contour,"контурный шум: p_min=0.0, p_max=0.9, gamma=0.5, low <-> high",weighted_euclidean,7,0.7411999999999999,10000,42
binary_t127_upper_w0p05__contour,binary_t127_upper_w0p05,127,0.95,1.0,contour,"контурный шум: p_min=0.0, p_max=0.9, gamma=0.5, low <-> high",weighted_euclidean,9,0.7385,10000,42
binary_t127_upper_w0p05__contour,binary_t127_upper_w0p05,127,0.95,1.0,contour,"контурный шум: p_min=0.0, p_max=0.9, gamma=0.5, low <-> high",chebyshev,1,0.0996,10000,42
binary_t127_upper_w0p05__contour,binary_t127_upper_w0p05,127,0.95,1.0,contour,"контурный шум: p_min=0.0, p_max=0.9, gamma=0.5, low <-> high",chebyshev,3,0.1,10000,42
binary_t127_upper_w0p05__contour,binary_t127_upper_w0p05,127,0.95,1.0,contour,"контурный шум: p_min=0.0, p_max=0.9, gamma=0.5, low <-> high",chebyshev,5,0.0999,10000,42
binary_t127_upper_w0p05__contour,binary_t127_upper_w0p05,127,0.95,1.0,contour,"контурный шум: p_min=0.0, p_max=0.9, gamma=0.5, low <-> high",chebyshev,7,0.0999,10000,42
binary_t127_upper_w0p05__contour,binary_t127_upper_w0p05,127,0.95,1.0,contour,"контурный шум: p_min=0.0, p_max=0.9, gamma=0.5, low <-> high",chebyshev,9,0.0996,10000,42
binary_t127_upper_w0p1__none,binary_t127_upper_w0p1,127,0.9,1.0,none,без шума,euclidean,1,0.9345,10000,42
binary_t127_upper_w0p1__none,binary_t127_upper_w0p1,127,0.9,1.0,none,без шума,euclidean,3,0.9341000000000002,10000,42
binary_t127_upper_w0p1__none,binary_t127_upper_w0p1,127,0.9,1.0,none,без шума,euclidean,5,0.9341000000000002,10000,42
binary_t127_upper_w0p1__none,binary_t127_upper_w0p1,127,0.9,1.0,none,без шума,euclidean,7,0.9344,10000,42
binary_t127_upper_w0p1__none,binary_t127_upper_w0p1,127,0.9,1.0,none,без шума,euclidean,9,0.9312999999999999,10000,42
binary_t127_upper_w0p1__none,binary_t127_upper_w0p1,127,0.9,1.0,none,без шума,squared_euclidean,1,0.9345,10000,42
binary_t127_upper_w0p1__none,binary_t127_upper_w0p1,127,0.9,1.0,none,без шума,squared_euclidean,3,0.9341000000000002,10000,42
binary_t127_upper_w0p1__none,binary_t127_upper_w0p1,127,0.9,1.0,none,без шума,squared_euclidean,5,0.9341000000000002,10000,42
binary_t127_upper_w0p1__none,binary_t127_upper_w0p1,127,0.9,1.0,none,без шума,squared_euclidean,7,0.9344,10000,42
binary_t127_upper_w0p1__none,binary_t127_upper_w0p1,127,0.9,1.0,none,без шума,squared_euclidean,9,0.9312999999999999,10000,42
binary_t127_upper_w0p1__none,binary_t127_upper_w0p1,127,0.9,1.0,none,без шума,manhattan,1,0.9342,10000,42
binary_t127_upper_w0p1__none,binary_t127_upper_w0p1,127,0.9,1.0,none,без шума,manhattan,3,0.9326000000000001,10000,42
binary_t127_upper_w0p1__none,binary_t127_upper_w0p1,127,0.9,1.0,none,без шума,manhattan,5,0.9346,10000,42
binary_t127_upper_w0p1__none,binary_t127_upper_w0p1,127,0.9,1.0,none,без шума,manhattan,7,0.9330000000000002,10000,42
binary_t127_upper_w0p1__none,binary_t127_upper_w0p1,127,0.9,1.0,none,без шума,manhattan,9,0.9304000000000001,10000,42
binary_t127_upper_w0p1__none,binary_t127_upper_w0p1,127,0.9,1.0,none,без шума,weighted_euclidean,1,0.9377,10000,42
binary_t127_upper_w0p1__none,binary_t127_upper_w0p1,127,0.9,1.0,none,без шума,weighted_euclidean,3,0.9381,10000,42
binary_t127_upper_w0p1__none,binary_t127_upper_w0p1,127,0.9,1.0,none,без шума,weighted_euclidean,5,0.9361,10000,42
binary_t127_upper_w0p1__none,binary_t127_upper_w0p1,127,0.9,1.0,none,без шума,weighted_euclidean,7,0.9346,10000,42
binary_t127_upper_w0p1__none,binary_t127_upper_w0p1,127,0.9,1.0,none,без шума,weighted_euclidean,9,0.9326000000000001,10000,42
binary_t127_upper_w0p1__none,binary_t127_upper_w0p1,127,0.9,1.0,none,без шума,chebyshev,1,0.0996,10000,42
binary_t127_upper_w0p1__none,binary_t127_upper_w0p1,127,0.9,1.0,none,без шума,chebyshev,3,0.1002,10000,42
binary_t127_upper_w0p1__none,binary_t127_upper_w0p1,127,0.9,1.0,none,без шума,chebyshev,5,0.09969999999999998,10000,42
binary_t127_upper_w0p1__none,binary_t127_upper_w0p1,127,0.9,1.0,none,без шума,chebyshev,7,0.0999,10000,42
binary_t127_upper_w0p1__none,binary_t127_upper_w0p1,127,0.9,1.0,none,без шума,chebyshev,9,0.0996,10000,42
binary_t127_upper_w0p1__uniform,binary_t127_upper_w0p1,127,0.9,1.0,uniform,"равномерный шум: p=0.1, low <-> high",euclidean,1,0.8374000000000001,10000,42
binary_t127_upper_w0p1__uniform,binary_t127_upper_w0p1,127,0.9,1.0,uniform,"равномерный шум: p=0.1, low <-> high",euclidean,3,0.8503000000000001,10000,42
binary_t127_upper_w0p1__uniform,binary_t127_upper_w0p1,127,0.9,1.0,uniform,"равномерный шум: p=0.1, low <-> high",euclidean,5,0.8619,10000,42
binary_t127_upper_w0p1__uniform,binary_t127_upper_w0p1,127,0.9,1.0,uniform,"равномерный шум: p=0.1, low <-> high",euclidean,7,0.8634,10000,42
binary_t127_upper_w0p1__uniform,binary_t127_upper_w0p1,127,0.9,1.0,uniform,"равномерный шум: p=0.1, low <-> high",euclidean,9,0.8653,10000,42
binary_t127_upper_w0p1__uniform,binary_t127_upper_w0p1,127,0.9,1.0,uniform,"равномерный шум: p=0.1, low <-> high",squared_euclidean,1,0.8374000000000001,10000,42
binary_t127_upper_w0p1__uniform,binary_t127_upper_w0p1,127,0.9,1.0,uniform,"равномерный шум: p=0.1, low <-> high",squared_euclidean,3,0.8503000000000001,10000,42
binary_t127_upper_w0p1__uniform,binary_t127_upper_w0p1,127,0.9,1.0,uniform,"равномерный шум: p=0.1, low <-> high",squared_euclidean,5,0.8619,10000,42
binary_t127_upper_w0p1__uniform,binary_t127_upper_w0p1,127,0.9,1.0,uniform,"равномерный шум: p=0.1, low <-> high",squared_euclidean,7,0.8634,10000,42
binary_t127_upper_w0p1__uniform,binary_t127_upper_w0p1,127,0.9,1.0,uniform,"равномерный шум: p=0.1, low <-> high",squared_euclidean,9,0.8653,10000,42
binary_t127_upper_w0p1__uniform,binary_t127_upper_w0p1,127,0.9,1.0,uniform,"равномерный шум: p=0.1, low <-> high",manhattan,1,0.8369,10000,42
binary_t127_upper_w0p1__uniform,binary_t127_upper_w0p1,127,0.9,1.0,uniform,"равномерный шум: p=0.1, low <-> high",manhattan,3,0.8496000000000001,10000,42
binary_t127_upper_w0p1__uniform,binary_t127_upper_w0p1,127,0.9,1.0,uniform,"равномерный шум: p=0.1, low <-> high",manhattan,5,0.8597,10000,42
binary_t127_upper_w0p1__uniform,binary_t127_upper_w0p1,127,0.9,1.0,uniform,"равномерный шум: p=0.1, low <-> high",manhattan,7,0.8635,10000,42
binary_t127_upper_w0p1__uniform,binary_t127_upper_w0p1,127,0.9,1.0,uniform,"равномерный шум: p=0.1, low <-> high",manhattan,9,0.8639,10000,42
binary_t127_upper_w0p1__uniform,binary_t127_upper_w0p1,127,0.9,1.0,uniform,"равномерный шум: p=0.1, low <-> high",weighted_euclidean,1,0.8631,10000,42
binary_t127_upper_w0p1__uniform,binary_t127_upper_w0p1,127,0.9,1.0,uniform,"равномерный шум: p=0.1, low <-> high",weighted_euclidean,3,0.8754,10000,42
binary_t127_upper_w0p1__uniform,binary_t127_upper_w0p1,127,0.9,1.0,uniform,"равномерный шум: p=0.1, low <-> high",weighted_euclidean,5,0.8813,10000,42
binary_t127_upper_w0p1__uniform,binary_t127_upper_w0p1,127,0.9,1.0,uniform,"равномерный шум: p=0.1, low <-> high",weighted_euclidean,7,0.8822,10000,42
binary_t127_upper_w0p1__uniform,binary_t127_upper_w0p1,127,0.9,1.0,uniform,"равномерный шум: p=0.1, low <-> high",weighted_euclidean,9,0.8837,10000,42
binary_t127_upper_w0p1__uniform,binary_t127_upper_w0p1,127,0.9,1.0,uniform,"равномерный шум: p=0.1, low <-> high",chebyshev,1,0.0996,10000,42
binary_t127_upper_w0p1__uniform,binary_t127_upper_w0p1,127,0.9,1.0,uniform,"равномерный шум: p=0.1, low <-> high",chebyshev,3,0.1,10000,42
binary_t127_upper_w0p1__uniform,binary_t127_upper_w0p1,127,0.9,1.0,uniform,"равномерный шум: p=0.1, low <-> high",chebyshev,5,0.0999,10000,42
binary_t127_upper_w0p1__uniform,binary_t127_upper_w0p1,127,0.9,1.0,uniform,"равномерный шум: p=0.1, low <-> high",chebyshev,7,0.0999,10000,42
binary_t127_upper_w0p1__uniform,binary_t127_upper_w0p1,127,0.9,1.0,uniform,"равномерный шум: p=0.1, low <-> high",chebyshev,9,0.0996,10000,42
binary_t127_upper_w0p1__contour,binary_t127_upper_w0p1,127,0.9,1.0,contour,"контурный шум: p_min=0.0, p_max=0.9, gamma=0.5, low <-> high",euclidean,1,0.7379000000000001,10000,42
binary_t127_upper_w0p1__contour,binary_t127_upper_w0p1,127,0.9,1.0,contour,"контурный шум: p_min=0.0, p_max=0.9, gamma=0.5, low <-> high",euclidean,3,0.7350999999999999,10000,42
binary_t127_upper_w0p1__contour,binary_t127_upper_w0p1,127,0.9,1.0,contour,"контурный шум: p_min=0.0, p_max=0.9, gamma=0.5, low <-> high",euclidean,5,0.7406,10000,42
binary_t127_upper_w0p1__contour,binary_t127_upper_w0p1,127,0.9,1.0,contour,"контурный шум: p_min=0.0, p_max=0.9, gamma=0.5, low <-> high",euclidean,7,0.7399,10000,42
binary_t127_upper_w0p1__contour,binary_t127_upper_w0p1,127,0.9,1.0,contour,"контурный шум: p_min=0.0, p_max=0.9, gamma=0.5, low <-> high",euclidean,9,0.7364,10000,42
binary_t127_upper_w0p1__contour,binary_t127_upper_w0p1,127,0.9,1.0,contour,"контурный шум: p_min=0.0, p_max=0.9, gamma=0.5, low <-> high",squared_euclidean,1,0.7379000000000001,10000,42
binary_t127_upper_w0p1__contour,binary_t127_upper_w0p1,127,0.9,1.0,contour,"контурный шум: p_min=0.0, p_max=0.9, gamma=0.5, low <-> high",squared_euclidean,3,0.7350999999999999,10000,42
binary_t127_upper_w0p1__contour,binary_t127_upper_w0p1,127,0.9,1.0,contour,"контурный шум: p_min=0.0, p_max=0.9, gamma=0.5, low <-> high",squared_euclidean,5,0.7406,10000,42
binary_t127_upper_w0p1__contour,binary_t127_upper_w0p1,127,0.9,1.0,contour,"контурный шум: p_min=0.0, p_max=0.9, gamma=0.5, low <-> high",squared_euclidean,7,0.7399,10000,42
binary_t127_upper_w0p1__contour,binary_t127_upper_w0p1,127,0.9,1.0,contour,"контурный шум: p_min=0.0, p_max=0.9, gamma=0.5, low <-> high",squared_euclidean,9,0.7364,10000,42
binary_t127_upper_w0p1__contour,binary_t127_upper_w0p1,127,0.9,1.0,contour,"контурный шум: p_min=0.0, p_max=0.9, gamma=0.5, low <-> high",manhattan,1,0.7337,10000,42
binary_t127_upper_w0p1__contour,binary_t127_upper_w0p1,127,0.9,1.0,contour,"контурный шум: p_min=0.0, p_max=0.9, gamma=0.5, low <-> high",manhattan,3,0.7298,10000,42
binary_t127_upper_w0p1__contour,binary_t127_upper_w0p1,127,0.9,1.0,contour,"контурный шум: p_min=0.0, p_max=0.9, gamma=0.5, low <-> high",manhattan,5,0.7341,10000,42
binary_t127_upper_w0p1__contour,binary_t127_upper_w0p1,127,0.9,1.0,contour,"контурный шум: p_min=0.0, p_max=0.9, gamma=0.5, low <-> high",manhattan,7,0.7338,10000,42
binary_t127_upper_w0p1__contour,binary_t127_upper_w0p1,127,0.9,1.0,contour,"контурный шум: p_min=0.0, p_max=0.9, gamma=0.5, low <-> high",manhattan,9,0.7306,10000,42
binary_t127_upper_w0p1__contour,binary_t127_upper_w0p1,127,0.9,1.0,contour,"контурный шум: p_min=0.0, p_max=0.9, gamma=0.5, low <-> high",weighted_euclidean,1,0.7402,10000,42
binary_t127_upper_w0p1__contour,binary_t127_upper_w0p1,127,0.9,1.0,contour,"контурный шум: p_min=0.0, p_max=0.9, gamma=0.5, low <-> high",weighted_euclidean,3,0.7384,10000,42
binary_t127_upper_w0p1__contour,binary_t127_upper_w0p1,127,0.9,1.0,contour,"контурный шум: p_min=0.0, p_max=0.9, gamma=0.5, low <-> high",weighted_euclidean,5,0.7431,10000,42
binary_t127_upper_w0p1__contour,binary_t127_upper_w0p1,127,0.9,1.0,contour,"контурный шум: p_min=0.0, p_max=0.9, gamma=0.5, low <-> high",weighted_euclidean,7,0.7411999999999999,10000,42
binary_t127_upper_w0p1__contour,binary_t127_upper_w0p1,127,0.9,1.0,contour,"контурный шум: p_min=0.0, p_max=0.9, gamma=0.5, low <-> high",weighted_euclidean,9,0.7385,10000,42
binary_t127_upper_w0p1__contour,binary_t127_upper_w0p1,127,0.9,1.0,contour,"контурный шум: p_min=0.0, p_max=0.9, gamma=0.5, low <-> high",chebyshev,1,0.0996,10000,42
binary_t127_upper_w0p1__contour,binary_t127_upper_w0p1,127,0.9,1.0,contour,"контурный шум: p_min=0.0, p_max=0.9, gamma=0.5, low <-> high",chebyshev,3,0.1,10000,42
binary_t127_upper_w0p1__contour,binary_t127_upper_w0p1,127,0.9,1.0,contour,"контурный шум: p_min=0.0, p_max=0.9, gamma=0.5, low <-> high",chebyshev,5,0.0999,10000,42
binary_t127_upper_w0p1__contour,binary_t127_upper_w0p1,127,0.9,1.0,contour,"контурный шум: p_min=0.0, p_max=0.9, gamma=0.5, low <-> high",chebyshev,7,0.0999,10000,42
binary_t127_upper_w0p1__contour,binary_t127_upper_w0p1,127,0.9,1.0,contour,"контурный шум: p_min=0.0, p_max=0.9, gamma=0.5, low <-> high",chebyshev,9,0.0996,10000,42
binary_t127_upper_w0p2__none,binary_t127_upper_w0p2,127,0.8,1.0,none,без шума,euclidean,1,0.9354,10000,42
binary_t127_upper_w0p2__none,binary_t127_upper_w0p2,127,0.8,1.0,none,без шума,euclidean,3,0.9341000000000002,10000,42
binary_t127_upper_w0p2__none,binary_t127_upper_w0p2,127,0.8,1.0,none,без шума,euclidean,5,0.9335,10000,42
binary_t127_upper_w0p2__none,binary_t127_upper_w0p2,127,0.8,1.0,none,без шума,euclidean,7,0.9347,10000,42
binary_t127_upper_w0p2__none,binary_t127_upper_w0p2,127,0.8,1.0,none,без шума,euclidean,9,0.9308999999999998,10000,42
binary_t127_upper_w0p2__none,binary_t127_upper_w0p2,127,0.8,1.0,none,без шума,squared_euclidean,1,0.9354,10000,42
binary_t127_upper_w0p2__none,binary_t127_upper_w0p2,127,0.8,1.0,none,без шума,squared_euclidean,3,0.9341000000000002,10000,42
binary_t127_upper_w0p2__none,binary_t127_upper_w0p2,127,0.8,1.0,none,без шума,squared_euclidean,5,0.9335,10000,42
binary_t127_upper_w0p2__none,binary_t127_upper_w0p2,127,0.8,1.0,none,без шума,squared_euclidean,7,0.9347,10000,42
binary_t127_upper_w0p2__none,binary_t127_upper_w0p2,127,0.8,1.0,none,без шума,squared_euclidean,9,0.9308999999999998,10000,42
binary_t127_upper_w0p2__none,binary_t127_upper_w0p2,127,0.8,1.0,none,без шума,manhattan,1,0.9342,10000,42
binary_t127_upper_w0p2__none,binary_t127_upper_w0p2,127,0.8,1.0,none,без шума,manhattan,3,0.9326000000000001,10000,42
binary_t127_upper_w0p2__none,binary_t127_upper_w0p2,127,0.8,1.0,none,без шума,manhattan,5,0.9346,10000,42
binary_t127_upper_w0p2__none,binary_t127_upper_w0p2,127,0.8,1.0,none,без шума,manhattan,7,0.9330000000000002,10000,42
binary_t127_upper_w0p2__none,binary_t127_upper_w0p2,127,0.8,1.0,none,без шума,manhattan,9,0.9304000000000001,10000,42
binary_t127_upper_w0p2__none,binary_t127_upper_w0p2,127,0.8,1.0,none,без шума,weighted_euclidean,1,0.9377,10000,42
binary_t127_upper_w0p2__none,binary_t127_upper_w0p2,127,0.8,1.0,none,без шума,weighted_euclidean,3,0.9381,10000,42
binary_t127_upper_w0p2__none,binary_t127_upper_w0p2,127,0.8,1.0,none,без шума,weighted_euclidean,5,0.9361,10000,42
binary_t127_upper_w0p2__none,binary_t127_upper_w0p2,127,0.8,1.0,none,без шума,weighted_euclidean,7,0.9346,10000,42
binary_t127_upper_w0p2__none,binary_t127_upper_w0p2,127,0.8,1.0,none,без шума,weighted_euclidean,9,0.9326000000000001,10000,42
binary_t127_upper_w0p2__none,binary_t127_upper_w0p2,127,0.8,1.0,none,без шума,chebyshev,1,0.0996,10000,42
binary_t127_upper_w0p2__none,binary_t127_upper_w0p2,127,0.8,1.0,none,без шума,chebyshev,3,0.1002,10000,42
binary_t127_upper_w0p2__none,binary_t127_upper_w0p2,127,0.8,1.0,none,без шума,chebyshev,5,0.09969999999999998,10000,42
binary_t127_upper_w0p2__none,binary_t127_upper_w0p2,127,0.8,1.0,none,без шума,chebyshev,7,0.0999,10000,42
binary_t127_upper_w0p2__none,binary_t127_upper_w0p2,127,0.8,1.0,none,без шума,chebyshev,9,0.0996,10000,42
binary_t127_upper_w0p2__uniform,binary_t127_upper_w0p2,127,0.8,1.0,uniform,"равномерный шум: p=0.1, low <-> high",euclidean,1,0.8399,10000,42
binary_t127_upper_w0p2__uniform,binary_t127_upper_w0p2,127,0.8,1.0,uniform,"равномерный шум: p=0.1, low <-> high",euclidean,3,0.852,10000,42
binary_t127_upper_w0p2__uniform,binary_t127_upper_w0p2,127,0.8,1.0,uniform,"равномерный шум: p=0.1, low <-> high",euclidean,5,0.8634,10000,42
binary_t127_upper_w0p2__uniform,binary_t127_upper_w0p2,127,0.8,1.0,uniform,"равномерный шум: p=0.1, low <-> high",euclidean,7,0.8646,10000,42
binary_t127_upper_w0p2__uniform,binary_t127_upper_w0p2,127,0.8,1.0,uniform,"равномерный шум: p=0.1, low <-> high",euclidean,9,0.8683,10000,42
binary_t127_upper_w0p2__uniform,binary_t127_upper_w0p2,127,0.8,1.0,uniform,"равномерный шум: p=0.1, low <-> high",squared_euclidean,1,0.8399,10000,42
binary_t127_upper_w0p2__uniform,binary_t127_upper_w0p2,127,0.8,1.0,uniform,"равномерный шум: p=0.1, low <-> high",squared_euclidean,3,0.852,10000,42
binary_t127_upper_w0p2__uniform,binary_t127_upper_w0p2,127,0.8,1.0,uniform,"равномерный шум: p=0.1, low <-> high",squared_euclidean,5,0.8634,10000,42
binary_t127_upper_w0p2__uniform,binary_t127_upper_w0p2,127,0.8,1.0,uniform,"равномерный шум: p=0.1, low <-> high",squared_euclidean,7,0.8646,10000,42
binary_t127_upper_w0p2__uniform,binary_t127_upper_w0p2,127,0.8,1.0,uniform,"равномерный шум: p=0.1, low <-> high",squared_euclidean,9,0.8683,10000,42
binary_t127_upper_w0p2__uniform,binary_t127_upper_w0p2,127,0.8,1.0,uniform,"равномерный шум: p=0.1, low <-> high",manhattan,1,0.8369,10000,42
binary_t127_upper_w0p2__uniform,binary_t127_upper_w0p2,127,0.8,1.0,uniform,"равномерный шум: p=0.1, low <-> high",manhattan,3,0.8496000000000001,10000,42
binary_t127_upper_w0p2__uniform,binary_t127_upper_w0p2,127,0.8,1.0,uniform,"равномерный шум: p=0.1, low <-> high",manhattan,5,0.8597,10000,42
binary_t127_upper_w0p2__uniform,binary_t127_upper_w0p2,127,0.8,1.0,uniform,"равномерный шум: p=0.1, low <-> high",manhattan,7,0.8635,10000,42
binary_t127_upper_w0p2__uniform,binary_t127_upper_w0p2,127,0.8,1.0,uniform,"равномерный шум: p=0.1, low <-> high",manhattan,9,0.8639,10000,42
binary_t127_upper_w0p2__uniform,binary_t127_upper_w0p2,127,0.8,1.0,uniform,"равномерный шум: p=0.1, low <-> high",weighted_euclidean,1,0.8631,10000,42
binary_t127_upper_w0p2__uniform,binary_t127_upper_w0p2,127,0.8,1.0,uniform,"равномерный шум: p=0.1, low <-> high",weighted_euclidean,3,0.8754,10000,42
binary_t127_upper_w0p2__uniform,binary_t127_upper_w0p2,127,0.8,1.0,uniform,"равномерный шум: p=0.1, low <-> high",weighted_euclidean,5,0.8813,10000,42
binary_t127_upper_w0p2__uniform,binary_t127_upper_w0p2,127,0.8,1.0,uniform,"равномерный шум: p=0.1, low <-> high",weighted_euclidean,7,0.8822,10000,42
binary_t127_upper_w0p2__uniform,binary_t127_upper_w0p2,127,0.8,1.0,uniform,"равномерный шум: p=0.1, low <-> high",weighted_euclidean,9,0.8837,10000,42
binary_t127_upper_w0p2__uniform,binary_t127_upper_w0p2,127,0.8,1.0,uniform,"равномерный шум: p=0.1, low <-> high",chebyshev,1,0.0996,10000,42
binary_t127_upper_w0p2__uniform,binary_t127_upper_w0p2,127,0.8,1.0,uniform,"равномерный шум: p=0.1, low <-> high",chebyshev,3,0.1,10000,42
binary_t127_upper_w0p2__uniform,binary_t127_upper_w0p2,127,0.8,1.0,uniform,"равномерный шум: p=0.1, low <-> high",chebyshev,5,0.0999,10000,42
binary_t127_upper_w0p2__uniform,binary_t127_upper_w0p2,127,0.8,1.0,uniform,"равномерный шум: p=0.1, low <-> high",chebyshev,7,0.0999,10000,42
binary_t127_upper_w0p2__uniform,binary_t127_upper_w0p2,127,0.8,1.0,uniform,"равномерный шум: p=0.1, low <-> high",chebyshev,9,0.0996,10000,42
binary_t127_upper_w0p2__contour,binary_t127_upper_w0p2,127,0.8,1.0,contour,"контурный шум: p_min=0.0, p_max=0.9, gamma=0.5, low <-> high",euclidean,1,0.7389,10000,42
binary_t127_upper_w0p2__contour,binary_t127_upper_w0p2,127,0.8,1.0,contour,"контурный шум: p_min=0.0, p_max=0.9, gamma=0.5, low <-> high",euclidean,3,0.7349,10000,42
binary_t127_upper_w0p2__contour,binary_t127_upper_w0p2,127,0.8,1.0,contour,"контурный шум: p_min=0.0, p_max=0.9, gamma=0.5, low <-> high",euclidean,5,0.7400999999999999,10000,42
binary_t127_upper_w0p2__contour,binary_t127_upper_w0p2,127,0.8,1.0,contour,"контурный шум: p_min=0.0, p_max=0.9, gamma=0.5, low <-> high",euclidean,7,0.7385,10000,42
binary_t127_upper_w0p2__contour,binary_t127_upper_w0p2,127,0.8,1.0,contour,"контурный шум: p_min=0.0, p_max=0.9, gamma=0.5, low <-> high",euclidean,9,0.7348,10000,42
binary_t127_upper_w0p2__contour,binary_t127_upper_w0p2,127,0.8,1.0,contour,"контурный шум: p_min=0.0, p_max=0.9, gamma=0.5, low <-> high",squared_euclidean,1,0.7389,10000,42
binary_t127_upper_w0p2__contour,binary_t127_upper_w0p2,127,0.8,1.0,contour,"контурный шум: p_min=0.0, p_max=0.9, gamma=0.5, low <-> high",squared_euclidean,3,0.7349,10000,42
binary_t127_upper_w0p2__contour,binary_t127_upper_w0p2,127,0.8,1.0,contour,"контурный шум: p_min=0.0, p_max=0.9, gamma=0.5, low <-> high",squared_euclidean,5,0.7400999999999999,10000,42
binary_t127_upper_w0p2__contour,binary_t127_upper_w0p2,127,0.8,1.0,contour,"контурный шум: p_min=0.0, p_max=0.9, gamma=0.5, low <-> high",squared_euclidean,7,0.7385,10000,42
binary_t127_upper_w0p2__contour,binary_t127_upper_w0p2,127,0.8,1.0,contour,"контурный шум: p_min=0.0, p_max=0.9, gamma=0.5, low <-> high",squared_euclidean,9,0.7348,10000,42
binary_t127_upper_w0p2__contour,binary_t127_upper_w0p2,127,0.8,1.0,contour,"контурный шум: p_min=0.0, p_max=0.9, gamma=0.5, low <-> high",manhattan,1,0.7337,10000,42
binary_t127_upper_w0p2__contour,binary_t127_upper_w0p2,127,0.8,1.0,contour,"контурный шум: p_min=0.0, p_max=0.9, gamma=0.5, low <-> high",manhattan,3,0.7298,10000,42
binary_t127_upper_w0p2__contour,binary_t127_upper_w0p2,127,0.8,1.0,contour,"контурный шум: p_min=0.0, p_max=0.9, gamma=0.5, low <-> high",manhattan,5,0.7341,10000,42
binary_t127_upper_w0p2__contour,binary_t127_upper_w0p2,127,0.8,1.0,contour,"контурный шум: p_min=0.0, p_max=0.9, gamma=0.5, low <-> high",manhattan,7,0.7338,10000,42
binary_t127_upper_w0p2__contour,binary_t127_upper_w0p2,127,0.8,1.0,contour,"контурный шум: p_min=0.0, p_max=0.9, gamma=0.5, low <-> high",manhattan,9,0.7306,10000,42
binary_t127_upper_w0p2__contour,binary_t127_upper_w0p2,127,0.8,1.0,contour,"контурный шум: p_min=0.0, p_max=0.9, gamma=0.5, low <-> high",weighted_euclidean,1,0.7402,10000,42
binary_t127_upper_w0p2__contour,binary_t127_upper_w0p2,127,0.8,1.0,contour,"контурный шум: p_min=0.0, p_max=0.9, gamma=0.5, low <-> high",weighted_euclidean,3,0.7384,10000,42
binary_t127_upper_w0p2__contour,binary_t127_upper_w0p2,127,0.8,1.0,contour,"контурный шум: p_min=0.0, p_max=0.9, gamma=0.5, low <-> high",weighted_euclidean,5,0.7431,10000,42
binary_t127_upper_w0p2__contour,binary_t127_upper_w0p2,127,0.8,1.0,contour,"контурный шум: p_min=0.0, p_max=0.9, gamma=0.5, low <-> high",weighted_euclidean,7,0.7411999999999999,10000,42
binary_t127_upper_w0p2__contour,binary_t127_upper_w0p2,127,0.8,1.0,contour,"контурный шум: p_min=0.0, p_max=0.9, gamma=0.5, low <-> high",weighted_euclidean,9,0.7385,10000,42
binary_t127_upper_w0p2__contour,binary_t127_upper_w0p2,127,0.8,1.0,contour,"контурный шум: p_min=0.0, p_max=0.9, gamma=0.5, low <-> high",chebyshev,1,0.0996,10000,42
binary_t127_upper_w0p2__contour,binary_t127_upper_w0p2,127,0.8,1.0,contour,"контурный шум: p_min=0.0, p_max=0.9, gamma=0.5, low <-> high",chebyshev,3,0.1,10000,42
binary_t127_upper_w0p2__contour,binary_t127_upper_w0p2,127,0.8,1.0,contour,"контурный шум: p_min=0.0, p_max=0.9, gamma=0.5, low <-> high",chebyshev,5,0.0999,10000,42
binary_t127_upper_w0p2__contour,binary_t127_upper_w0p2,127,0.8,1.0,contour,"контурный шум: p_min=0.0, p_max=0.9, gamma=0.5, low <-> high",chebyshev,7,0.0999,10000,42
binary_t127_upper_w0p2__contour,binary_t127_upper_w0p2,127,0.8,1.0,contour,"контурный шум: p_min=0.0, p_max=0.9, gamma=0.5, low <-> high",chebyshev,9,0.0996,10000,42
binary_t248_full_w1p0__none,binary_t248_full_w1p0,248,0.0,1.0,none,без шума,euclidean,1,0.7707999999999999,10000,42
binary_t248_full_w1p0__none,binary_t248_full_w1p0,248,0.0,1.0,none,без шума,euclidean,3,0.7701,10000,42
binary_t248_full_w1p0__none,binary_t248_full_w1p0,248,0.0,1.0,none,без шума,euclidean,5,0.77,10000,42
binary_t248_full_w1p0__none,binary_t248_full_w1p0,248,0.0,1.0,none,без шума,euclidean,7,0.7728,10000,42
binary_t248_full_w1p0__none,binary_t248_full_w1p0,248,0.0,1.0,none,без шума,euclidean,9,0.7692999999999999,10000,42
binary_t248_full_w1p0__none,binary_t248_full_w1p0,248,0.0,1.0,none,без шума,squared_euclidean,1,0.7707999999999999,10000,42
binary_t248_full_w1p0__none,binary_t248_full_w1p0,248,0.0,1.0,none,без шума,squared_euclidean,3,0.7701,10000,42
binary_t248_full_w1p0__none,binary_t248_full_w1p0,248,0.0,1.0,none,без шума,squared_euclidean,5,0.77,10000,42
binary_t248_full_w1p0__none,binary_t248_full_w1p0,248,0.0,1.0,none,без шума,squared_euclidean,7,0.7728,10000,42
binary_t248_full_w1p0__none,binary_t248_full_w1p0,248,0.0,1.0,none,без шума,squared_euclidean,9,0.7692999999999999,10000,42
binary_t248_full_w1p0__none,binary_t248_full_w1p0,248,0.0,1.0,none,без шума,manhattan,1,0.7707999999999999,10000,42
binary_t248_full_w1p0__none,binary_t248_full_w1p0,248,0.0,1.0,none,без шума,manhattan,3,0.7701,10000,42
binary_t248_full_w1p0__none,binary_t248_full_w1p0,248,0.0,1.0,none,без шума,manhattan,5,0.77,10000,42
binary_t248_full_w1p0__none,binary_t248_full_w1p0,248,0.0,1.0,none,без шума,manhattan,7,0.7728,10000,42
binary_t248_full_w1p0__none,binary_t248_full_w1p0,248,0.0,1.0,none,без шума,manhattan,9,0.7692999999999999,10000,42
binary_t248_full_w1p0__none,binary_t248_full_w1p0,248,0.0,1.0,none,без шума,weighted_euclidean,1,0.7731,10000,42
binary_t248_full_w1p0__none,binary_t248_full_w1p0,248,0.0,1.0,none,без шума,weighted_euclidean,3,0.7724,10000,42
binary_t248_full_w1p0__none,binary_t248_full_w1p0,248,0.0,1.0,none,без шума,weighted_euclidean,5,0.7706000000000001,10000,42
binary_t248_full_w1p0__none,binary_t248_full_w1p0,248,0.0,1.0,none,без шума,weighted_euclidean,7,0.7705,10000,42
binary_t248_full_w1p0__none,binary_t248_full_w1p0,248,0.0,1.0,none,без шума,weighted_euclidean,9,0.768,10000,42
binary_t248_full_w1p0__none,binary_t248_full_w1p0,248,0.0,1.0,none,без шума,chebyshev,1,0.0996,10000,42
binary_t248_full_w1p0__none,binary_t248_full_w1p0,248,0.0,1.0,none,без шума,chebyshev,3,0.1002,10000,42
binary_t248_full_w1p0__none,binary_t248_full_w1p0,248,0.0,1.0,none,без шума,chebyshev,5,0.09969999999999998,10000,42
binary_t248_full_w1p0__none,binary_t248_full_w1p0,248,0.0,1.0,none,без шума,chebyshev,7,0.0999,10000,42
binary_t248_full_w1p0__none,binary_t248_full_w1p0,248,0.0,1.0,none,без шума,chebyshev,9,0.0996,10000,42
binary_t248_full_w1p0__uniform,binary_t248_full_w1p0,248,0.0,1.0,uniform,"равномерный шум: p=0.1, low <-> high",euclidean,1,0.5128,10000,42
binary_t248_full_w1p0__uniform,binary_t248_full_w1p0,248,0.0,1.0,uniform,"равномерный шум: p=0.1, low <-> high",euclidean,3,0.5249,10000,42
binary_t248_full_w1p0__uniform,binary_t248_full_w1p0,248,0.0,1.0,uniform,"равномерный шум: p=0.1, low <-> high",euclidean,5,0.5563,10000,42
binary_t248_full_w1p0__uniform,binary_t248_full_w1p0,248,0.0,1.0,uniform,"равномерный шум: p=0.1, low <-> high",euclidean,7,0.5603,10000,42
binary_t248_full_w1p0__uniform,binary_t248_full_w1p0,248,0.0,1.0,uniform,"равномерный шум: p=0.1, low <-> high",euclidean,9,0.5704,10000,42
binary_t248_full_w1p0__uniform,binary_t248_full_w1p0,248,0.0,1.0,uniform,"равномерный шум: p=0.1, low <-> high",squared_euclidean,1,0.5128,10000,42
binary_t248_full_w1p0__uniform,binary_t248_full_w1p0,248,0.0,1.0,uniform,"равномерный шум: p=0.1, low <-> high",squared_euclidean,3,0.5249,10000,42
binary_t248_full_w1p0__uniform,binary_t248_full_w1p0,248,0.0,1.0,uniform,"равномерный шум: p=0.1, low <-> high",squared_euclidean,5,0.5563,10000,42
binary_t248_full_w1p0__uniform,binary_t248_full_w1p0,248,0.0,1.0,uniform,"равномерный шум: p=0.1, low <-> high",squared_euclidean,7,0.5603,10000,42
binary_t248_full_w1p0__uniform,binary_t248_full_w1p0,248,0.0,1.0,uniform,"равномерный шум: p=0.1, low <-> high",squared_euclidean,9,0.5704,10000,42
binary_t248_full_w1p0__uniform,binary_t248_full_w1p0,248,0.0,1.0,uniform,"равномерный шум: p=0.1, low <-> high",manhattan,1,0.5128,10000,42
binary_t248_full_w1p0__uniform,binary_t248_full_w1p0,248,0.0,1.0,uniform,"равномерный шум: p=0.1, low <-> high",manhattan,3,0.5249,10000,42
binary_t248_full_w1p0__uniform,binary_t248_full_w1p0,248,0.0,1.0,uniform,"равномерный шум: p=0.1, low <-> high",manhattan,5,0.5563,10000,42
binary_t248_full_w1p0__uniform,binary_t248_full_w1p0,248,0.0,1.0,uniform,"равномерный шум: p=0.1, low <-> high",manhattan,7,0.5603,10000,42
binary_t248_full_w1p0__uniform,binary_t248_full_w1p0,248,0.0,1.0,uniform,"равномерный шум: p=0.1, low <-> high",manhattan,9,0.5704,10000,42
binary_t248_full_w1p0__uniform,binary_t248_full_w1p0,248,0.0,1.0,uniform,"равномерный шум: p=0.1, low <-> high",weighted_euclidean,1,0.5578,10000,42
binary_t248_full_w1p0__uniform,binary_t248_full_w1p0,248,0.0,1.0,uniform,"равномерный шум: p=0.1, low <-> high",weighted_euclidean,3,0.5674,10000,42
binary_t248_full_w1p0__uniform,binary_t248_full_w1p0,248,0.0,1.0,uniform,"равномерный шум: p=0.1, low <-> high",weighted_euclidean,5,0.5917,10000,42
binary_t248_full_w1p0__uniform,binary_t248_full_w1p0,248,0.0,1.0,uniform,"равномерный шум: p=0.1, low <-> high",weighted_euclidean,7,0.6004,10000,42
binary_t248_full_w1p0__uniform,binary_t248_full_w1p0,248,0.0,1.0,uniform,"равномерный шум: p=0.1, low <-> high",weighted_euclidean,9,0.6062,10000,42
binary_t248_full_w1p0__uniform,binary_t248_full_w1p0,248,0.0,1.0,uniform,"равномерный шум: p=0.1, low <-> high",chebyshev,1,0.0996,10000,42
binary_t248_full_w1p0__uniform,binary_t248_full_w1p0,248,0.0,1.0,uniform,"равномерный шум: p=0.1, low <-> high",chebyshev,3,0.1,10000,42
binary_t248_full_w1p0__uniform,binary_t248_full_w1p0,248,0.0,1.0,uniform,"равномерный шум: p=0.1, low <-> high",chebyshev,5,0.0999,10000,42
binary_t248_full_w1p0__uniform,binary_t248_full_w1p0,248,0.0,1.0,uniform,"равномерный шум: p=0.1, low <-> high",chebyshev,7,0.0999,10000,42
binary_t248_full_w1p0__uniform,binary_t248_full_w1p0,248,0.0,1.0,uniform,"равномерный шум: p=0.1, low <-> high",chebyshev,9,0.0996,10000,42
binary_t248_full_w1p0__contour,binary_t248_full_w1p0,248,0.0,1.0,contour,"контурный шум: p_min=0.0, p_max=0.9, gamma=0.5, low <-> high",euclidean,1,0.4508,10000,42
binary_t248_full_w1p0__contour,binary_t248_full_w1p0,248,0.0,1.0,contour,"контурный шум: p_min=0.0, p_max=0.9, gamma=0.5, low <-> high",euclidean,3,0.4511,10000,42
binary_t248_full_w1p0__contour,binary_t248_full_w1p0,248,0.0,1.0,contour,"контурный шум: p_min=0.0, p_max=0.9, gamma=0.5, low <-> high",euclidean,5,0.4648,10000,42
binary_t248_full_w1p0__contour,binary_t248_full_w1p0,248,0.0,1.0,contour,"контурный шум: p_min=0.0, p_max=0.9, gamma=0.5, low <-> high",euclidean,7,0.46520000000000006,10000,42
binary_t248_full_w1p0__contour,binary_t248_full_w1p0,248,0.0,1.0,contour,"контурный шум: p_min=0.0, p_max=0.9, gamma=0.5, low <-> high",euclidean,9,0.47229999999999994,10000,42
binary_t248_full_w1p0__contour,binary_t248_full_w1p0,248,0.0,1.0,contour,"контурный шум: p_min=0.0, p_max=0.9, gamma=0.5, low <-> high",squared_euclidean,1,0.4508,10000,42
binary_t248_full_w1p0__contour,binary_t248_full_w1p0,248,0.0,1.0,contour,"контурный шум: p_min=0.0, p_max=0.9, gamma=0.5, low <-> high",squared_euclidean,3,0.4511,10000,42
binary_t248_full_w1p0__contour,binary_t248_full_w1p0,248,0.0,1.0,contour,"контурный шум: p_min=0.0, p_max=0.9, gamma=0.5, low <-> high",squared_euclidean,5,0.4648,10000,42
binary_t248_full_w1p0__contour,binary_t248_full_w1p0,248,0.0,1.0,contour,"контурный шум: p_min=0.0, p_max=0.9, gamma=0.5, low <-> high",squared_euclidean,7,0.46520000000000006,10000,42
binary_t248_full_w1p0__contour,binary_t248_full_w1p0,248,0.0,1.0,contour,"контурный шум: p_min=0.0, p_max=0.9, gamma=0.5, low <-> high",squared_euclidean,9,0.47229999999999994,10000,42
binary_t248_full_w1p0__contour,binary_t248_full_w1p0,248,0.0,1.0,contour,"контурный шум: p_min=0.0, p_max=0.9, gamma=0.5, low <-> high",manhattan,1,0.4508,10000,42
binary_t248_full_w1p0__contour,binary_t248_full_w1p0,248,0.0,1.0,contour,"контурный шум: p_min=0.0, p_max=0.9, gamma=0.5, low <-> high",manhattan,3,0.4511,10000,42
binary_t248_full_w1p0__contour,binary_t248_full_w1p0,248,0.0,1.0,contour,"контурный шум: p_min=0.0, p_max=0.9, gamma=0.5, low <-> high",manhattan,5,0.4648,10000,42
binary_t248_full_w1p0__contour,binary_t248_full_w1p0,248,0.0,1.0,contour,"контурный шум: p_min=0.0, p_max=0.9, gamma=0.5, low <-> high",manhattan,7,0.46520000000000006,10000,42
binary_t248_full_w1p0__contour,binary_t248_full_w1p0,248,0.0,1.0,contour,"контурный шум: p_min=0.0, p_max=0.9, gamma=0.5, low <-> high",manhattan,9,0.47229999999999994,10000,42
binary_t248_full_w1p0__contour,binary_t248_full_w1p0,248,0.0,1.0,contour,"контурный шум: p_min=0.0, p_max=0.9, gamma=0.5, low <-> high",weighted_euclidean,1,0.4562,10000,42
binary_t248_full_w1p0__contour,binary_t248_full_w1p0,248,0.0,1.0,contour,"контурный шум: p_min=0.0, p_max=0.9, gamma=0.5, low <-> high",weighted_euclidean,3,0.45629999999999993,10000,42
binary_t248_full_w1p0__contour,binary_t248_full_w1p0,248,0.0,1.0,contour,"контурный шум: p_min=0.0, p_max=0.9, gamma=0.5, low <-> high",weighted_euclidean,5,0.4695,10000,42
binary_t248_full_w1p0__contour,binary_t248_full_w1p0,248,0.0,1.0,contour,"контурный шум: p_min=0.0, p_max=0.9, gamma=0.5, low <-> high",weighted_euclidean,7,0.4797,10000,42
binary_t248_full_w1p0__contour,binary_t248_full_w1p0,248,0.0,1.0,contour,"контурный шум: p_min=0.0, p_max=0.9, gamma=0.5, low <-> high",weighted_euclidean,9,0.48350000000000004,10000,42
binary_t248_full_w1p0__contour,binary_t248_full_w1p0,248,0.0,1.0,contour,"контурный шум: p_min=0.0, p_max=0.9, gamma=0.5, low <-> high",chebyshev,1,0.0996,10000,42
binary_t248_full_w1p0__contour,binary_t248_full_w1p0,248,0.0,1.0,contour,"контурный шум: p_min=0.0, p_max=0.9, gamma=0.5, low <-> high",chebyshev,3,0.1,10000,42
binary_t248_full_w1p0__contour,binary_t248_full_w1p0,248,0.0,1.0,contour,"контурный шум: p_min=0.0, p_max=0.9, gamma=0.5, low <-> high",chebyshev,5,0.0999,10000,42
binary_t248_full_w1p0__contour,binary_t248_full_w1p0,248,0.0,1.0,contour,"контурный шум: p_min=0.0, p_max=0.9, gamma=0.5, low <-> high",chebyshev,7,0.0999,10000,42
binary_t248_full_w1p0__contour,binary_t248_full_w1p0,248,0.0,1.0,contour,"контурный шум: p_min=0.0, p_max=0.9, gamma=0.5, low <-> high",chebyshev,9,0.0996,10000,42
binary_t248_lower_w0p05__none,binary_t248_lower_w0p05,248,0.0,0.05,none,без шума,euclidean,1,0.7702,10000,42
binary_t248_lower_w0p05__none,binary_t248_lower_w0p05,248,0.0,0.05,none,без шума,euclidean,3,0.7698,10000,42
binary_t248_lower_w0p05__none,binary_t248_lower_w0p05,248,0.0,0.05,none,без шума,euclidean,5,0.7705,10000,42
binary_t248_lower_w0p05__none,binary_t248_lower_w0p05,248,0.0,0.05,none,без шума,euclidean,7,0.7726,10000,42
binary_t248_lower_w0p05__none,binary_t248_lower_w0p05,248,0.0,0.05,none,без шума,euclidean,9,0.7694,10000,42
binary_t248_lower_w0p05__none,binary_t248_lower_w0p05,248,0.0,0.05,none,без шума,squared_euclidean,1,0.7702,10000,42
binary_t248_lower_w0p05__none,binary_t248_lower_w0p05,248,0.0,0.05,none,без шума,squared_euclidean,3,0.7698,10000,42
binary_t248_lower_w0p05__none,binary_t248_lower_w0p05,248,0.0,0.05,none,без шума,squared_euclidean,5,0.7705,10000,42
binary_t248_lower_w0p05__none,binary_t248_lower_w0p05,248,0.0,0.05,none,без шума,squared_euclidean,7,0.7726,10000,42
binary_t248_lower_w0p05__none,binary_t248_lower_w0p05,248,0.0,0.05,none,без шума,squared_euclidean,9,0.7694,10000,42
binary_t248_lower_w0p05__none,binary_t248_lower_w0p05,248,0.0,0.05,none,без шума,manhattan,1,0.7707999999999999,10000,42
binary_t248_lower_w0p05__none,binary_t248_lower_w0p05,248,0.0,0.05,none,без шума,manhattan,3,0.7701,10000,42
binary_t248_lower_w0p05__none,binary_t248_lower_w0p05,248,0.0,0.05,none,без шума,manhattan,5,0.77,10000,42
binary_t248_lower_w0p05__none,binary_t248_lower_w0p05,248,0.0,0.05,none,без шума,manhattan,7,0.7728,10000,42
binary_t248_lower_w0p05__none,binary_t248_lower_w0p05,248,0.0,0.05,none,без шума,manhattan,9,0.7692999999999999,10000,42
binary_t248_lower_w0p05__none,binary_t248_lower_w0p05,248,0.0,0.05,none,без шума,weighted_euclidean,1,0.7731,10000,42
binary_t248_lower_w0p05__none,binary_t248_lower_w0p05,248,0.0,0.05,none,без шума,weighted_euclidean,3,0.7724,10000,42
binary_t248_lower_w0p05__none,binary_t248_lower_w0p05,248,0.0,0.05,none,без шума,weighted_euclidean,5,0.7706000000000001,10000,42
binary_t248_lower_w0p05__none,binary_t248_lower_w0p05,248,0.0,0.05,none,без шума,weighted_euclidean,7,0.7705,10000,42
binary_t248_lower_w0p05__none,binary_t248_lower_w0p05,248,0.0,0.05,none,без шума,weighted_euclidean,9,0.768,10000,42
binary_t248_lower_w0p05__none,binary_t248_lower_w0p05,248,0.0,0.05,none,без шума,chebyshev,1,0.0996,10000,42
binary_t248_lower_w0p05__none,binary_t248_lower_w0p05,248,0.0,0.05,none,без шума,chebyshev,3,0.1002,10000,42
binary_t248_lower_w0p05__none,binary_t248_lower_w0p05,248,0.0,0.05,none,без шума,chebyshev,5,0.09969999999999998,10000,42
binary_t248_lower_w0p05__none,binary_t248_lower_w0p05,248,0.0,0.05,none,без шума,chebyshev,7,0.0999,10000,42
binary_t248_lower_w0p05__none,binary_t248_lower_w0p05,248,0.0,0.05,none,без шума,chebyshev,9,0.0996,10000,42
binary_t248_lower_w0p05__uniform,binary_t248_lower_w0p05,248,0.0,0.05,uniform,"равномерный шум: p=0.1, low <-> high",euclidean,1,0.5162,10000,42
binary_t248_lower_w0p05__uniform,binary_t248_lower_w0p05,248,0.0,0.05,uniform,"равномерный шум: p=0.1, low <-> high",euclidean,3,0.5234,10000,42
binary_t248_lower_w0p05__uniform,binary_t248_lower_w0p05,248,0.0,0.05,uniform,"равномерный шум: p=0.1, low <-> high",euclidean,5,0.5555,10000,42
binary_t248_lower_w0p05__uniform,binary_t248_lower_w0p05,248,0.0,0.05,uniform,"равномерный шум: p=0.1, low <-> high",euclidean,7,0.5596,10000,42
binary_t248_lower_w0p05__uniform,binary_t248_lower_w0p05,248,0.0,0.05,uniform,"равномерный шум: p=0.1, low <-> high",euclidean,9,0.5703,10000,42
binary_t248_lower_w0p05__uniform,binary_t248_lower_w0p05,248,0.0,0.05,uniform,"равномерный шум: p=0.1, low <-> high",squared_euclidean,1,0.5162,10000,42
binary_t248_lower_w0p05__uniform,binary_t248_lower_w0p05,248,0.0,0.05,uniform,"равномерный шум: p=0.1, low <-> high",squared_euclidean,3,0.5234,10000,42
binary_t248_lower_w0p05__uniform,binary_t248_lower_w0p05,248,0.0,0.05,uniform,"равномерный шум: p=0.1, low <-> high",squared_euclidean,5,0.5555,10000,42
binary_t248_lower_w0p05__uniform,binary_t248_lower_w0p05,248,0.0,0.05,uniform,"равномерный шум: p=0.1, low <-> high",squared_euclidean,7,0.5596,10000,42
binary_t248_lower_w0p05__uniform,binary_t248_lower_w0p05,248,0.0,0.05,uniform,"равномерный шум: p=0.1, low <-> high",squared_euclidean,9,0.5703,10000,42
binary_t248_lower_w0p05__uniform,binary_t248_lower_w0p05,248,0.0,0.05,uniform,"равномерный шум: p=0.1, low <-> high",manhattan,1,0.5128,10000,42
binary_t248_lower_w0p05__uniform,binary_t248_lower_w0p05,248,0.0,0.05,uniform,"равномерный шум: p=0.1, low <-> high",manhattan,3,0.5249,10000,42
binary_t248_lower_w0p05__uniform,binary_t248_lower_w0p05,248,0.0,0.05,uniform,"равномерный шум: p=0.1, low <-> high",manhattan,5,0.5563,10000,42
binary_t248_lower_w0p05__uniform,binary_t248_lower_w0p05,248,0.0,0.05,uniform,"равномерный шум: p=0.1, low <-> high",manhattan,7,0.5603,10000,42
binary_t248_lower_w0p05__uniform,binary_t248_lower_w0p05,248,0.0,0.05,uniform,"равномерный шум: p=0.1, low <-> high",manhattan,9,0.5704,10000,42
binary_t248_lower_w0p05__uniform,binary_t248_lower_w0p05,248,0.0,0.05,uniform,"равномерный шум: p=0.1, low <-> high",weighted_euclidean,1,0.5578,10000,42
binary_t248_lower_w0p05__uniform,binary_t248_lower_w0p05,248,0.0,0.05,uniform,"равномерный шум: p=0.1, low <-> high",weighted_euclidean,3,0.5674,10000,42
binary_t248_lower_w0p05__uniform,binary_t248_lower_w0p05,248,0.0,0.05,uniform,"равномерный шум: p=0.1, low <-> high",weighted_euclidean,5,0.5917,10000,42
binary_t248_lower_w0p05__uniform,binary_t248_lower_w0p05,248,0.0,0.05,uniform,"равномерный шум: p=0.1, low <-> high",weighted_euclidean,7,0.6004,10000,42
binary_t248_lower_w0p05__uniform,binary_t248_lower_w0p05,248,0.0,0.05,uniform,"равномерный шум: p=0.1, low <-> high",weighted_euclidean,9,0.6062,10000,42
binary_t248_lower_w0p05__uniform,binary_t248_lower_w0p05,248,0.0,0.05,uniform,"равномерный шум: p=0.1, low <-> high",chebyshev,1,0.0996,10000,42
binary_t248_lower_w0p05__uniform,binary_t248_lower_w0p05,248,0.0,0.05,uniform,"равномерный шум: p=0.1, low <-> high",chebyshev,3,0.1,10000,42
binary_t248_lower_w0p05__uniform,binary_t248_lower_w0p05,248,0.0,0.05,uniform,"равномерный шум: p=0.1, low <-> high",chebyshev,5,0.0999,10000,42
binary_t248_lower_w0p05__uniform,binary_t248_lower_w0p05,248,0.0,0.05,uniform,"равномерный шум: p=0.1, low <-> high",chebyshev,7,0.0999,10000,42
binary_t248_lower_w0p05__uniform,binary_t248_lower_w0p05,248,0.0,0.05,uniform,"равномерный шум: p=0.1, low <-> high",chebyshev,9,0.0996,10000,42
binary_t248_lower_w0p05__contour,binary_t248_lower_w0p05,248,0.0,0.05,contour,"контурный шум: p_min=0.0, p_max=0.9, gamma=0.5, low <-> high",euclidean,1,0.45159999999999995,10000,42
binary_t248_lower_w0p05__contour,binary_t248_lower_w0p05,248,0.0,0.05,contour,"контурный шум: p_min=0.0, p_max=0.9, gamma=0.5, low <-> high",euclidean,3,0.4511,10000,42
binary_t248_lower_w0p05__contour,binary_t248_lower_w0p05,248,0.0,0.05,contour,"контурный шум: p_min=0.0, p_max=0.9, gamma=0.5, low <-> high",euclidean,5,0.46509999999999996,10000,42
binary_t248_lower_w0p05__contour,binary_t248_lower_w0p05,248,0.0,0.05,contour,"контурный шум: p_min=0.0, p_max=0.9, gamma=0.5, low <-> high",euclidean,7,0.4648,10000,42
binary_t248_lower_w0p05__contour,binary_t248_lower_w0p05,248,0.0,0.05,contour,"контурный шум: p_min=0.0, p_max=0.9, gamma=0.5, low <-> high",euclidean,9,0.4714,10000,42
binary_t248_lower_w0p05__contour,binary_t248_lower_w0p05,248,0.0,0.05,contour,"контурный шум: p_min=0.0, p_max=0.9, gamma=0.5, low <-> high",squared_euclidean,1,0.45159999999999995,10000,42
binary_t248_lower_w0p05__contour,binary_t248_lower_w0p05,248,0.0,0.05,contour,"контурный шум: p_min=0.0, p_max=0.9, gamma=0.5, low <-> high",squared_euclidean,3,0.4511,10000,42
binary_t248_lower_w0p05__contour,binary_t248_lower_w0p05,248,0.0,0.05,contour,"контурный шум: p_min=0.0, p_max=0.9, gamma=0.5, low <-> high",squared_euclidean,5,0.46509999999999996,10000,42
binary_t248_lower_w0p05__contour,binary_t248_lower_w0p05,248,0.0,0.05,contour,"контурный шум: p_min=0.0, p_max=0.9, gamma=0.5, low <-> high",squared_euclidean,7,0.4648,10000,42
binary_t248_lower_w0p05__contour,binary_t248_lower_w0p05,248,0.0,0.05,contour,"контурный шум: p_min=0.0, p_max=0.9, gamma=0.5, low <-> high",squared_euclidean,9,0.4714,10000,42
binary_t248_lower_w0p05__contour,binary_t248_lower_w0p05,248,0.0,0.05,contour,"контурный шум: p_min=0.0, p_max=0.9, gamma=0.5, low <-> high",manhattan,1,0.4508,10000,42
binary_t248_lower_w0p05__contour,binary_t248_lower_w0p05,248,0.0,0.05,contour,"контурный шум: p_min=0.0, p_max=0.9, gamma=0.5, low <-> high",manhattan,3,0.4511,10000,42
binary_t248_lower_w0p05__contour,binary_t248_lower_w0p05,248,0.0,0.05,contour,"контурный шум: p_min=0.0, p_max=0.9, gamma=0.5, low <-> high",manhattan,5,0.4648,10000,42
binary_t248_lower_w0p05__contour,binary_t248_lower_w0p05,248,0.0,0.05,contour,"контурный шум: p_min=0.0, p_max=0.9, gamma=0.5, low <-> high",manhattan,7,0.46520000000000006,10000,42
binary_t248_lower_w0p05__contour,binary_t248_lower_w0p05,248,0.0,0.05,contour,"контурный шум: p_min=0.0, p_max=0.9, gamma=0.5, low <-> high",manhattan,9,0.47229999999999994,10000,42
binary_t248_lower_w0p05__contour,binary_t248_lower_w0p05,248,0.0,0.05,contour,"контурный шум: p_min=0.0, p_max=0.9, gamma=0.5, low <-> high",weighted_euclidean,1,0.4562,10000,42
binary_t248_lower_w0p05__contour,binary_t248_lower_w0p05,248,0.0,0.05,contour,"контурный шум: p_min=0.0, p_max=0.9, gamma=0.5, low <-> high",weighted_euclidean,3,0.45629999999999993,10000,42
binary_t248_lower_w0p05__contour,binary_t248_lower_w0p05,248,0.0,0.05,contour,"контурный шум: p_min=0.0, p_max=0.9, gamma=0.5, low <-> high",weighted_euclidean,5,0.4695,10000,42
binary_t248_lower_w0p05__contour,binary_t248_lower_w0p05,248,0.0,0.05,contour,"контурный шум: p_min=0.0, p_max=0.9, gamma=0.5, low <-> high",weighted_euclidean,7,0.4797,10000,42
binary_t248_lower_w0p05__contour,binary_t248_lower_w0p05,248,0.0,0.05,contour,"контурный шум: p_min=0.0, p_max=0.9, gamma=0.5, low <-> high",weighted_euclidean,9,0.48350000000000004,10000,42
binary_t248_lower_w0p05__contour,binary_t248_lower_w0p05,248,0.0,0.05,contour,"контурный шум: p_min=0.0, p_max=0.9, gamma=0.5, low <-> high",chebyshev,1,0.0996,10000,42
binary_t248_lower_w0p05__contour,binary_t248_lower_w0p05,248,0.0,0.05,contour,"контурный шум: p_min=0.0, p_max=0.9, gamma=0.5, low <-> high",chebyshev,3,0.1,10000,42
binary_t248_lower_w0p05__contour,binary_t248_lower_w0p05,248,0.0,0.05,contour,"контурный шум: p_min=0.0, p_max=0.9, gamma=0.5, low <-> high",chebyshev,5,0.0999,10000,42
binary_t248_lower_w0p05__contour,binary_t248_lower_w0p05,248,0.0,0.05,contour,"контурный шум: p_min=0.0, p_max=0.9, gamma=0.5, low <-> high",chebyshev,7,0.0999,10000,42
binary_t248_lower_w0p05__contour,binary_t248_lower_w0p05,248,0.0,0.05,contour,"контурный шум: p_min=0.0, p_max=0.9, gamma=0.5, low <-> high",chebyshev,9,0.0996,10000,42
binary_t248_lower_w0p1__none,binary_t248_lower_w0p1,248,0.0,0.1,none,без шума,euclidean,1,0.7702,10000,42
binary_t248_lower_w0p1__none,binary_t248_lower_w0p1,248,0.0,0.1,none,без шума,euclidean,3,0.7698,10000,42
binary_t248_lower_w0p1__none,binary_t248_lower_w0p1,248,0.0,0.1,none,без шума,euclidean,5,0.7705,10000,42
binary_t248_lower_w0p1__none,binary_t248_lower_w0p1,248,0.0,0.1,none,без шума,euclidean,7,0.7726,10000,42
binary_t248_lower_w0p1__none,binary_t248_lower_w0p1,248,0.0,0.1,none,без шума,euclidean,9,0.7694,10000,42
binary_t248_lower_w0p1__none,binary_t248_lower_w0p1,248,0.0,0.1,none,без шума,squared_euclidean,1,0.7702,10000,42
binary_t248_lower_w0p1__none,binary_t248_lower_w0p1,248,0.0,0.1,none,без шума,squared_euclidean,3,0.7698,10000,42
binary_t248_lower_w0p1__none,binary_t248_lower_w0p1,248,0.0,0.1,none,без шума,squared_euclidean,5,0.7705,10000,42
binary_t248_lower_w0p1__none,binary_t248_lower_w0p1,248,0.0,0.1,none,без шума,squared_euclidean,7,0.7726,10000,42
binary_t248_lower_w0p1__none,binary_t248_lower_w0p1,248,0.0,0.1,none,без шума,squared_euclidean,9,0.7694,10000,42
binary_t248_lower_w0p1__none,binary_t248_lower_w0p1,248,0.0,0.1,none,без шума,manhattan,1,0.7707999999999999,10000,42
binary_t248_lower_w0p1__none,binary_t248_lower_w0p1,248,0.0,0.1,none,без шума,manhattan,3,0.7701,10000,42
binary_t248_lower_w0p1__none,binary_t248_lower_w0p1,248,0.0,0.1,none,без шума,manhattan,5,0.77,10000,42
binary_t248_lower_w0p1__none,binary_t248_lower_w0p1,248,0.0,0.1,none,без шума,manhattan,7,0.7728,10000,42
binary_t248_lower_w0p1__none,binary_t248_lower_w0p1,248,0.0,0.1,none,без шума,manhattan,9,0.7692999999999999,10000,42
binary_t248_lower_w0p1__none,binary_t248_lower_w0p1,248,0.0,0.1,none,без шума,weighted_euclidean,1,0.7731,10000,42
binary_t248_lower_w0p1__none,binary_t248_lower_w0p1,248,0.0,0.1,none,без шума,weighted_euclidean,3,0.7724,10000,42
binary_t248_lower_w0p1__none,binary_t248_lower_w0p1,248,0.0,0.1,none,без шума,weighted_euclidean,5,0.7706000000000001,10000,42
binary_t248_lower_w0p1__none,binary_t248_lower_w0p1,248,0.0,0.1,none,без шума,weighted_euclidean,7,0.7705,10000,42
binary_t248_lower_w0p1__none,binary_t248_lower_w0p1,248,0.0,0.1,none,без шума,weighted_euclidean,9,0.768,10000,42
binary_t248_lower_w0p1__none,binary_t248_lower_w0p1,248,0.0,0.1,none,без шума,chebyshev,1,0.0996,10000,42
binary_t248_lower_w0p1__none,binary_t248_lower_w0p1,248,0.0,0.1,none,без шума,chebyshev,3,0.1002,10000,42
binary_t248_lower_w0p1__none,binary_t248_lower_w0p1,248,0.0,0.1,none,без шума,chebyshev,5,0.09969999999999998,10000,42
binary_t248_lower_w0p1__none,binary_t248_lower_w0p1,248,0.0,0.1,none,без шума,chebyshev,7,0.0999,10000,42
binary_t248_lower_w0p1__none,binary_t248_lower_w0p1,248,0.0,0.1,none,без шума,chebyshev,9,0.0996,10000,42
binary_t248_lower_w0p1__uniform,binary_t248_lower_w0p1,248,0.0,0.1,uniform,"равномерный шум: p=0.1, low <-> high",euclidean,1,0.5162,10000,42
binary_t248_lower_w0p1__uniform,binary_t248_lower_w0p1,248,0.0,0.1,uniform,"равномерный шум: p=0.1, low <-> high",euclidean,3,0.5234,10000,42
binary_t248_lower_w0p1__uniform,binary_t248_lower_w0p1,248,0.0,0.1,uniform,"равномерный шум: p=0.1, low <-> high",euclidean,5,0.5555,10000,42
binary_t248_lower_w0p1__uniform,binary_t248_lower_w0p1,248,0.0,0.1,uniform,"равномерный шум: p=0.1, low <-> high",euclidean,7,0.5596,10000,42
binary_t248_lower_w0p1__uniform,binary_t248_lower_w0p1,248,0.0,0.1,uniform,"равномерный шум: p=0.1, low <-> high",euclidean,9,0.5703,10000,42
binary_t248_lower_w0p1__uniform,binary_t248_lower_w0p1,248,0.0,0.1,uniform,"равномерный шум: p=0.1, low <-> high",squared_euclidean,1,0.5162,10000,42
binary_t248_lower_w0p1__uniform,binary_t248_lower_w0p1,248,0.0,0.1,uniform,"равномерный шум: p=0.1, low <-> high",squared_euclidean,3,0.5234,10000,42
binary_t248_lower_w0p1__uniform,binary_t248_lower_w0p1,248,0.0,0.1,uniform,"равномерный шум: p=0.1, low <-> high",squared_euclidean,5,0.5555,10000,42
binary_t248_lower_w0p1__uniform,binary_t248_lower_w0p1,248,0.0,0.1,uniform,"равномерный шум: p=0.1, low <-> high",squared_euclidean,7,0.5596,10000,42
binary_t248_lower_w0p1__uniform,binary_t248_lower_w0p1,248,0.0,0.1,uniform,"равномерный шум: p=0.1, low <-> high",squared_euclidean,9,0.5703,10000,42
binary_t248_lower_w0p1__uniform,binary_t248_lower_w0p1,248,0.0,0.1,uniform,"равномерный шум: p=0.1, low <-> high",manhattan,1,0.5128,10000,42
binary_t248_lower_w0p1__uniform,binary_t248_lower_w0p1,248,0.0,0.1,uniform,"равномерный шум: p=0.1, low <-> high",manhattan,3,0.5249,10000,42
binary_t248_lower_w0p1__uniform,binary_t248_lower_w0p1,248,0.0,0.1,uniform,"равномерный шум: p=0.1, low <-> high",manhattan,5,0.5563,10000,42
binary_t248_lower_w0p1__uniform,binary_t248_lower_w0p1,248,0.0,0.1,uniform,"равномерный шум: p=0.1, low <-> high",manhattan,7,0.5603,10000,42
binary_t248_lower_w0p1__uniform,binary_t248_lower_w0p1,248,0.0,0.1,uniform,"равномерный шум: p=0.1, low <-> high",manhattan,9,0.5704,10000,42
binary_t248_lower_w0p1__uniform,binary_t248_lower_w0p1,248,0.0,0.1,uniform,"равномерный шум: p=0.1, low <-> high",weighted_euclidean,1,0.5578,10000,42
binary_t248_lower_w0p1__uniform,binary_t248_lower_w0p1,248,0.0,0.1,uniform,"равномерный шум: p=0.1, low <-> high",weighted_euclidean,3,0.5674,10000,42
binary_t248_lower_w0p1__uniform,binary_t248_lower_w0p1,248,0.0,0.1,uniform,"равномерный шум: p=0.1, low <-> high",weighted_euclidean,5,0.5917,10000,42
binary_t248_lower_w0p1__uniform,binary_t248_lower_w0p1,248,0.0,0.1,uniform,"равномерный шум: p=0.1, low <-> high",weighted_euclidean,7,0.6004,10000,42
binary_t248_lower_w0p1__uniform,binary_t248_lower_w0p1,248,0.0,0.1,uniform,"равномерный шум: p=0.1, low <-> high",weighted_euclidean,9,0.6062,10000,42
binary_t248_lower_w0p1__uniform,binary_t248_lower_w0p1,248,0.0,0.1,uniform,"равномерный шум: p=0.1, low <-> high",chebyshev,1,0.0996,10000,42
binary_t248_lower_w0p1__uniform,binary_t248_lower_w0p1,248,0.0,0.1,uniform,"равномерный шум: p=0.1, low <-> high",chebyshev,3,0.1,10000,42
binary_t248_lower_w0p1__uniform,binary_t248_lower_w0p1,248,0.0,0.1,uniform,"равномерный шум: p=0.1, low <-> high",chebyshev,5,0.0999,10000,42
binary_t248_lower_w0p1__uniform,binary_t248_lower_w0p1,248,0.0,0.1,uniform,"равномерный шум: p=0.1, low <-> high",chebyshev,7,0.0999,10000,42
binary_t248_lower_w0p1__uniform,binary_t248_lower_w0p1,248,0.0,0.1,uniform,"равномерный шум: p=0.1, low <-> high",chebyshev,9,0.0996,10000,42
binary_t248_lower_w0p1__contour,binary_t248_lower_w0p1,248,0.0,0.1,contour,"контурный шум: p_min=0.0, p_max=0.9, gamma=0.5, low <-> high",euclidean,1,0.45159999999999995,10000,42
binary_t248_lower_w0p1__contour,binary_t248_lower_w0p1,248,0.0,0.1,contour,"контурный шум: p_min=0.0, p_max=0.9, gamma=0.5, low <-> high",euclidean,3,0.4511,10000,42
binary_t248_lower_w0p1__contour,binary_t248_lower_w0p1,248,0.0,0.1,contour,"контурный шум: p_min=0.0, p_max=0.9, gamma=0.5, low <-> high",euclidean,5,0.46509999999999996,10000,42
binary_t248_lower_w0p1__contour,binary_t248_lower_w0p1,248,0.0,0.1,contour,"контурный шум: p_min=0.0, p_max=0.9, gamma=0.5, low <-> high",euclidean,7,0.4648,10000,42
binary_t248_lower_w0p1__contour,binary_t248_lower_w0p1,248,0.0,0.1,contour,"контурный шум: p_min=0.0, p_max=0.9, gamma=0.5, low <-> high",euclidean,9,0.4714,10000,42
binary_t248_lower_w0p1__contour,binary_t248_lower_w0p1,248,0.0,0.1,contour,"контурный шум: p_min=0.0, p_max=0.9, gamma=0.5, low <-> high",squared_euclidean,1,0.45159999999999995,10000,42
binary_t248_lower_w0p1__contour,binary_t248_lower_w0p1,248,0.0,0.1,contour,"контурный шум: p_min=0.0, p_max=0.9, gamma=0.5, low <-> high",squared_euclidean,3,0.4511,10000,42
binary_t248_lower_w0p1__contour,binary_t248_lower_w0p1,248,0.0,0.1,contour,"контурный шум: p_min=0.0, p_max=0.9, gamma=0.5, low <-> high",squared_euclidean,5,0.46509999999999996,10000,42
binary_t248_lower_w0p1__contour,binary_t248_lower_w0p1,248,0.0,0.1,contour,"контурный шум: p_min=0.0, p_max=0.9, gamma=0.5, low <-> high",squared_euclidean,7,0.4648,10000,42
binary_t248_lower_w0p1__contour,binary_t248_lower_w0p1,248,0.0,0.1,contour,"контурный шум: p_min=0.0, p_max=0.9, gamma=0.5, low <-> high",squared_euclidean,9,0.4714,10000,42
binary_t248_lower_w0p1__contour,binary_t248_lower_w0p1,248,0.0,0.1,contour,"контурный шум: p_min=0.0, p_max=0.9, gamma=0.5, low <-> high",manhattan,1,0.4508,10000,42
binary_t248_lower_w0p1__contour,binary_t248_lower_w0p1,248,0.0,0.1,contour,"контурный шум: p_min=0.0, p_max=0.9, gamma=0.5, low <-> high",manhattan,3,0.4511,10000,42
binary_t248_lower_w0p1__contour,binary_t248_lower_w0p1,248,0.0,0.1,contour,"контурный шум: p_min=0.0, p_max=0.9, gamma=0.5, low <-> high",manhattan,5,0.4648,10000,42
binary_t248_lower_w0p1__contour,binary_t248_lower_w0p1,248,0.0,0.1,contour,"контурный шум: p_min=0.0, p_max=0.9, gamma=0.5, low <-> high",manhattan,7,0.46520000000000006,10000,42
binary_t248_lower_w0p1__contour,binary_t248_lower_w0p1,248,0.0,0.1,contour,"контурный шум: p_min=0.0, p_max=0.9, gamma=0.5, low <-> high",manhattan,9,0.47229999999999994,10000,42
binary_t248_lower_w0p1__contour,binary_t248_lower_w0p1,248,0.0,0.1,contour,"контурный шум: p_min=0.0, p_max=0.9, gamma=0.5, low <-> high",weighted_euclidean,1,0.4562,10000,42
binary_t248_lower_w0p1__contour,binary_t248_lower_w0p1,248,0.0,0.1,contour,"контурный шум: p_min=0.0, p_max=0.9, gamma=0.5, low <-> high",weighted_euclidean,3,0.45629999999999993,10000,42
binary_t248_lower_w0p1__contour,binary_t248_lower_w0p1,248,0.0,0.1,contour,"контурный шум: p_min=0.0, p_max=0.9, gamma=0.5, low <-> high",weighted_euclidean,5,0.4695,10000,42
binary_t248_lower_w0p1__contour,binary_t248_lower_w0p1,248,0.0,0.1,contour,"контурный шум: p_min=0.0, p_max=0.9, gamma=0.5, low <-> high",weighted_euclidean,7,0.4797,10000,42
binary_t248_lower_w0p1__contour,binary_t248_lower_w0p1,248,0.0,0.1,contour,"контурный шум: p_min=0.0, p_max=0.9, gamma=0.5, low <-> high",weighted_euclidean,9,0.48350000000000004,10000,42
binary_t248_lower_w0p1__contour,binary_t248_lower_w0p1,248,0.0,0.1,contour,"контурный шум: p_min=0.0, p_max=0.9, gamma=0.5, low <-> high",chebyshev,1,0.0996,10000,42
binary_t248_lower_w0p1__contour,binary_t248_lower_w0p1,248,0.0,0.1,contour,"контурный шум: p_min=0.0, p_max=0.9, gamma=0.5, low <-> high",chebyshev,3,0.1,10000,42
binary_t248_lower_w0p1__contour,binary_t248_lower_w0p1,248,0.0,0.1,contour,"контурный шум: p_min=0.0, p_max=0.9, gamma=0.5, low <-> high",chebyshev,5,0.0999,10000,42
binary_t248_lower_w0p1__contour,binary_t248_lower_w0p1,248,0.0,0.1,contour,"контурный шум: p_min=0.0, p_max=0.9, gamma=0.5, low <-> high",chebyshev,7,0.0999,10000,42
binary_t248_lower_w0p1__contour,binary_t248_lower_w0p1,248,0.0,0.1,contour,"контурный шум: p_min=0.0, p_max=0.9, gamma=0.5, low <-> high",chebyshev,9,0.0996,10000,42
binary_t248_lower_w0p2__none,binary_t248_lower_w0p2,248,0.0,0.2,none,без шума,euclidean,1,0.7702,10000,42
binary_t248_lower_w0p2__none,binary_t248_lower_w0p2,248,0.0,0.2,none,без шума,euclidean,3,0.7698,10000,42
binary_t248_lower_w0p2__none,binary_t248_lower_w0p2,248,0.0,0.2,none,без шума,euclidean,5,0.7705,10000,42
binary_t248_lower_w0p2__none,binary_t248_lower_w0p2,248,0.0,0.2,none,без шума,euclidean,7,0.7726,10000,42
binary_t248_lower_w0p2__none,binary_t248_lower_w0p2,248,0.0,0.2,none,без шума,euclidean,9,0.7694,10000,42
binary_t248_lower_w0p2__none,binary_t248_lower_w0p2,248,0.0,0.2,none,без шума,squared_euclidean,1,0.7702,10000,42
binary_t248_lower_w0p2__none,binary_t248_lower_w0p2,248,0.0,0.2,none,без шума,squared_euclidean,3,0.7698,10000,42
binary_t248_lower_w0p2__none,binary_t248_lower_w0p2,248,0.0,0.2,none,без шума,squared_euclidean,5,0.7705,10000,42
binary_t248_lower_w0p2__none,binary_t248_lower_w0p2,248,0.0,0.2,none,без шума,squared_euclidean,7,0.7726,10000,42
binary_t248_lower_w0p2__none,binary_t248_lower_w0p2,248,0.0,0.2,none,без шума,squared_euclidean,9,0.7694,10000,42
binary_t248_lower_w0p2__none,binary_t248_lower_w0p2,248,0.0,0.2,none,без шума,manhattan,1,0.7707999999999999,10000,42
binary_t248_lower_w0p2__none,binary_t248_lower_w0p2,248,0.0,0.2,none,без шума,manhattan,3,0.7701,10000,42
binary_t248_lower_w0p2__none,binary_t248_lower_w0p2,248,0.0,0.2,none,без шума,manhattan,5,0.77,10000,42
binary_t248_lower_w0p2__none,binary_t248_lower_w0p2,248,0.0,0.2,none,без шума,manhattan,7,0.7728,10000,42
binary_t248_lower_w0p2__none,binary_t248_lower_w0p2,248,0.0,0.2,none,без шума,manhattan,9,0.7692999999999999,10000,42
binary_t248_lower_w0p2__none,binary_t248_lower_w0p2,248,0.0,0.2,none,без шума,weighted_euclidean,1,0.7731,10000,42
binary_t248_lower_w0p2__none,binary_t248_lower_w0p2,248,0.0,0.2,none,без шума,weighted_euclidean,3,0.7724,10000,42
binary_t248_lower_w0p2__none,binary_t248_lower_w0p2,248,0.0,0.2,none,без шума,weighted_euclidean,5,0.7706000000000001,10000,42
binary_t248_lower_w0p2__none,binary_t248_lower_w0p2,248,0.0,0.2,none,без шума,weighted_euclidean,7,0.7705,10000,42
binary_t248_lower_w0p2__none,binary_t248_lower_w0p2,248,0.0,0.2,none,без шума,weighted_euclidean,9,0.768,10000,42
binary_t248_lower_w0p2__none,binary_t248_lower_w0p2,248,0.0,0.2,none,без шума,chebyshev,1,0.0996,10000,42
binary_t248_lower_w0p2__none,binary_t248_lower_w0p2,248,0.0,0.2,none,без шума,chebyshev,3,0.1002,10000,42
binary_t248_lower_w0p2__none,binary_t248_lower_w0p2,248,0.0,0.2,none,без шума,chebyshev,5,0.09969999999999998,10000,42
binary_t248_lower_w0p2__none,binary_t248_lower_w0p2,248,0.0,0.2,none,без шума,chebyshev,7,0.0999,10000,42
binary_t248_lower_w0p2__none,binary_t248_lower_w0p2,248,0.0,0.2,none,без шума,chebyshev,9,0.0996,10000,42
binary_t248_lower_w0p2__uniform,binary_t248_lower_w0p2,248,0.0,0.2,uniform,"равномерный шум: p=0.1, low <-> high",euclidean,1,0.5162,10000,42
binary_t248_lower_w0p2__uniform,binary_t248_lower_w0p2,248,0.0,0.2,uniform,"равномерный шум: p=0.1, low <-> high",euclidean,3,0.5234,10000,42
binary_t248_lower_w0p2__uniform,binary_t248_lower_w0p2,248,0.0,0.2,uniform,"равномерный шум: p=0.1, low <-> high",euclidean,5,0.5555,10000,42
binary_t248_lower_w0p2__uniform,binary_t248_lower_w0p2,248,0.0,0.2,uniform,"равномерный шум: p=0.1, low <-> high",euclidean,7,0.5596,10000,42
binary_t248_lower_w0p2__uniform,binary_t248_lower_w0p2,248,0.0,0.2,uniform,"равномерный шум: p=0.1, low <-> high",euclidean,9,0.5703,10000,42
binary_t248_lower_w0p2__uniform,binary_t248_lower_w0p2,248,0.0,0.2,uniform,"равномерный шум: p=0.1, low <-> high",squared_euclidean,1,0.5162,10000,42
binary_t248_lower_w0p2__uniform,binary_t248_lower_w0p2,248,0.0,0.2,uniform,"равномерный шум: p=0.1, low <-> high",squared_euclidean,3,0.5234,10000,42
binary_t248_lower_w0p2__uniform,binary_t248_lower_w0p2,248,0.0,0.2,uniform,"равномерный шум: p=0.1, low <-> high",squared_euclidean,5,0.5555,10000,42
binary_t248_lower_w0p2__uniform,binary_t248_lower_w0p2,248,0.0,0.2,uniform,"равномерный шум: p=0.1, low <-> high",squared_euclidean,7,0.5596,10000,42
binary_t248_lower_w0p2__uniform,binary_t248_lower_w0p2,248,0.0,0.2,uniform,"равномерный шум: p=0.1, low <-> high",squared_euclidean,9,0.5703,10000,42
binary_t248_lower_w0p2__uniform,binary_t248_lower_w0p2,248,0.0,0.2,uniform,"равномерный шум: p=0.1, low <-> high",manhattan,1,0.5128,10000,42
binary_t248_lower_w0p2__uniform,binary_t248_lower_w0p2,248,0.0,0.2,uniform,"равномерный шум: p=0.1, low <-> high",manhattan,3,0.5249,10000,42
binary_t248_lower_w0p2__uniform,binary_t248_lower_w0p2,248,0.0,0.2,uniform,"равномерный шум: p=0.1, low <-> high",manhattan,5,0.5563,10000,42
binary_t248_lower_w0p2__uniform,binary_t248_lower_w0p2,248,0.0,0.2,uniform,"равномерный шум: p=0.1, low <-> high",manhattan,7,0.5603,10000,42
binary_t248_lower_w0p2__uniform,binary_t248_lower_w0p2,248,0.0,0.2,uniform,"равномерный шум: p=0.1, low <-> high",manhattan,9,0.5704,10000,42
binary_t248_lower_w0p2__uniform,binary_t248_lower_w0p2,248,0.0,0.2,uniform,"равномерный шум: p=0.1, low <-> high",weighted_euclidean,1,0.5578,10000,42
binary_t248_lower_w0p2__uniform,binary_t248_lower_w0p2,248,0.0,0.2,uniform,"равномерный шум: p=0.1, low <-> high",weighted_euclidean,3,0.5674,10000,42
binary_t248_lower_w0p2__uniform,binary_t248_lower_w0p2,248,0.0,0.2,uniform,"равномерный шум: p=0.1, low <-> high",weighted_euclidean,5,0.5917,10000,42
binary_t248_lower_w0p2__uniform,binary_t248_lower_w0p2,248,0.0,0.2,uniform,"равномерный шум: p=0.1, low <-> high",weighted_euclidean,7,0.6004,10000,42
binary_t248_lower_w0p2__uniform,binary_t248_lower_w0p2,248,0.0,0.2,uniform,"равномерный шум: p=0.1, low <-> high",weighted_euclidean,9,0.6062,10000,42
binary_t248_lower_w0p2__uniform,binary_t248_lower_w0p2,248,0.0,0.2,uniform,"равномерный шум: p=0.1, low <-> high",chebyshev,1,0.0996,10000,42
binary_t248_lower_w0p2__uniform,binary_t248_lower_w0p2,248,0.0,0.2,uniform,"равномерный шум: p=0.1, low <-> high",chebyshev,3,0.1,10000,42
binary_t248_lower_w0p2__uniform,binary_t248_lower_w0p2,248,0.0,0.2,uniform,"равномерный шум: p=0.1, low <-> high",chebyshev,5,0.0999,10000,42
binary_t248_lower_w0p2__uniform,binary_t248_lower_w0p2,248,0.0,0.2,uniform,"равномерный шум: p=0.1, low <-> high",chebyshev,7,0.0999,10000,42
binary_t248_lower_w0p2__uniform,binary_t248_lower_w0p2,248,0.0,0.2,uniform,"равномерный шум: p=0.1, low <-> high",chebyshev,9,0.0996,10000,42
binary_t248_lower_w0p2__contour,binary_t248_lower_w0p2,248,0.0,0.2,contour,"контурный шум: p_min=0.0, p_max=0.9, gamma=0.5, low <-> high",euclidean,1,0.45159999999999995,10000,42
binary_t248_lower_w0p2__contour,binary_t248_lower_w0p2,248,0.0,0.2,contour,"контурный шум: p_min=0.0, p_max=0.9, gamma=0.5, low <-> high",euclidean,3,0.4511,10000,42
binary_t248_lower_w0p2__contour,binary_t248_lower_w0p2,248,0.0,0.2,contour,"контурный шум: p_min=0.0, p_max=0.9, gamma=0.5, low <-> high",euclidean,5,0.46509999999999996,10000,42
binary_t248_lower_w0p2__contour,binary_t248_lower_w0p2,248,0.0,0.2,contour,"контурный шум: p_min=0.0, p_max=0.9, gamma=0.5, low <-> high",euclidean,7,0.4648,10000,42
binary_t248_lower_w0p2__contour,binary_t248_lower_w0p2,248,0.0,0.2,contour,"контурный шум: p_min=0.0, p_max=0.9, gamma=0.5, low <-> high",euclidean,9,0.4714,10000,42
binary_t248_lower_w0p2__contour,binary_t248_lower_w0p2,248,0.0,0.2,contour,"контурный шум: p_min=0.0, p_max=0.9, gamma=0.5, low <-> high",squared_euclidean,1,0.45159999999999995,10000,42
binary_t248_lower_w0p2__contour,binary_t248_lower_w0p2,248,0.0,0.2,contour,"контурный шум: p_min=0.0, p_max=0.9, gamma=0.5, low <-> high",squared_euclidean,3,0.4511,10000,42
binary_t248_lower_w0p2__contour,binary_t248_lower_w0p2,248,0.0,0.2,contour,"контурный шум: p_min=0.0, p_max=0.9, gamma=0.5, low <-> high",squared_euclidean,5,0.46509999999999996,10000,42
binary_t248_lower_w0p2__contour,binary_t248_lower_w0p2,248,0.0,0.2,contour,"контурный шум: p_min=0.0, p_max=0.9, gamma=0.5, low <-> high",squared_euclidean,7,0.4648,10000,42
binary_t248_lower_w0p2__contour,binary_t248_lower_w0p2,248,0.0,0.2,contour,"контурный шум: p_min=0.0, p_max=0.9, gamma=0.5, low <-> high",squared_euclidean,9,0.4714,10000,42
binary_t248_lower_w0p2__contour,binary_t248_lower_w0p2,248,0.0,0.2,contour,"контурный шум: p_min=0.0, p_max=0.9, gamma=0.5, low <-> high",manhattan,1,0.4508,10000,42
binary_t248_lower_w0p2__contour,binary_t248_lower_w0p2,248,0.0,0.2,contour,"контурный шум: p_min=0.0, p_max=0.9, gamma=0.5, low <-> high",manhattan,3,0.4511,10000,42
binary_t248_lower_w0p2__contour,binary_t248_lower_w0p2,248,0.0,0.2,contour,"контурный шум: p_min=0.0, p_max=0.9, gamma=0.5, low <-> high",manhattan,5,0.4648,10000,42
binary_t248_lower_w0p2__contour,binary_t248_lower_w0p2,248,0.0,0.2,contour,"контурный шум: p_min=0.0, p_max=0.9, gamma=0.5, low <-> high",manhattan,7,0.46520000000000006,10000,42
binary_t248_lower_w0p2__contour,binary_t248_lower_w0p2,248,0.0,0.2,contour,"контурный шум: p_min=0.0, p_max=0.9, gamma=0.5, low <-> high",manhattan,9,0.47229999999999994,10000,42
binary_t248_lower_w0p2__contour,binary_t248_lower_w0p2,248,0.0,0.2,contour,"контурный шум: p_min=0.0, p_max=0.9, gamma=0.5, low <-> high",weighted_euclidean,1,0.4562,10000,42
binary_t248_lower_w0p2__contour,binary_t248_lower_w0p2,248,0.0,0.2,contour,"контурный шум: p_min=0.0, p_max=0.9, gamma=0.5, low <-> high",weighted_euclidean,3,0.45629999999999993,10000,42
binary_t248_lower_w0p2__contour,binary_t248_lower_w0p2,248,0.0,0.2,contour,"контурный шум: p_min=0.0, p_max=0.9, gamma=0.5, low <-> high",weighted_euclidean,5,0.4695,10000,42
binary_t248_lower_w0p2__contour,binary_t248_lower_w0p2,248,0.0,0.2,contour,"контурный шум: p_min=0.0, p_max=0.9, gamma=0.5, low <-> high",weighted_euclidean,7,0.4797,10000,42
binary_t248_lower_w0p2__contour,binary_t248_lower_w0p2,248,0.0,0.2,contour,"контурный шум: p_min=0.0, p_max=0.9, gamma=0.5, low <-> high",weighted_euclidean,9,0.48350000000000004,10000,42
binary_t248_lower_w0p2__contour,binary_t248_lower_w0p2,248,0.0,0.2,contour,"контурный шум: p_min=0.0, p_max=0.9, gamma=0.5, low <-> high",chebyshev,1,0.0996,10000,42
binary_t248_lower_w0p2__contour,binary_t248_lower_w0p2,248,0.0,0.2,contour,"контурный шум: p_min=0.0, p_max=0.9, gamma=0.5, low <-> high",chebyshev,3,0.1,10000,42
binary_t248_lower_w0p2__contour,binary_t248_lower_w0p2,248,0.0,0.2,contour,"контурный шум: p_min=0.0, p_max=0.9, gamma=0.5, low <-> high",chebyshev,5,0.0999,10000,42
binary_t248_lower_w0p2__contour,binary_t248_lower_w0p2,248,0.0,0.2,contour,"контурный шум: p_min=0.0, p_max=0.9, gamma=0.5, low <-> high",chebyshev,7,0.0999,10000,42
binary_t248_lower_w0p2__contour,binary_t248_lower_w0p2,248,0.0,0.2,contour,"контурный шум: p_min=0.0, p_max=0.9, gamma=0.5, low <-> high",chebyshev,9,0.0996,10000,42
binary_t248_middle_w0p05__none,binary_t248_middle_w0p05,248,0.475,0.525,none,без шума,euclidean,1,0.7702,10000,42
binary_t248_middle_w0p05__none,binary_t248_middle_w0p05,248,0.475,0.525,none,без шума,euclidean,3,0.7715,10000,42
binary_t248_middle_w0p05__none,binary_t248_middle_w0p05,248,0.475,0.525,none,без шума,euclidean,5,0.7673000000000001,10000,42
binary_t248_middle_w0p05__none,binary_t248_middle_w0p05,248,0.475,0.525,none,без шума,euclidean,7,0.7694,10000,42
binary_t248_middle_w0p05__none,binary_t248_middle_w0p05,248,0.475,0.525,none,без шума,euclidean,9,0.7701,10000,42
binary_t248_middle_w0p05__none,binary_t248_middle_w0p05,248,0.475,0.525,none,без шума,squared_euclidean,1,0.7702,10000,42
binary_t248_middle_w0p05__none,binary_t248_middle_w0p05,248,0.475,0.525,none,без шума,squared_euclidean,3,0.7715,10000,42
binary_t248_middle_w0p05__none,binary_t248_middle_w0p05,248,0.475,0.525,none,без шума,squared_euclidean,5,0.7673000000000001,10000,42
binary_t248_middle_w0p05__none,binary_t248_middle_w0p05,248,0.475,0.525,none,без шума,squared_euclidean,7,0.7694,10000,42
binary_t248_middle_w0p05__none,binary_t248_middle_w0p05,248,0.475,0.525,none,без шума,squared_euclidean,9,0.7701,10000,42
binary_t248_middle_w0p05__none,binary_t248_middle_w0p05,248,0.475,0.525,none,без шума,manhattan,1,0.7707999999999999,10000,42
binary_t248_middle_w0p05__none,binary_t248_middle_w0p05,248,0.475,0.525,none,без шума,manhattan,3,0.7701,10000,42
binary_t248_middle_w0p05__none,binary_t248_middle_w0p05,248,0.475,0.525,none,без шума,manhattan,5,0.77,10000,42
binary_t248_middle_w0p05__none,binary_t248_middle_w0p05,248,0.475,0.525,none,без шума,manhattan,7,0.7728,10000,42
binary_t248_middle_w0p05__none,binary_t248_middle_w0p05,248,0.475,0.525,none,без шума,manhattan,9,0.7692999999999999,10000,42
binary_t248_middle_w0p05__none,binary_t248_middle_w0p05,248,0.475,0.525,none,без шума,weighted_euclidean,1,0.7731,10000,42
binary_t248_middle_w0p05__none,binary_t248_middle_w0p05,248,0.475,0.525,none,без шума,weighted_euclidean,3,0.7725,10000,42
binary_t248_middle_w0p05__none,binary_t248_middle_w0p05,248,0.475,0.525,none,без шума,weighted_euclidean,5,0.7706000000000001,10000,42
binary_t248_middle_w0p05__none,binary_t248_middle_w0p05,248,0.475,0.525,none,без шума,weighted_euclidean,7,0.7705,10000,42
binary_t248_middle_w0p05__none,binary_t248_middle_w0p05,248,0.475,0.525,none,без шума,weighted_euclidean,9,0.768,10000,42
binary_t248_middle_w0p05__none,binary_t248_middle_w0p05,248,0.475,0.525,none,без шума,chebyshev,1,0.0996,10000,42
binary_t248_middle_w0p05__none,binary_t248_middle_w0p05,248,0.475,0.525,none,без шума,chebyshev,3,0.1002,10000,42
binary_t248_middle_w0p05__none,binary_t248_middle_w0p05,248,0.475,0.525,none,без шума,chebyshev,5,0.09969999999999998,10000,42
binary_t248_middle_w0p05__none,binary_t248_middle_w0p05,248,0.475,0.525,none,без шума,chebyshev,7,0.0999,10000,42
binary_t248_middle_w0p05__none,binary_t248_middle_w0p05,248,0.475,0.525,none,без шума,chebyshev,9,0.0996,10000,42
binary_t248_middle_w0p05__uniform,binary_t248_middle_w0p05,248,0.475,0.525,uniform,"равномерный шум: p=0.1, low <-> high",euclidean,1,0.5158,10000,42
binary_t248_middle_w0p05__uniform,binary_t248_middle_w0p05,248,0.475,0.525,uniform,"равномерный шум: p=0.1, low <-> high",euclidean,3,0.5255,10000,42
binary_t248_middle_w0p05__uniform,binary_t248_middle_w0p05,248,0.475,0.525,uniform,"равномерный шум: p=0.1, low <-> high",euclidean,5,0.557,10000,42
binary_t248_middle_w0p05__uniform,binary_t248_middle_w0p05,248,0.475,0.525,uniform,"равномерный шум: p=0.1, low <-> high",euclidean,7,0.5612,10000,42
binary_t248_middle_w0p05__uniform,binary_t248_middle_w0p05,248,0.475,0.525,uniform,"равномерный шум: p=0.1, low <-> high",euclidean,9,0.5668,10000,42
binary_t248_middle_w0p05__uniform,binary_t248_middle_w0p05,248,0.475,0.525,uniform,"равномерный шум: p=0.1, low <-> high",squared_euclidean,1,0.5158,10000,42
binary_t248_middle_w0p05__uniform,binary_t248_middle_w0p05,248,0.475,0.525,uniform,"равномерный шум: p=0.1, low <-> high",squared_euclidean,3,0.5255,10000,42
binary_t248_middle_w0p05__uniform,binary_t248_middle_w0p05,248,0.475,0.525,uniform,"равномерный шум: p=0.1, low <-> high",squared_euclidean,5,0.557,10000,42
binary_t248_middle_w0p05__uniform,binary_t248_middle_w0p05,248,0.475,0.525,uniform,"равномерный шум: p=0.1, low <-> high",squared_euclidean,7,0.5612,10000,42
binary_t248_middle_w0p05__uniform,binary_t248_middle_w0p05,248,0.475,0.525,uniform,"равномерный шум: p=0.1, low <-> high",squared_euclidean,9,0.5668,10000,42
binary_t248_middle_w0p05__uniform,binary_t248_middle_w0p05,248,0.475,0.525,uniform,"равномерный шум: p=0.1, low <-> high",manhattan,1,0.5128,10000,42
binary_t248_middle_w0p05__uniform,binary_t248_middle_w0p05,248,0.475,0.525,uniform,"равномерный шум: p=0.1, low <-> high",manhattan,3,0.5249,10000,42
binary_t248_middle_w0p05__uniform,binary_t248_middle_w0p05,248,0.475,0.525,uniform,"равномерный шум: p=0.1, low <-> high",manhattan,5,0.5563,10000,42
binary_t248_middle_w0p05__uniform,binary_t248_middle_w0p05,248,0.475,0.525,uniform,"равномерный шум: p=0.1, low <-> high",manhattan,7,0.5603,10000,42
binary_t248_middle_w0p05__uniform,binary_t248_middle_w0p05,248,0.475,0.525,uniform,"равномерный шум: p=0.1, low <-> high",manhattan,9,0.5704,10000,42
binary_t248_middle_w0p05__uniform,binary_t248_middle_w0p05,248,0.475,0.525,uniform,"равномерный шум: p=0.1, low <-> high",weighted_euclidean,1,0.5578,10000,42
binary_t248_middle_w0p05__uniform,binary_t248_middle_w0p05,248,0.475,0.525,uniform,"равномерный шум: p=0.1, low <-> high",weighted_euclidean,3,0.5674,10000,42
binary_t248_middle_w0p05__uniform,binary_t248_middle_w0p05,248,0.475,0.525,uniform,"равномерный шум: p=0.1, low <-> high",weighted_euclidean,5,0.5917,10000,42
binary_t248_middle_w0p05__uniform,binary_t248_middle_w0p05,248,0.475,0.525,uniform,"равномерный шум: p=0.1, low <-> high",weighted_euclidean,7,0.6004,10000,42
binary_t248_middle_w0p05__uniform,binary_t248_middle_w0p05,248,0.475,0.525,uniform,"равномерный шум: p=0.1, low <-> high",weighted_euclidean,9,0.6062,10000,42
binary_t248_middle_w0p05__uniform,binary_t248_middle_w0p05,248,0.475,0.525,uniform,"равномерный шум: p=0.1, low <-> high",chebyshev,1,0.0996,10000,42
binary_t248_middle_w0p05__uniform,binary_t248_middle_w0p05,248,0.475,0.525,uniform,"равномерный шум: p=0.1, low <-> high",chebyshev,3,0.1,10000,42
binary_t248_middle_w0p05__uniform,binary_t248_middle_w0p05,248,0.475,0.525,uniform,"равномерный шум: p=0.1, low <-> high",chebyshev,5,0.0999,10000,42
binary_t248_middle_w0p05__uniform,binary_t248_middle_w0p05,248,0.475,0.525,uniform,"равномерный шум: p=0.1, low <-> high",chebyshev,7,0.0999,10000,42
binary_t248_middle_w0p05__uniform,binary_t248_middle_w0p05,248,0.475,0.525,uniform,"равномерный шум: p=0.1, low <-> high",chebyshev,9,0.0996,10000,42
binary_t248_middle_w0p05__contour,binary_t248_middle_w0p05,248,0.475,0.525,contour,"контурный шум: p_min=0.0, p_max=0.9, gamma=0.5, low <-> high",euclidean,1,0.4521,10000,42
binary_t248_middle_w0p05__contour,binary_t248_middle_w0p05,248,0.475,0.525,contour,"контурный шум: p_min=0.0, p_max=0.9, gamma=0.5, low <-> high",euclidean,3,0.4473,10000,42
binary_t248_middle_w0p05__contour,binary_t248_middle_w0p05,248,0.475,0.525,contour,"контурный шум: p_min=0.0, p_max=0.9, gamma=0.5, low <-> high",euclidean,5,0.4619,10000,42
binary_t248_middle_w0p05__contour,binary_t248_middle_w0p05,248,0.475,0.525,contour,"контурный шум: p_min=0.0, p_max=0.9, gamma=0.5, low <-> high",euclidean,7,0.466,10000,42
binary_t248_middle_w0p05__contour,binary_t248_middle_w0p05,248,0.475,0.525,contour,"контурный шум: p_min=0.0, p_max=0.9, gamma=0.5, low <-> high",euclidean,9,0.4719,10000,42
binary_t248_middle_w0p05__contour,binary_t248_middle_w0p05,248,0.475,0.525,contour,"контурный шум: p_min=0.0, p_max=0.9, gamma=0.5, low <-> high",squared_euclidean,1,0.4521,10000,42
binary_t248_middle_w0p05__contour,binary_t248_middle_w0p05,248,0.475,0.525,contour,"контурный шум: p_min=0.0, p_max=0.9, gamma=0.5, low <-> high",squared_euclidean,3,0.4473,10000,42
binary_t248_middle_w0p05__contour,binary_t248_middle_w0p05,248,0.475,0.525,contour,"контурный шум: p_min=0.0, p_max=0.9, gamma=0.5, low <-> high",squared_euclidean,5,0.4619,10000,42
binary_t248_middle_w0p05__contour,binary_t248_middle_w0p05,248,0.475,0.525,contour,"контурный шум: p_min=0.0, p_max=0.9, gamma=0.5, low <-> high",squared_euclidean,7,0.466,10000,42
binary_t248_middle_w0p05__contour,binary_t248_middle_w0p05,248,0.475,0.525,contour,"контурный шум: p_min=0.0, p_max=0.9, gamma=0.5, low <-> high",squared_euclidean,9,0.4719,10000,42
binary_t248_middle_w0p05__contour,binary_t248_middle_w0p05,248,0.475,0.525,contour,"контурный шум: p_min=0.0, p_max=0.9, gamma=0.5, low <-> high",manhattan,1,0.4508,10000,42
binary_t248_middle_w0p05__contour,binary_t248_middle_w0p05,248,0.475,0.525,contour,"контурный шум: p_min=0.0, p_max=0.9, gamma=0.5, low <-> high",manhattan,3,0.4511,10000,42
binary_t248_middle_w0p05__contour,binary_t248_middle_w0p05,248,0.475,0.525,contour,"контурный шум: p_min=0.0, p_max=0.9, gamma=0.5, low <-> high",manhattan,5,0.4648,10000,42
binary_t248_middle_w0p05__contour,binary_t248_middle_w0p05,248,0.475,0.525,contour,"контурный шум: p_min=0.0, p_max=0.9, gamma=0.5, low <-> high",manhattan,7,0.46520000000000006,10000,42
binary_t248_middle_w0p05__contour,binary_t248_middle_w0p05,248,0.475,0.525,contour,"контурный шум: p_min=0.0, p_max=0.9, gamma=0.5, low <-> high",manhattan,9,0.47229999999999994,10000,42
binary_t248_middle_w0p05__contour,binary_t248_middle_w0p05,248,0.475,0.525,contour,"контурный шум: p_min=0.0, p_max=0.9, gamma=0.5, low <-> high",weighted_euclidean,1,0.4562,10000,42
binary_t248_middle_w0p05__contour,binary_t248_middle_w0p05,248,0.475,0.525,contour,"контурный шум: p_min=0.0, p_max=0.9, gamma=0.5, low <-> high",weighted_euclidean,3,0.45629999999999993,10000,42
binary_t248_middle_w0p05__contour,binary_t248_middle_w0p05,248,0.475,0.525,contour,"контурный шум: p_min=0.0, p_max=0.9, gamma=0.5, low <-> high",weighted_euclidean,5,0.4695,10000,42
binary_t248_middle_w0p05__contour,binary_t248_middle_w0p05,248,0.475,0.525,contour,"контурный шум: p_min=0.0, p_max=0.9, gamma=0.5, low <-> high",weighted_euclidean,7,0.4797,10000,42
binary_t248_middle_w0p05__contour,binary_t248_middle_w0p05,248,0.475,0.525,contour,"контурный шум: p_min=0.0, p_max=0.9, gamma=0.5, low <-> high",weighted_euclidean,9,0.48350000000000004,10000,42
binary_t248_middle_w0p05__contour,binary_t248_middle_w0p05,248,0.475,0.525,contour,"контурный шум: p_min=0.0, p_max=0.9, gamma=0.5, low <-> high",chebyshev,1,0.0996,10000,42
binary_t248_middle_w0p05__contour,binary_t248_middle_w0p05,248,0.475,0.525,contour,"контурный шум: p_min=0.0, p_max=0.9, gamma=0.5, low <-> high",chebyshev,3,0.1,10000,42
binary_t248_middle_w0p05__contour,binary_t248_middle_w0p05,248,0.475,0.525,contour,"контурный шум: p_min=0.0, p_max=0.9, gamma=0.5, low <-> high",chebyshev,5,0.0999,10000,42
binary_t248_middle_w0p05__contour,binary_t248_middle_w0p05,248,0.475,0.525,contour,"контурный шум: p_min=0.0, p_max=0.9, gamma=0.5, low <-> high",chebyshev,7,0.0999,10000,42
binary_t248_middle_w0p05__contour,binary_t248_middle_w0p05,248,0.475,0.525,contour,"контурный шум: p_min=0.0, p_max=0.9, gamma=0.5, low <-> high",chebyshev,9,0.0996,10000,42
binary_t248_middle_w0p1__none,binary_t248_middle_w0p1,248,0.45,0.55,none,без шума,euclidean,1,0.7703,10000,42
binary_t248_middle_w0p1__none,binary_t248_middle_w0p1,248,0.45,0.55,none,без шума,euclidean,3,0.7661,10000,42
binary_t248_middle_w0p1__none,binary_t248_middle_w0p1,248,0.45,0.55,none,без шума,euclidean,5,0.7654,10000,42
binary_t248_middle_w0p1__none,binary_t248_middle_w0p1,248,0.45,0.55,none,без шума,euclidean,7,0.7696,10000,42
binary_t248_middle_w0p1__none,binary_t248_middle_w0p1,248,0.45,0.55,none,без шума,euclidean,9,0.7677,10000,42
binary_t248_middle_w0p1__none,binary_t248_middle_w0p1,248,0.45,0.55,none,без шума,squared_euclidean,1,0.7703,10000,42
binary_t248_middle_w0p1__none,binary_t248_middle_w0p1,248,0.45,0.55,none,без шума,squared_euclidean,3,0.7661,10000,42
binary_t248_middle_w0p1__none,binary_t248_middle_w0p1,248,0.45,0.55,none,без шума,squared_euclidean,5,0.7654,10000,42
binary_t248_middle_w0p1__none,binary_t248_middle_w0p1,248,0.45,0.55,none,без шума,squared_euclidean,7,0.7696,10000,42
binary_t248_middle_w0p1__none,binary_t248_middle_w0p1,248,0.45,0.55,none,без шума,squared_euclidean,9,0.7677,10000,42
binary_t248_middle_w0p1__none,binary_t248_middle_w0p1,248,0.45,0.55,none,без шума,manhattan,1,0.7707999999999999,10000,42
binary_t248_middle_w0p1__none,binary_t248_middle_w0p1,248,0.45,0.55,none,без шума,manhattan,3,0.7701,10000,42
binary_t248_middle_w0p1__none,binary_t248_middle_w0p1,248,0.45,0.55,none,без шума,manhattan,5,0.77,10000,42
binary_t248_middle_w0p1__none,binary_t248_middle_w0p1,248,0.45,0.55,none,без шума,manhattan,7,0.7728,10000,42
binary_t248_middle_w0p1__none,binary_t248_middle_w0p1,248,0.45,0.55,none,без шума,manhattan,9,0.7692999999999999,10000,42
binary_t248_middle_w0p1__none,binary_t248_middle_w0p1,248,0.45,0.55,none,без шума,weighted_euclidean,1,0.7731,10000,42
binary_t248_middle_w0p1__none,binary_t248_middle_w0p1,248,0.45,0.55,none,без шума,weighted_euclidean,3,0.7724,10000,42
binary_t248_middle_w0p1__none,binary_t248_middle_w0p1,248,0.45,0.55,none,без шума,weighted_euclidean,5,0.7706000000000001,10000,42
binary_t248_middle_w0p1__none,binary_t248_middle_w0p1,248,0.45,0.55,none,без шума,weighted_euclidean,7,0.7705,10000,42
binary_t248_middle_w0p1__none,binary_t248_middle_w0p1,248,0.45,0.55,none,без шума,weighted_euclidean,9,0.768,10000,42
binary_t248_middle_w0p1__none,binary_t248_middle_w0p1,248,0.45,0.55,none,без шума,chebyshev,1,0.0996,10000,42
binary_t248_middle_w0p1__none,binary_t248_middle_w0p1,248,0.45,0.55,none,без шума,chebyshev,3,0.1002,10000,42
binary_t248_middle_w0p1__none,binary_t248_middle_w0p1,248,0.45,0.55,none,без шума,chebyshev,5,0.09969999999999998,10000,42
binary_t248_middle_w0p1__none,binary_t248_middle_w0p1,248,0.45,0.55,none,без шума,chebyshev,7,0.0999,10000,42
binary_t248_middle_w0p1__none,binary_t248_middle_w0p1,248,0.45,0.55,none,без шума,chebyshev,9,0.0996,10000,42
binary_t248_middle_w0p1__uniform,binary_t248_middle_w0p1,248,0.45,0.55,uniform,"равномерный шум: p=0.1, low <-> high",euclidean,1,0.5114,10000,42
binary_t248_middle_w0p1__uniform,binary_t248_middle_w0p1,248,0.45,0.55,uniform,"равномерный шум: p=0.1, low <-> high",euclidean,3,0.5221,10000,42
binary_t248_middle_w0p1__uniform,binary_t248_middle_w0p1,248,0.45,0.55,uniform,"равномерный шум: p=0.1, low <-> high",euclidean,5,0.5539,10000,42
binary_t248_middle_w0p1__uniform,binary_t248_middle_w0p1,248,0.45,0.55,uniform,"равномерный шум: p=0.1, low <-> high",euclidean,7,0.5565,10000,42
binary_t248_middle_w0p1__uniform,binary_t248_middle_w0p1,248,0.45,0.55,uniform,"равномерный шум: p=0.1, low <-> high",euclidean,9,0.5681,10000,42
binary_t248_middle_w0p1__uniform,binary_t248_middle_w0p1,248,0.45,0.55,uniform,"равномерный шум: p=0.1, low <-> high",squared_euclidean,1,0.5114,10000,42
binary_t248_middle_w0p1__uniform,binary_t248_middle_w0p1,248,0.45,0.55,uniform,"равномерный шум: p=0.1, low <-> high",squared_euclidean,3,0.5221,10000,42
binary_t248_middle_w0p1__uniform,binary_t248_middle_w0p1,248,0.45,0.55,uniform,"равномерный шум: p=0.1, low <-> high",squared_euclidean,5,0.5539,10000,42
binary_t248_middle_w0p1__uniform,binary_t248_middle_w0p1,248,0.45,0.55,uniform,"равномерный шум: p=0.1, low <-> high",squared_euclidean,7,0.5565,10000,42
binary_t248_middle_w0p1__uniform,binary_t248_middle_w0p1,248,0.45,0.55,uniform,"равномерный шум: p=0.1, low <-> high",squared_euclidean,9,0.5681,10000,42
binary_t248_middle_w0p1__uniform,binary_t248_middle_w0p1,248,0.45,0.55,uniform,"равномерный шум: p=0.1, low <-> high",manhattan,1,0.5128,10000,42
binary_t248_middle_w0p1__uniform,binary_t248_middle_w0p1,248,0.45,0.55,uniform,"равномерный шум: p=0.1, low <-> high",manhattan,3,0.5249,10000,42
binary_t248_middle_w0p1__uniform,binary_t248_middle_w0p1,248,0.45,0.55,uniform,"равномерный шум: p=0.1, low <-> high",manhattan,5,0.5563,10000,42
binary_t248_middle_w0p1__uniform,binary_t248_middle_w0p1,248,0.45,0.55,uniform,"равномерный шум: p=0.1, low <-> high",manhattan,7,0.5603,10000,42
binary_t248_middle_w0p1__uniform,binary_t248_middle_w0p1,248,0.45,0.55,uniform,"равномерный шум: p=0.1, low <-> high",manhattan,9,0.5704,10000,42
binary_t248_middle_w0p1__uniform,binary_t248_middle_w0p1,248,0.45,0.55,uniform,"равномерный шум: p=0.1, low <-> high",weighted_euclidean,1,0.5578,10000,42
binary_t248_middle_w0p1__uniform,binary_t248_middle_w0p1,248,0.45,0.55,uniform,"равномерный шум: p=0.1, low <-> high",weighted_euclidean,3,0.5674,10000,42
binary_t248_middle_w0p1__uniform,binary_t248_middle_w0p1,248,0.45,0.55,uniform,"равномерный шум: p=0.1, low <-> high",weighted_euclidean,5,0.5917,10000,42
binary_t248_middle_w0p1__uniform,binary_t248_middle_w0p1,248,0.45,0.55,uniform,"равномерный шум: p=0.1, low <-> high",weighted_euclidean,7,0.6004,10000,42
binary_t248_middle_w0p1__uniform,binary_t248_middle_w0p1,248,0.45,0.55,uniform,"равномерный шум: p=0.1, low <-> high",weighted_euclidean,9,0.6062,10000,42
binary_t248_middle_w0p1__uniform,binary_t248_middle_w0p1,248,0.45,0.55,uniform,"равномерный шум: p=0.1, low <-> high",chebyshev,1,0.0996,10000,42
binary_t248_middle_w0p1__uniform,binary_t248_middle_w0p1,248,0.45,0.55,uniform,"равномерный шум: p=0.1, low <-> high",chebyshev,3,0.1,10000,42
binary_t248_middle_w0p1__uniform,binary_t248_middle_w0p1,248,0.45,0.55,uniform,"равномерный шум: p=0.1, low <-> high",chebyshev,5,0.0999,10000,42
binary_t248_middle_w0p1__uniform,binary_t248_middle_w0p1,248,0.45,0.55,uniform,"равномерный шум: p=0.1, low <-> high",chebyshev,7,0.0999,10000,42
binary_t248_middle_w0p1__uniform,binary_t248_middle_w0p1,248,0.45,0.55,uniform,"равномерный шум: p=0.1, low <-> high",chebyshev,9,0.0996,10000,42
binary_t248_middle_w0p1__contour,binary_t248_middle_w0p1,248,0.45,0.55,contour,"контурный шум: p_min=0.0, p_max=0.9, gamma=0.5, low <-> high",euclidean,1,0.44800000000000006,10000,42
binary_t248_middle_w0p1__contour,binary_t248_middle_w0p1,248,0.45,0.55,contour,"контурный шум: p_min=0.0, p_max=0.9, gamma=0.5, low <-> high",euclidean,3,0.4459,10000,42
binary_t248_middle_w0p1__contour,binary_t248_middle_w0p1,248,0.45,0.55,contour,"контурный шум: p_min=0.0, p_max=0.9, gamma=0.5, low <-> high",euclidean,5,0.4616,10000,42
binary_t248_middle_w0p1__contour,binary_t248_middle_w0p1,248,0.45,0.55,contour,"контурный шум: p_min=0.0, p_max=0.9, gamma=0.5, low <-> high",euclidean,7,0.4645,10000,42
binary_t248_middle_w0p1__contour,binary_t248_middle_w0p1,248,0.45,0.55,contour,"контурный шум: p_min=0.0, p_max=0.9, gamma=0.5, low <-> high",euclidean,9,0.4703,10000,42
binary_t248_middle_w0p1__contour,binary_t248_middle_w0p1,248,0.45,0.55,contour,"контурный шум: p_min=0.0, p_max=0.9, gamma=0.5, low <-> high",squared_euclidean,1,0.44800000000000006,10000,42
binary_t248_middle_w0p1__contour,binary_t248_middle_w0p1,248,0.45,0.55,contour,"контурный шум: p_min=0.0, p_max=0.9, gamma=0.5, low <-> high",squared_euclidean,3,0.4459,10000,42
binary_t248_middle_w0p1__contour,binary_t248_middle_w0p1,248,0.45,0.55,contour,"контурный шум: p_min=0.0, p_max=0.9, gamma=0.5, low <-> high",squared_euclidean,5,0.4616,10000,42
binary_t248_middle_w0p1__contour,binary_t248_middle_w0p1,248,0.45,0.55,contour,"контурный шум: p_min=0.0, p_max=0.9, gamma=0.5, low <-> high",squared_euclidean,7,0.4645,10000,42
binary_t248_middle_w0p1__contour,binary_t248_middle_w0p1,248,0.45,0.55,contour,"контурный шум: p_min=0.0, p_max=0.9, gamma=0.5, low <-> high",squared_euclidean,9,0.4703,10000,42
binary_t248_middle_w0p1__contour,binary_t248_middle_w0p1,248,0.45,0.55,contour,"контурный шум: p_min=0.0, p_max=0.9, gamma=0.5, low <-> high",manhattan,1,0.4508,10000,42
binary_t248_middle_w0p1__contour,binary_t248_middle_w0p1,248,0.45,0.55,contour,"контурный шум: p_min=0.0, p_max=0.9, gamma=0.5, low <-> high",manhattan,3,0.4511,10000,42
binary_t248_middle_w0p1__contour,binary_t248_middle_w0p1,248,0.45,0.55,contour,"контурный шум: p_min=0.0, p_max=0.9, gamma=0.5, low <-> high",manhattan,5,0.4648,10000,42
binary_t248_middle_w0p1__contour,binary_t248_middle_w0p1,248,0.45,0.55,contour,"контурный шум: p_min=0.0, p_max=0.9, gamma=0.5, low <-> high",manhattan,7,0.46520000000000006,10000,42
binary_t248_middle_w0p1__contour,binary_t248_middle_w0p1,248,0.45,0.55,contour,"контурный шум: p_min=0.0, p_max=0.9, gamma=0.5, low <-> high",manhattan,9,0.47229999999999994,10000,42
binary_t248_middle_w0p1__contour,binary_t248_middle_w0p1,248,0.45,0.55,contour,"контурный шум: p_min=0.0, p_max=0.9, gamma=0.5, low <-> high",weighted_euclidean,1,0.4562,10000,42
binary_t248_middle_w0p1__contour,binary_t248_middle_w0p1,248,0.45,0.55,contour,"контурный шум: p_min=0.0, p_max=0.9, gamma=0.5, low <-> high",weighted_euclidean,3,0.45629999999999993,10000,42
binary_t248_middle_w0p1__contour,binary_t248_middle_w0p1,248,0.45,0.55,contour,"контурный шум: p_min=0.0, p_max=0.9, gamma=0.5, low <-> high",weighted_euclidean,5,0.4695,10000,42
binary_t248_middle_w0p1__contour,binary_t248_middle_w0p1,248,0.45,0.55,contour,"контурный шум: p_min=0.0, p_max=0.9, gamma=0.5, low <-> high",weighted_euclidean,7,0.4797,10000,42
binary_t248_middle_w0p1__contour,binary_t248_middle_w0p1,248,0.45,0.55,contour,"контурный шум: p_min=0.0, p_max=0.9, gamma=0.5, low <-> high",weighted_euclidean,9,0.48350000000000004,10000,42
binary_t248_middle_w0p1__contour,binary_t248_middle_w0p1,248,0.45,0.55,contour,"контурный шум: p_min=0.0, p_max=0.9, gamma=0.5, low <-> high",chebyshev,1,0.0996,10000,42
binary_t248_middle_w0p1__contour,binary_t248_middle_w0p1,248,0.45,0.55,contour,"контурный шум: p_min=0.0, p_max=0.9, gamma=0.5, low <-> high",chebyshev,3,0.1,10000,42
binary_t248_middle_w0p1__contour,binary_t248_middle_w0p1,248,0.45,0.55,contour,"контурный шум: p_min=0.0, p_max=0.9, gamma=0.5, low <-> high",chebyshev,5,0.0999,10000,42
binary_t248_middle_w0p1__contour,binary_t248_middle_w0p1,248,0.45,0.55,contour,"контурный шум: p_min=0.0, p_max=0.9, gamma=0.5, low <-> high",chebyshev,7,0.0999,10000,42
binary_t248_middle_w0p1__contour,binary_t248_middle_w0p1,248,0.45,0.55,contour,"контурный шум: p_min=0.0, p_max=0.9, gamma=0.5, low <-> high",chebyshev,9,0.0996,10000,42
binary_t248_middle_w0p2__none,binary_t248_middle_w0p2,248,0.4,0.6,none,без шума,euclidean,1,0.7737,10000,42
binary_t248_middle_w0p2__none,binary_t248_middle_w0p2,248,0.4,0.6,none,без шума,euclidean,3,0.7751,10000,42
binary_t248_middle_w0p2__none,binary_t248_middle_w0p2,248,0.4,0.6,none,без шума,euclidean,5,0.773,10000,42
binary_t248_middle_w0p2__none,binary_t248_middle_w0p2,248,0.4,0.6,none,без шума,euclidean,7,0.7764,10000,42
binary_t248_middle_w0p2__none,binary_t248_middle_w0p2,248,0.4,0.6,none,без шума,euclidean,9,0.7724,10000,42
binary_t248_middle_w0p2__none,binary_t248_middle_w0p2,248,0.4,0.6,none,без шума,squared_euclidean,1,0.7737,10000,42
binary_t248_middle_w0p2__none,binary_t248_middle_w0p2,248,0.4,0.6,none,без шума,squared_euclidean,3,0.7751,10000,42
binary_t248_middle_w0p2__none,binary_t248_middle_w0p2,248,0.4,0.6,none,без шума,squared_euclidean,5,0.773,10000,42
binary_t248_middle_w0p2__none,binary_t248_middle_w0p2,248,0.4,0.6,none,без шума,squared_euclidean,7,0.7764,10000,42
binary_t248_middle_w0p2__none,binary_t248_middle_w0p2,248,0.4,0.6,none,без шума,squared_euclidean,9,0.7724,10000,42
binary_t248_middle_w0p2__none,binary_t248_middle_w0p2,248,0.4,0.6,none,без шума,manhattan,1,0.7707999999999999,10000,42
binary_t248_middle_w0p2__none,binary_t248_middle_w0p2,248,0.4,0.6,none,без шума,manhattan,3,0.7701,10000,42
binary_t248_middle_w0p2__none,binary_t248_middle_w0p2,248,0.4,0.6,none,без шума,manhattan,5,0.77,10000,42
binary_t248_middle_w0p2__none,binary_t248_middle_w0p2,248,0.4,0.6,none,без шума,manhattan,7,0.7728,10000,42
binary_t248_middle_w0p2__none,binary_t248_middle_w0p2,248,0.4,0.6,none,без шума,manhattan,9,0.7692999999999999,10000,42
binary_t248_middle_w0p2__none,binary_t248_middle_w0p2,248,0.4,0.6,none,без шума,weighted_euclidean,1,0.7731,10000,42
binary_t248_middle_w0p2__none,binary_t248_middle_w0p2,248,0.4,0.6,none,без шума,weighted_euclidean,3,0.7725,10000,42
binary_t248_middle_w0p2__none,binary_t248_middle_w0p2,248,0.4,0.6,none,без шума,weighted_euclidean,5,0.7706000000000001,10000,42
binary_t248_middle_w0p2__none,binary_t248_middle_w0p2,248,0.4,0.6,none,без шума,weighted_euclidean,7,0.7705,10000,42
binary_t248_middle_w0p2__none,binary_t248_middle_w0p2,248,0.4,0.6,none,без шума,weighted_euclidean,9,0.768,10000,42
binary_t248_middle_w0p2__none,binary_t248_middle_w0p2,248,0.4,0.6,none,без шума,chebyshev,1,0.0996,10000,42
binary_t248_middle_w0p2__none,binary_t248_middle_w0p2,248,0.4,0.6,none,без шума,chebyshev,3,0.1002,10000,42
binary_t248_middle_w0p2__none,binary_t248_middle_w0p2,248,0.4,0.6,none,без шума,chebyshev,5,0.09969999999999998,10000,42
binary_t248_middle_w0p2__none,binary_t248_middle_w0p2,248,0.4,0.6,none,без шума,chebyshev,7,0.0999,10000,42
binary_t248_middle_w0p2__none,binary_t248_middle_w0p2,248,0.4,0.6,none,без шума,chebyshev,9,0.0996,10000,42
binary_t248_middle_w0p2__uniform,binary_t248_middle_w0p2,248,0.4,0.6,uniform,"равномерный шум: p=0.1, low <-> high",euclidean,1,0.5193,10000,42
binary_t248_middle_w0p2__uniform,binary_t248_middle_w0p2,248,0.4,0.6,uniform,"равномерный шум: p=0.1, low <-> high",euclidean,3,0.5294,10000,42
binary_t248_middle_w0p2__uniform,binary_t248_middle_w0p2,248,0.4,0.6,uniform,"равномерный шум: p=0.1, low <-> high",euclidean,5,0.5593,10000,42
binary_t248_middle_w0p2__uniform,binary_t248_middle_w0p2,248,0.4,0.6,uniform,"равномерный шум: p=0.1, low <-> high",euclidean,7,0.5643,10000,42
binary_t248_middle_w0p2__uniform,binary_t248_middle_w0p2,248,0.4,0.6,uniform,"равномерный шум: p=0.1, low <-> high",euclidean,9,0.5706,10000,42
binary_t248_middle_w0p2__uniform,binary_t248_middle_w0p2,248,0.4,0.6,uniform,"равномерный шум: p=0.1, low <-> high",squared_euclidean,1,0.5193,10000,42
binary_t248_middle_w0p2__uniform,binary_t248_middle_w0p2,248,0.4,0.6,uniform,"равномерный шум: p=0.1, low <-> high",squared_euclidean,3,0.5294,10000,42
binary_t248_middle_w0p2__uniform,binary_t248_middle_w0p2,248,0.4,0.6,uniform,"равномерный шум: p=0.1, low <-> high",squared_euclidean,5,0.5593,10000,42
binary_t248_middle_w0p2__uniform,binary_t248_middle_w0p2,248,0.4,0.6,uniform,"равномерный шум: p=0.1, low <-> high",squared_euclidean,7,0.5643,10000,42
binary_t248_middle_w0p2__uniform,binary_t248_middle_w0p2,248,0.4,0.6,uniform,"равномерный шум: p=0.1, low <-> high",squared_euclidean,9,0.5706,10000,42
binary_t248_middle_w0p2__uniform,binary_t248_middle_w0p2,248,0.4,0.6,uniform,"равномерный шум: p=0.1, low <-> high",manhattan,1,0.5128,10000,42
binary_t248_middle_w0p2__uniform,binary_t248_middle_w0p2,248,0.4,0.6,uniform,"равномерный шум: p=0.1, low <-> high",manhattan,3,0.5249,10000,42
binary_t248_middle_w0p2__uniform,binary_t248_middle_w0p2,248,0.4,0.6,uniform,"равномерный шум: p=0.1, low <-> high",manhattan,5,0.5563,10000,42
binary_t248_middle_w0p2__uniform,binary_t248_middle_w0p2,248,0.4,0.6,uniform,"равномерный шум: p=0.1, low <-> high",manhattan,7,0.5603,10000,42
binary_t248_middle_w0p2__uniform,binary_t248_middle_w0p2,248,0.4,0.6,uniform,"равномерный шум: p=0.1, low <-> high",manhattan,9,0.5704,10000,42
binary_t248_middle_w0p2__uniform,binary_t248_middle_w0p2,248,0.4,0.6,uniform,"равномерный шум: p=0.1, low <-> high",weighted_euclidean,1,0.5578,10000,42
binary_t248_middle_w0p2__uniform,binary_t248_middle_w0p2,248,0.4,0.6,uniform,"равномерный шум: p=0.1, low <-> high",weighted_euclidean,3,0.5674,10000,42
binary_t248_middle_w0p2__uniform,binary_t248_middle_w0p2,248,0.4,0.6,uniform,"равномерный шум: p=0.1, low <-> high",weighted_euclidean,5,0.5917,10000,42
binary_t248_middle_w0p2__uniform,binary_t248_middle_w0p2,248,0.4,0.6,uniform,"равномерный шум: p=0.1, low <-> high",weighted_euclidean,7,0.6004,10000,42
binary_t248_middle_w0p2__uniform,binary_t248_middle_w0p2,248,0.4,0.6,uniform,"равномерный шум: p=0.1, low <-> high",weighted_euclidean,9,0.6062,10000,42
binary_t248_middle_w0p2__uniform,binary_t248_middle_w0p2,248,0.4,0.6,uniform,"равномерный шум: p=0.1, low <-> high",chebyshev,1,0.0996,10000,42
binary_t248_middle_w0p2__uniform,binary_t248_middle_w0p2,248,0.4,0.6,uniform,"равномерный шум: p=0.1, low <-> high",chebyshev,3,0.1,10000,42
binary_t248_middle_w0p2__uniform,binary_t248_middle_w0p2,248,0.4,0.6,uniform,"равномерный шум: p=0.1, low <-> high",chebyshev,5,0.0999,10000,42
binary_t248_middle_w0p2__uniform,binary_t248_middle_w0p2,248,0.4,0.6,uniform,"равномерный шум: p=0.1, low <-> high",chebyshev,7,0.0999,10000,42
binary_t248_middle_w0p2__uniform,binary_t248_middle_w0p2,248,0.4,0.6,uniform,"равномерный шум: p=0.1, low <-> high",chebyshev,9,0.0996,10000,42
binary_t248_middle_w0p2__contour,binary_t248_middle_w0p2,248,0.4,0.6,contour,"контурный шум: p_min=0.0, p_max=0.9, gamma=0.5, low <-> high",euclidean,1,0.4623,10000,42
binary_t248_middle_w0p2__contour,binary_t248_middle_w0p2,248,0.4,0.6,contour,"контурный шум: p_min=0.0, p_max=0.9, gamma=0.5, low <-> high",euclidean,3,0.46009999999999995,10000,42
binary_t248_middle_w0p2__contour,binary_t248_middle_w0p2,248,0.4,0.6,contour,"контурный шум: p_min=0.0, p_max=0.9, gamma=0.5, low <-> high",euclidean,5,0.472,10000,42
binary_t248_middle_w0p2__contour,binary_t248_middle_w0p2,248,0.4,0.6,contour,"контурный шум: p_min=0.0, p_max=0.9, gamma=0.5, low <-> high",euclidean,7,0.4778,10000,42
binary_t248_middle_w0p2__contour,binary_t248_middle_w0p2,248,0.4,0.6,contour,"контурный шум: p_min=0.0, p_max=0.9, gamma=0.5, low <-> high",euclidean,9,0.48230000000000006,10000,42
binary_t248_middle_w0p2__contour,binary_t248_middle_w0p2,248,0.4,0.6,contour,"контурный шум: p_min=0.0, p_max=0.9, gamma=0.5, low <-> high",squared_euclidean,1,0.4623,10000,42
binary_t248_middle_w0p2__contour,binary_t248_middle_w0p2,248,0.4,0.6,contour,"контурный шум: p_min=0.0, p_max=0.9, gamma=0.5, low <-> high",squared_euclidean,3,0.46009999999999995,10000,42
binary_t248_middle_w0p2__contour,binary_t248_middle_w0p2,248,0.4,0.6,contour,"контурный шум: p_min=0.0, p_max=0.9, gamma=0.5, low <-> high",squared_euclidean,5,0.472,10000,42
binary_t248_middle_w0p2__contour,binary_t248_middle_w0p2,248,0.4,0.6,contour,"контурный шум: p_min=0.0, p_max=0.9, gamma=0.5, low <-> high",squared_euclidean,7,0.4778,10000,42
binary_t248_middle_w0p2__contour,binary_t248_middle_w0p2,248,0.4,0.6,contour,"контурный шум: p_min=0.0, p_max=0.9, gamma=0.5, low <-> high",squared_euclidean,9,0.48230000000000006,10000,42
binary_t248_middle_w0p2__contour,binary_t248_middle_w0p2,248,0.4,0.6,contour,"контурный шум: p_min=0.0, p_max=0.9, gamma=0.5, low <-> high",manhattan,1,0.4508,10000,42
binary_t248_middle_w0p2__contour,binary_t248_middle_w0p2,248,0.4,0.6,contour,"контурный шум: p_min=0.0, p_max=0.9, gamma=0.5, low <-> high",manhattan,3,0.4511,10000,42
binary_t248_middle_w0p2__contour,binary_t248_middle_w0p2,248,0.4,0.6,contour,"контурный шум: p_min=0.0, p_max=0.9, gamma=0.5, low <-> high",manhattan,5,0.4648,10000,42
binary_t248_middle_w0p2__contour,binary_t248_middle_w0p2,248,0.4,0.6,contour,"контурный шум: p_min=0.0, p_max=0.9, gamma=0.5, low <-> high",manhattan,7,0.46520000000000006,10000,42
binary_t248_middle_w0p2__contour,binary_t248_middle_w0p2,248,0.4,0.6,contour,"контурный шум: p_min=0.0, p_max=0.9, gamma=0.5, low <-> high",manhattan,9,0.47229999999999994,10000,42
binary_t248_middle_w0p2__contour,binary_t248_middle_w0p2,248,0.4,0.6,contour,"контурный шум: p_min=0.0, p_max=0.9, gamma=0.5, low <-> high",weighted_euclidean,1,0.4562,10000,42
binary_t248_middle_w0p2__contour,binary_t248_middle_w0p2,248,0.4,0.6,contour,"контурный шум: p_min=0.0, p_max=0.9, gamma=0.5, low <-> high",weighted_euclidean,3,0.45629999999999993,10000,42
binary_t248_middle_w0p2__contour,binary_t248_middle_w0p2,248,0.4,0.6,contour,"контурный шум: p_min=0.0, p_max=0.9, gamma=0.5, low <-> high",weighted_euclidean,5,0.4695,10000,42
binary_t248_middle_w0p2__contour,binary_t248_middle_w0p2,248,0.4,0.6,contour,"контурный шум: p_min=0.0, p_max=0.9, gamma=0.5, low <-> high",weighted_euclidean,7,0.4797,10000,42
binary_t248_middle_w0p2__contour,binary_t248_middle_w0p2,248,0.4,0.6,contour,"контурный шум: p_min=0.0, p_max=0.9, gamma=0.5, low <-> high",weighted_euclidean,9,0.48350000000000004,10000,42
binary_t248_middle_w0p2__contour,binary_t248_middle_w0p2,248,0.4,0.6,contour,"контурный шум: p_min=0.0, p_max=0.9, gamma=0.5, low <-> high",chebyshev,1,0.0996,10000,42
binary_t248_middle_w0p2__contour,binary_t248_middle_w0p2,248,0.4,0.6,contour,"контурный шум: p_min=0.0, p_max=0.9, gamma=0.5, low <-> high",chebyshev,3,0.1,10000,42
binary_t248_middle_w0p2__contour,binary_t248_middle_w0p2,248,0.4,0.6,contour,"контурный шум: p_min=0.0, p_max=0.9, gamma=0.5, low <-> high",chebyshev,5,0.0999,10000,42
binary_t248_middle_w0p2__contour,binary_t248_middle_w0p2,248,0.4,0.6,contour,"контурный шум: p_min=0.0, p_max=0.9, gamma=0.5, low <-> high",chebyshev,7,0.0999,10000,42
binary_t248_middle_w0p2__contour,binary_t248_middle_w0p2,248,0.4,0.6,contour,"контурный шум: p_min=0.0, p_max=0.9, gamma=0.5, low <-> high",chebyshev,9,0.0996,10000,42
binary_t248_upper_w0p05__none,binary_t248_upper_w0p05,248,0.95,1.0,none,без шума,euclidean,1,0.7699000000000001,10000,42
binary_t248_upper_w0p05__none,binary_t248_upper_w0p05,248,0.95,1.0,none,без шума,euclidean,3,0.7685,10000,42
binary_t248_upper_w0p05__none,binary_t248_upper_w0p05,248,0.95,1.0,none,без шума,euclidean,5,0.7664,10000,42
binary_t248_upper_w0p05__none,binary_t248_upper_w0p05,248,0.95,1.0,none,без шума,euclidean,7,0.7694,10000,42
binary_t248_upper_w0p05__none,binary_t248_upper_w0p05,248,0.95,1.0,none,без шума,euclidean,9,0.7695000000000001,10000,42
binary_t248_upper_w0p05__none,binary_t248_upper_w0p05,248,0.95,1.0,none,без шума,squared_euclidean,1,0.7699000000000001,10000,42
binary_t248_upper_w0p05__none,binary_t248_upper_w0p05,248,0.95,1.0,none,без шума,squared_euclidean,3,0.7685,10000,42
binary_t248_upper_w0p05__none,binary_t248_upper_w0p05,248,0.95,1.0,none,без шума,squared_euclidean,5,0.7664,10000,42
binary_t248_upper_w0p05__none,binary_t248_upper_w0p05,248,0.95,1.0,none,без шума,squared_euclidean,7,0.7694,10000,42
binary_t248_upper_w0p05__none,binary_t248_upper_w0p05,248,0.95,1.0,none,без шума,squared_euclidean,9,0.7695000000000001,10000,42
binary_t248_upper_w0p05__none,binary_t248_upper_w0p05,248,0.95,1.0,none,без шума,manhattan,1,0.7707999999999999,10000,42
binary_t248_upper_w0p05__none,binary_t248_upper_w0p05,248,0.95,1.0,none,без шума,manhattan,3,0.7701,10000,42
binary_t248_upper_w0p05__none,binary_t248_upper_w0p05,248,0.95,1.0,none,без шума,manhattan,5,0.77,10000,42
binary_t248_upper_w0p05__none,binary_t248_upper_w0p05,248,0.95,1.0,none,без шума,manhattan,7,0.7728,10000,42
binary_t248_upper_w0p05__none,binary_t248_upper_w0p05,248,0.95,1.0,none,без шума,manhattan,9,0.7692999999999999,10000,42
binary_t248_upper_w0p05__none,binary_t248_upper_w0p05,248,0.95,1.0,none,без шума,weighted_euclidean,1,0.7731,10000,42
binary_t248_upper_w0p05__none,binary_t248_upper_w0p05,248,0.95,1.0,none,без шума,weighted_euclidean,3,0.7724,10000,42
binary_t248_upper_w0p05__none,binary_t248_upper_w0p05,248,0.95,1.0,none,без шума,weighted_euclidean,5,0.7706000000000001,10000,42
binary_t248_upper_w0p05__none,binary_t248_upper_w0p05,248,0.95,1.0,none,без шума,weighted_euclidean,7,0.7705,10000,42
binary_t248_upper_w0p05__none,binary_t248_upper_w0p05,248,0.95,1.0,none,без шума,weighted_euclidean,9,0.768,10000,42
binary_t248_upper_w0p05__none,binary_t248_upper_w0p05,248,0.95,1.0,none,без шума,chebyshev,1,0.0996,10000,42
binary_t248_upper_w0p05__none,binary_t248_upper_w0p05,248,0.95,1.0,none,без шума,chebyshev,3,0.1002,10000,42
binary_t248_upper_w0p05__none,binary_t248_upper_w0p05,248,0.95,1.0,none,без шума,chebyshev,5,0.09969999999999998,10000,42
binary_t248_upper_w0p05__none,binary_t248_upper_w0p05,248,0.95,1.0,none,без шума,chebyshev,7,0.0999,10000,42
binary_t248_upper_w0p05__none,binary_t248_upper_w0p05,248,0.95,1.0,none,без шума,chebyshev,9,0.0996,10000,42
binary_t248_upper_w0p05__uniform,binary_t248_upper_w0p05,248,0.95,1.0,uniform,"равномерный шум: p=0.1, low <-> high",euclidean,1,0.5156,10000,42
binary_t248_upper_w0p05__uniform,binary_t248_upper_w0p05,248,0.95,1.0,uniform,"равномерный шум: p=0.1, low <-> high",euclidean,3,0.522,10000,42
binary_t248_upper_w0p05__uniform,binary_t248_upper_w0p05,248,0.95,1.0,uniform,"равномерный шум: p=0.1, low <-> high",euclidean,5,0.5542,10000,42
binary_t248_upper_w0p05__uniform,binary_t248_upper_w0p05,248,0.95,1.0,uniform,"равномерный шум: p=0.1, low <-> high",euclidean,7,0.5608,10000,42
binary_t248_upper_w0p05__uniform,binary_t248_upper_w0p05,248,0.95,1.0,uniform,"равномерный шум: p=0.1, low <-> high",euclidean,9,0.5659,10000,42
binary_t248_upper_w0p05__uniform,binary_t248_upper_w0p05,248,0.95,1.0,uniform,"равномерный шум: p=0.1, low <-> high",squared_euclidean,1,0.5156,10000,42
binary_t248_upper_w0p05__uniform,binary_t248_upper_w0p05,248,0.95,1.0,uniform,"равномерный шум: p=0.1, low <-> high",squared_euclidean,3,0.522,10000,42
binary_t248_upper_w0p05__uniform,binary_t248_upper_w0p05,248,0.95,1.0,uniform,"равномерный шум: p=0.1, low <-> high",squared_euclidean,5,0.5542,10000,42
binary_t248_upper_w0p05__uniform,binary_t248_upper_w0p05,248,0.95,1.0,uniform,"равномерный шум: p=0.1, low <-> high",squared_euclidean,7,0.5608,10000,42
binary_t248_upper_w0p05__uniform,binary_t248_upper_w0p05,248,0.95,1.0,uniform,"равномерный шум: p=0.1, low <-> high",squared_euclidean,9,0.5659,10000,42
binary_t248_upper_w0p05__uniform,binary_t248_upper_w0p05,248,0.95,1.0,uniform,"равномерный шум: p=0.1, low <-> high",manhattan,1,0.5128,10000,42
binary_t248_upper_w0p05__uniform,binary_t248_upper_w0p05,248,0.95,1.0,uniform,"равномерный шум: p=0.1, low <-> high",manhattan,3,0.5249,10000,42
binary_t248_upper_w0p05__uniform,binary_t248_upper_w0p05,248,0.95,1.0,uniform,"равномерный шум: p=0.1, low <-> high",manhattan,5,0.5563,10000,42
binary_t248_upper_w0p05__uniform,binary_t248_upper_w0p05,248,0.95,1.0,uniform,"равномерный шум: p=0.1, low <-> high",manhattan,7,0.5603,10000,42
binary_t248_upper_w0p05__uniform,binary_t248_upper_w0p05,248,0.95,1.0,uniform,"равномерный шум: p=0.1, low <-> high",manhattan,9,0.5704,10000,42
binary_t248_upper_w0p05__uniform,binary_t248_upper_w0p05,248,0.95,1.0,uniform,"равномерный шум: p=0.1, low <-> high",weighted_euclidean,1,0.5578,10000,42
binary_t248_upper_w0p05__uniform,binary_t248_upper_w0p05,248,0.95,1.0,uniform,"равномерный шум: p=0.1, low <-> high",weighted_euclidean,3,0.5674,10000,42
binary_t248_upper_w0p05__uniform,binary_t248_upper_w0p05,248,0.95,1.0,uniform,"равномерный шум: p=0.1, low <-> high",weighted_euclidean,5,0.5917,10000,42
binary_t248_upper_w0p05__uniform,binary_t248_upper_w0p05,248,0.95,1.0,uniform,"равномерный шум: p=0.1, low <-> high",weighted_euclidean,7,0.6004,10000,42
binary_t248_upper_w0p05__uniform,binary_t248_upper_w0p05,248,0.95,1.0,uniform,"равномерный шум: p=0.1, low <-> high",weighted_euclidean,9,0.6062,10000,42
binary_t248_upper_w0p05__uniform,binary_t248_upper_w0p05,248,0.95,1.0,uniform,"равномерный шум: p=0.1, low <-> high",chebyshev,1,0.0996,10000,42
binary_t248_upper_w0p05__uniform,binary_t248_upper_w0p05,248,0.95,1.0,uniform,"равномерный шум: p=0.1, low <-> high",chebyshev,3,0.1,10000,42
binary_t248_upper_w0p05__uniform,binary_t248_upper_w0p05,248,0.95,1.0,uniform,"равномерный шум: p=0.1, low <-> high",chebyshev,5,0.0999,10000,42
binary_t248_upper_w0p05__uniform,binary_t248_upper_w0p05,248,0.95,1.0,uniform,"равномерный шум: p=0.1, low <-> high",chebyshev,7,0.0999,10000,42
binary_t248_upper_w0p05__uniform,binary_t248_upper_w0p05,248,0.95,1.0,uniform,"равномерный шум: p=0.1, low <-> high",chebyshev,9,0.0996,10000,42
binary_t248_upper_w0p05__contour,binary_t248_upper_w0p05,248,0.95,1.0,contour,"контурный шум: p_min=0.0, p_max=0.9, gamma=0.5, low <-> high",euclidean,1,0.452,10000,42
binary_t248_upper_w0p05__contour,binary_t248_upper_w0p05,248,0.95,1.0,contour,"контурный шум: p_min=0.0, p_max=0.9, gamma=0.5, low <-> high",euclidean,3,0.4468,10000,42
binary_t248_upper_w0p05__contour,binary_t248_upper_w0p05,248,0.95,1.0,contour,"контурный шум: p_min=0.0, p_max=0.9, gamma=0.5, low <-> high",euclidean,5,0.4587,10000,42
binary_t248_upper_w0p05__contour,binary_t248_upper_w0p05,248,0.95,1.0,contour,"контурный шум: p_min=0.0, p_max=0.9, gamma=0.5, low <-> high",euclidean,7,0.4685,10000,42
binary_t248_upper_w0p05__contour,binary_t248_upper_w0p05,248,0.95,1.0,contour,"контурный шум: p_min=0.0, p_max=0.9, gamma=0.5, low <-> high",euclidean,9,0.4721,10000,42
binary_t248_upper_w0p05__contour,binary_t248_upper_w0p05,248,0.95,1.0,contour,"контурный шум: p_min=0.0, p_max=0.9, gamma=0.5, low <-> high",squared_euclidean,1,0.452,10000,42
binary_t248_upper_w0p05__contour,binary_t248_upper_w0p05,248,0.95,1.0,contour,"контурный шум: p_min=0.0, p_max=0.9, gamma=0.5, low <-> high",squared_euclidean,3,0.4468,10000,42
binary_t248_upper_w0p05__contour,binary_t248_upper_w0p05,248,0.95,1.0,contour,"контурный шум: p_min=0.0, p_max=0.9, gamma=0.5, low <-> high",squared_euclidean,5,0.4587,10000,42
binary_t248_upper_w0p05__contour,binary_t248_upper_w0p05,248,0.95,1.0,contour,"контурный шум: p_min=0.0, p_max=0.9, gamma=0.5, low <-> high",squared_euclidean,7,0.4685,10000,42
binary_t248_upper_w0p05__contour,binary_t248_upper_w0p05,248,0.95,1.0,contour,"контурный шум: p_min=0.0, p_max=0.9, gamma=0.5, low <-> high",squared_euclidean,9,0.4721,10000,42
binary_t248_upper_w0p05__contour,binary_t248_upper_w0p05,248,0.95,1.0,contour,"контурный шум: p_min=0.0, p_max=0.9, gamma=0.5, low <-> high",manhattan,1,0.4508,10000,42
binary_t248_upper_w0p05__contour,binary_t248_upper_w0p05,248,0.95,1.0,contour,"контурный шум: p_min=0.0, p_max=0.9, gamma=0.5, low <-> high",manhattan,3,0.4511,10000,42
binary_t248_upper_w0p05__contour,binary_t248_upper_w0p05,248,0.95,1.0,contour,"контурный шум: p_min=0.0, p_max=0.9, gamma=0.5, low <-> high",manhattan,5,0.4648,10000,42
binary_t248_upper_w0p05__contour,binary_t248_upper_w0p05,248,0.95,1.0,contour,"контурный шум: p_min=0.0, p_max=0.9, gamma=0.5, low <-> high",manhattan,7,0.46520000000000006,10000,42
binary_t248_upper_w0p05__contour,binary_t248_upper_w0p05,248,0.95,1.0,contour,"контурный шум: p_min=0.0, p_max=0.9, gamma=0.5, low <-> high",manhattan,9,0.47229999999999994,10000,42
binary_t248_upper_w0p05__contour,binary_t248_upper_w0p05,248,0.95,1.0,contour,"контурный шум: p_min=0.0, p_max=0.9, gamma=0.5, low <-> high",weighted_euclidean,1,0.4562,10000,42
binary_t248_upper_w0p05__contour,binary_t248_upper_w0p05,248,0.95,1.0,contour,"контурный шум: p_min=0.0, p_max=0.9, gamma=0.5, low <-> high",weighted_euclidean,3,0.45629999999999993,10000,42
binary_t248_upper_w0p05__contour,binary_t248_upper_w0p05,248,0.95,1.0,contour,"контурный шум: p_min=0.0, p_max=0.9, gamma=0.5, low <-> high",weighted_euclidean,5,0.4695,10000,42
binary_t248_upper_w0p05__contour,binary_t248_upper_w0p05,248,0.95,1.0,contour,"контурный шум: p_min=0.0, p_max=0.9, gamma=0.5, low <-> high",weighted_euclidean,7,0.4797,10000,42
binary_t248_upper_w0p05__contour,binary_t248_upper_w0p05,248,0.95,1.0,contour,"контурный шум: p_min=0.0, p_max=0.9, gamma=0.5, low <-> high",weighted_euclidean,9,0.48350000000000004,10000,42
binary_t248_upper_w0p05__contour,binary_t248_upper_w0p05,248,0.95,1.0,contour,"контурный шум: p_min=0.0, p_max=0.9, gamma=0.5, low <-> high",chebyshev,1,0.0996,10000,42
binary_t248_upper_w0p05__contour,binary_t248_upper_w0p05,248,0.95,1.0,contour,"контурный шум: p_min=0.0, p_max=0.9, gamma=0.5, low <-> high",chebyshev,3,0.1,10000,42
binary_t248_upper_w0p05__contour,binary_t248_upper_w0p05,248,0.95,1.0,contour,"контурный шум: p_min=0.0, p_max=0.9, gamma=0.5, low <-> high",chebyshev,5,0.0999,10000,42
binary_t248_upper_w0p05__contour,binary_t248_upper_w0p05,248,0.95,1.0,contour,"контурный шум: p_min=0.0, p_max=0.9, gamma=0.5, low <-> high",chebyshev,7,0.0999,10000,42
binary_t248_upper_w0p05__contour,binary_t248_upper_w0p05,248,0.95,1.0,contour,"контурный шум: p_min=0.0, p_max=0.9, gamma=0.5, low <-> high",chebyshev,9,0.0996,10000,42
binary_t248_upper_w0p1__none,binary_t248_upper_w0p1,248,0.9,1.0,none,без шума,euclidean,1,0.7746,10000,42
binary_t248_upper_w0p1__none,binary_t248_upper_w0p1,248,0.9,1.0,none,без шума,euclidean,3,0.7725,10000,42
binary_t248_upper_w0p1__none,binary_t248_upper_w0p1,248,0.9,1.0,none,без шума,euclidean,5,0.7703,10000,42
binary_t248_upper_w0p1__none,binary_t248_upper_w0p1,248,0.9,1.0,none,без шума,euclidean,7,0.7734000000000001,10000,42
binary_t248_upper_w0p1__none,binary_t248_upper_w0p1,248,0.9,1.0,none,без шума,euclidean,9,0.7724,10000,42
binary_t248_upper_w0p1__none,binary_t248_upper_w0p1,248,0.9,1.0,none,без шума,squared_euclidean,1,0.7746,10000,42
binary_t248_upper_w0p1__none,binary_t248_upper_w0p1,248,0.9,1.0,none,без шума,squared_euclidean,3,0.7725,10000,42
binary_t248_upper_w0p1__none,binary_t248_upper_w0p1,248,0.9,1.0,none,без шума,squared_euclidean,5,0.7703,10000,42
binary_t248_upper_w0p1__none,binary_t248_upper_w0p1,248,0.9,1.0,none,без шума,squared_euclidean,7,0.7734000000000001,10000,42
binary_t248_upper_w0p1__none,binary_t248_upper_w0p1,248,0.9,1.0,none,без шума,squared_euclidean,9,0.7724,10000,42
binary_t248_upper_w0p1__none,binary_t248_upper_w0p1,248,0.9,1.0,none,без шума,manhattan,1,0.7707999999999999,10000,42
binary_t248_upper_w0p1__none,binary_t248_upper_w0p1,248,0.9,1.0,none,без шума,manhattan,3,0.7701,10000,42
binary_t248_upper_w0p1__none,binary_t248_upper_w0p1,248,0.9,1.0,none,без шума,manhattan,5,0.77,10000,42
binary_t248_upper_w0p1__none,binary_t248_upper_w0p1,248,0.9,1.0,none,без шума,manhattan,7,0.7728,10000,42
binary_t248_upper_w0p1__none,binary_t248_upper_w0p1,248,0.9,1.0,none,без шума,manhattan,9,0.7692999999999999,10000,42
binary_t248_upper_w0p1__none,binary_t248_upper_w0p1,248,0.9,1.0,none,без шума,weighted_euclidean,1,0.7731,10000,42
binary_t248_upper_w0p1__none,binary_t248_upper_w0p1,248,0.9,1.0,none,без шума,weighted_euclidean,3,0.7724,10000,42
binary_t248_upper_w0p1__none,binary_t248_upper_w0p1,248,0.9,1.0,none,без шума,weighted_euclidean,5,0.7706000000000001,10000,42
binary_t248_upper_w0p1__none,binary_t248_upper_w0p1,248,0.9,1.0,none,без шума,weighted_euclidean,7,0.7705,10000,42
binary_t248_upper_w0p1__none,binary_t248_upper_w0p1,248,0.9,1.0,none,без шума,weighted_euclidean,9,0.768,10000,42
binary_t248_upper_w0p1__none,binary_t248_upper_w0p1,248,0.9,1.0,none,без шума,chebyshev,1,0.0996,10000,42
binary_t248_upper_w0p1__none,binary_t248_upper_w0p1,248,0.9,1.0,none,без шума,chebyshev,3,0.1002,10000,42
binary_t248_upper_w0p1__none,binary_t248_upper_w0p1,248,0.9,1.0,none,без шума,chebyshev,5,0.09969999999999998,10000,42
binary_t248_upper_w0p1__none,binary_t248_upper_w0p1,248,0.9,1.0,none,без шума,chebyshev,7,0.0999,10000,42
binary_t248_upper_w0p1__none,binary_t248_upper_w0p1,248,0.9,1.0,none,без шума,chebyshev,9,0.0996,10000,42
binary_t248_upper_w0p1__uniform,binary_t248_upper_w0p1,248,0.9,1.0,uniform,"равномерный шум: p=0.1, low <-> high",euclidean,1,0.5169,10000,42
binary_t248_upper_w0p1__uniform,binary_t248_upper_w0p1,248,0.9,1.0,uniform,"равномерный шум: p=0.1, low <-> high",euclidean,3,0.5299,10000,42
binary_t248_upper_w0p1__uniform,binary_t248_upper_w0p1,248,0.9,1.0,uniform,"равномерный шум: p=0.1, low <-> high",euclidean,5,0.5607,10000,42
binary_t248_upper_w0p1__uniform,binary_t248_upper_w0p1,248,0.9,1.0,uniform,"равномерный шум: p=0.1, low <-> high",euclidean,7,0.5645,10000,42
binary_t248_upper_w0p1__uniform,binary_t248_upper_w0p1,248,0.9,1.0,uniform,"равномерный шум: p=0.1, low <-> high",euclidean,9,0.5733,10000,42
binary_t248_upper_w0p1__uniform,binary_t248_upper_w0p1,248,0.9,1.0,uniform,"равномерный шум: p=0.1, low <-> high",squared_euclidean,1,0.5169,10000,42
binary_t248_upper_w0p1__uniform,binary_t248_upper_w0p1,248,0.9,1.0,uniform,"равномерный шум: p=0.1, low <-> high",squared_euclidean,3,0.5299,10000,42
binary_t248_upper_w0p1__uniform,binary_t248_upper_w0p1,248,0.9,1.0,uniform,"равномерный шум: p=0.1, low <-> high",squared_euclidean,5,0.5607,10000,42
binary_t248_upper_w0p1__uniform,binary_t248_upper_w0p1,248,0.9,1.0,uniform,"равномерный шум: p=0.1, low <-> high",squared_euclidean,7,0.5645,10000,42
binary_t248_upper_w0p1__uniform,binary_t248_upper_w0p1,248,0.9,1.0,uniform,"равномерный шум: p=0.1, low <-> high",squared_euclidean,9,0.5733,10000,42
binary_t248_upper_w0p1__uniform,binary_t248_upper_w0p1,248,0.9,1.0,uniform,"равномерный шум: p=0.1, low <-> high",manhattan,1,0.5128,10000,42
binary_t248_upper_w0p1__uniform,binary_t248_upper_w0p1,248,0.9,1.0,uniform,"равномерный шум: p=0.1, low <-> high",manhattan,3,0.5249,10000,42
binary_t248_upper_w0p1__uniform,binary_t248_upper_w0p1,248,0.9,1.0,uniform,"равномерный шум: p=0.1, low <-> high",manhattan,5,0.5563,10000,42
binary_t248_upper_w0p1__uniform,binary_t248_upper_w0p1,248,0.9,1.0,uniform,"равномерный шум: p=0.1, low <-> high",manhattan,7,0.5603,10000,42
binary_t248_upper_w0p1__uniform,binary_t248_upper_w0p1,248,0.9,1.0,uniform,"равномерный шум: p=0.1, low <-> high",manhattan,9,0.5704,10000,42
binary_t248_upper_w0p1__uniform,binary_t248_upper_w0p1,248,0.9,1.0,uniform,"равномерный шум: p=0.1, low <-> high",weighted_euclidean,1,0.5578,10000,42
binary_t248_upper_w0p1__uniform,binary_t248_upper_w0p1,248,0.9,1.0,uniform,"равномерный шум: p=0.1, low <-> high",weighted_euclidean,3,0.5674,10000,42
binary_t248_upper_w0p1__uniform,binary_t248_upper_w0p1,248,0.9,1.0,uniform,"равномерный шум: p=0.1, low <-> high",weighted_euclidean,5,0.5917,10000,42
binary_t248_upper_w0p1__uniform,binary_t248_upper_w0p1,248,0.9,1.0,uniform,"равномерный шум: p=0.1, low <-> high",weighted_euclidean,7,0.6004,10000,42
binary_t248_upper_w0p1__uniform,binary_t248_upper_w0p1,248,0.9,1.0,uniform,"равномерный шум: p=0.1, low <-> high",weighted_euclidean,9,0.6062,10000,42
binary_t248_upper_w0p1__uniform,binary_t248_upper_w0p1,248,0.9,1.0,uniform,"равномерный шум: p=0.1, low <-> high",chebyshev,1,0.0996,10000,42
binary_t248_upper_w0p1__uniform,binary_t248_upper_w0p1,248,0.9,1.0,uniform,"равномерный шум: p=0.1, low <-> high",chebyshev,3,0.1,10000,42
binary_t248_upper_w0p1__uniform,binary_t248_upper_w0p1,248,0.9,1.0,uniform,"равномерный шум: p=0.1, low <-> high",chebyshev,5,0.0999,10000,42
binary_t248_upper_w0p1__uniform,binary_t248_upper_w0p1,248,0.9,1.0,uniform,"равномерный шум: p=0.1, low <-> high",chebyshev,7,0.0999,10000,42
binary_t248_upper_w0p1__uniform,binary_t248_upper_w0p1,248,0.9,1.0,uniform,"равномерный шум: p=0.1, low <-> high",chebyshev,9,0.0996,10000,42
binary_t248_upper_w0p1__contour,binary_t248_upper_w0p1,248,0.9,1.0,contour,"контурный шум: p_min=0.0, p_max=0.9, gamma=0.5, low <-> high",euclidean,1,0.4643,10000,42
binary_t248_upper_w0p1__contour,binary_t248_upper_w0p1,248,0.9,1.0,contour,"контурный шум: p_min=0.0, p_max=0.9, gamma=0.5, low <-> high",euclidean,3,0.4592,10000,42
binary_t248_upper_w0p1__contour,binary_t248_upper_w0p1,248,0.9,1.0,contour,"контурный шум: p_min=0.0, p_max=0.9, gamma=0.5, low <-> high",euclidean,5,0.4709,10000,42
binary_t248_upper_w0p1__contour,binary_t248_upper_w0p1,248,0.9,1.0,contour,"контурный шум: p_min=0.0, p_max=0.9, gamma=0.5, low <-> high",euclidean,7,0.4771,10000,42
binary_t248_upper_w0p1__contour,binary_t248_upper_w0p1,248,0.9,1.0,contour,"контурный шум: p_min=0.0, p_max=0.9, gamma=0.5, low <-> high",euclidean,9,0.48460000000000003,10000,42
binary_t248_upper_w0p1__contour,binary_t248_upper_w0p1,248,0.9,1.0,contour,"контурный шум: p_min=0.0, p_max=0.9, gamma=0.5, low <-> high",squared_euclidean,1,0.4643,10000,42
binary_t248_upper_w0p1__contour,binary_t248_upper_w0p1,248,0.9,1.0,contour,"контурный шум: p_min=0.0, p_max=0.9, gamma=0.5, low <-> high",squared_euclidean,3,0.4592,10000,42
binary_t248_upper_w0p1__contour,binary_t248_upper_w0p1,248,0.9,1.0,contour,"контурный шум: p_min=0.0, p_max=0.9, gamma=0.5, low <-> high",squared_euclidean,5,0.4709,10000,42
binary_t248_upper_w0p1__contour,binary_t248_upper_w0p1,248,0.9,1.0,contour,"контурный шум: p_min=0.0, p_max=0.9, gamma=0.5, low <-> high",squared_euclidean,7,0.4771,10000,42
binary_t248_upper_w0p1__contour,binary_t248_upper_w0p1,248,0.9,1.0,contour,"контурный шум: p_min=0.0, p_max=0.9, gamma=0.5, low <-> high",squared_euclidean,9,0.48460000000000003,10000,42
binary_t248_upper_w0p1__contour,binary_t248_upper_w0p1,248,0.9,1.0,contour,"контурный шум: p_min=0.0, p_max=0.9, gamma=0.5, low <-> high",manhattan,1,0.4508,10000,42
binary_t248_upper_w0p1__contour,binary_t248_upper_w0p1,248,0.9,1.0,contour,"контурный шум: p_min=0.0, p_max=0.9, gamma=0.5, low <-> high",manhattan,3,0.4511,10000,42
binary_t248_upper_w0p1__contour,binary_t248_upper_w0p1,248,0.9,1.0,contour,"контурный шум: p_min=0.0, p_max=0.9, gamma=0.5, low <-> high",manhattan,5,0.4648,10000,42
binary_t248_upper_w0p1__contour,binary_t248_upper_w0p1,248,0.9,1.0,contour,"контурный шум: p_min=0.0, p_max=0.9, gamma=0.5, low <-> high",manhattan,7,0.46520000000000006,10000,42
binary_t248_upper_w0p1__contour,binary_t248_upper_w0p1,248,0.9,1.0,contour,"контурный шум: p_min=0.0, p_max=0.9, gamma=0.5, low <-> high",manhattan,9,0.47229999999999994,10000,42
binary_t248_upper_w0p1__contour,binary_t248_upper_w0p1,248,0.9,1.0,contour,"контурный шум: p_min=0.0, p_max=0.9, gamma=0.5, low <-> high",weighted_euclidean,1,0.4562,10000,42
binary_t248_upper_w0p1__contour,binary_t248_upper_w0p1,248,0.9,1.0,contour,"контурный шум: p_min=0.0, p_max=0.9, gamma=0.5, low <-> high",weighted_euclidean,3,0.45629999999999993,10000,42
binary_t248_upper_w0p1__contour,binary_t248_upper_w0p1,248,0.9,1.0,contour,"контурный шум: p_min=0.0, p_max=0.9, gamma=0.5, low <-> high",weighted_euclidean,5,0.4695,10000,42
binary_t248_upper_w0p1__contour,binary_t248_upper_w0p1,248,0.9,1.0,contour,"контурный шум: p_min=0.0, p_max=0.9, gamma=0.5, low <-> high",weighted_euclidean,7,0.4797,10000,42
binary_t248_upper_w0p1__contour,binary_t248_upper_w0p1,248,0.9,1.0,contour,"контурный шум: p_min=0.0, p_max=0.9, gamma=0.5, low <-> high",weighted_euclidean,9,0.48350000000000004,10000,42
binary_t248_upper_w0p1__contour,binary_t248_upper_w0p1,248,0.9,1.0,contour,"контурный шум: p_min=0.0, p_max=0.9, gamma=0.5, low <-> high",chebyshev,1,0.0996,10000,42
binary_t248_upper_w0p1__contour,binary_t248_upper_w0p1,248,0.9,1.0,contour,"контурный шум: p_min=0.0, p_max=0.9, gamma=0.5, low <-> high",chebyshev,3,0.1,10000,42
binary_t248_upper_w0p1__contour,binary_t248_upper_w0p1,248,0.9,1.0,contour,"контурный шум: p_min=0.0, p_max=0.9, gamma=0.5, low <-> high",chebyshev,5,0.0999,10000,42
binary_t248_upper_w0p1__contour,binary_t248_upper_w0p1,248,0.9,1.0,contour,"контурный шум: p_min=0.0, p_max=0.9, gamma=0.5, low <-> high",chebyshev,7,0.0999,10000,42
binary_t248_upper_w0p1__contour,binary_t248_upper_w0p1,248,0.9,1.0,contour,"контурный шум: p_min=0.0, p_max=0.9, gamma=0.5, low <-> high",chebyshev,9,0.0996,10000,42
binary_t248_upper_w0p2__none,binary_t248_upper_w0p2,248,0.8,1.0,none,без шума,euclidean,1,0.7731999999999999,10000,42
binary_t248_upper_w0p2__none,binary_t248_upper_w0p2,248,0.8,1.0,none,без шума,euclidean,3,0.772,10000,42
binary_t248_upper_w0p2__none,binary_t248_upper_w0p2,248,0.8,1.0,none,без шума,euclidean,5,0.7714,10000,42
binary_t248_upper_w0p2__none,binary_t248_upper_w0p2,248,0.8,1.0,none,без шума,euclidean,7,0.7734000000000001,10000,42
binary_t248_upper_w0p2__none,binary_t248_upper_w0p2,248,0.8,1.0,none,без шума,euclidean,9,0.7725,10000,42
binary_t248_upper_w0p2__none,binary_t248_upper_w0p2,248,0.8,1.0,none,без шума,squared_euclidean,1,0.7731999999999999,10000,42
binary_t248_upper_w0p2__none,binary_t248_upper_w0p2,248,0.8,1.0,none,без шума,squared_euclidean,3,0.772,10000,42
binary_t248_upper_w0p2__none,binary_t248_upper_w0p2,248,0.8,1.0,none,без шума,squared_euclidean,5,0.7714,10000,42
binary_t248_upper_w0p2__none,binary_t248_upper_w0p2,248,0.8,1.0,none,без шума,squared_euclidean,7,0.7734000000000001,10000,42
binary_t248_upper_w0p2__none,binary_t248_upper_w0p2,248,0.8,1.0,none,без шума,squared_euclidean,9,0.7725,10000,42
binary_t248_upper_w0p2__none,binary_t248_upper_w0p2,248,0.8,1.0,none,без шума,manhattan,1,0.7707999999999999,10000,42
binary_t248_upper_w0p2__none,binary_t248_upper_w0p2,248,0.8,1.0,none,без шума,manhattan,3,0.7701,10000,42
binary_t248_upper_w0p2__none,binary_t248_upper_w0p2,248,0.8,1.0,none,без шума,manhattan,5,0.77,10000,42
binary_t248_upper_w0p2__none,binary_t248_upper_w0p2,248,0.8,1.0,none,без шума,manhattan,7,0.7728,10000,42
binary_t248_upper_w0p2__none,binary_t248_upper_w0p2,248,0.8,1.0,none,без шума,manhattan,9,0.7692999999999999,10000,42
binary_t248_upper_w0p2__none,binary_t248_upper_w0p2,248,0.8,1.0,none,без шума,weighted_euclidean,1,0.7731,10000,42
binary_t248_upper_w0p2__none,binary_t248_upper_w0p2,248,0.8,1.0,none,без шума,weighted_euclidean,3,0.7725,10000,42
binary_t248_upper_w0p2__none,binary_t248_upper_w0p2,248,0.8,1.0,none,без шума,weighted_euclidean,5,0.7706000000000001,10000,42
binary_t248_upper_w0p2__none,binary_t248_upper_w0p2,248,0.8,1.0,none,без шума,weighted_euclidean,7,0.7705,10000,42
binary_t248_upper_w0p2__none,binary_t248_upper_w0p2,248,0.8,1.0,none,без шума,weighted_euclidean,9,0.768,10000,42
binary_t248_upper_w0p2__none,binary_t248_upper_w0p2,248,0.8,1.0,none,без шума,chebyshev,1,0.0996,10000,42
binary_t248_upper_w0p2__none,binary_t248_upper_w0p2,248,0.8,1.0,none,без шума,chebyshev,3,0.1002,10000,42
binary_t248_upper_w0p2__none,binary_t248_upper_w0p2,248,0.8,1.0,none,без шума,chebyshev,5,0.09969999999999998,10000,42
binary_t248_upper_w0p2__none,binary_t248_upper_w0p2,248,0.8,1.0,none,без шума,chebyshev,7,0.0999,10000,42
binary_t248_upper_w0p2__none,binary_t248_upper_w0p2,248,0.8,1.0,none,без шума,chebyshev,9,0.0996,10000,42
binary_t248_upper_w0p2__uniform,binary_t248_upper_w0p2,248,0.8,1.0,uniform,"равномерный шум: p=0.1, low <-> high",euclidean,1,0.5194,10000,42
binary_t248_upper_w0p2__uniform,binary_t248_upper_w0p2,248,0.8,1.0,uniform,"равномерный шум: p=0.1, low <-> high",euclidean,3,0.531,10000,42
binary_t248_upper_w0p2__uniform,binary_t248_upper_w0p2,248,0.8,1.0,uniform,"равномерный шум: p=0.1, low <-> high",euclidean,5,0.5626,10000,42
binary_t248_upper_w0p2__uniform,binary_t248_upper_w0p2,248,0.8,1.0,uniform,"равномерный шум: p=0.1, low <-> high",euclidean,7,0.5643,10000,42
binary_t248_upper_w0p2__uniform,binary_t248_upper_w0p2,248,0.8,1.0,uniform,"равномерный шум: p=0.1, low <-> high",euclidean,9,0.5731,10000,42
binary_t248_upper_w0p2__uniform,binary_t248_upper_w0p2,248,0.8,1.0,uniform,"равномерный шум: p=0.1, low <-> high",squared_euclidean,1,0.5194,10000,42
binary_t248_upper_w0p2__uniform,binary_t248_upper_w0p2,248,0.8,1.0,uniform,"равномерный шум: p=0.1, low <-> high",squared_euclidean,3,0.531,10000,42
binary_t248_upper_w0p2__uniform,binary_t248_upper_w0p2,248,0.8,1.0,uniform,"равномерный шум: p=0.1, low <-> high",squared_euclidean,5,0.5626,10000,42
binary_t248_upper_w0p2__uniform,binary_t248_upper_w0p2,248,0.8,1.0,uniform,"равномерный шум: p=0.1, low <-> high",squared_euclidean,7,0.5643,10000,42
binary_t248_upper_w0p2__uniform,binary_t248_upper_w0p2,248,0.8,1.0,uniform,"равномерный шум: p=0.1, low <-> high",squared_euclidean,9,0.5731,10000,42
binary_t248_upper_w0p2__uniform,binary_t248_upper_w0p2,248,0.8,1.0,uniform,"равномерный шум: p=0.1, low <-> high",manhattan,1,0.5128,10000,42
binary_t248_upper_w0p2__uniform,binary_t248_upper_w0p2,248,0.8,1.0,uniform,"равномерный шум: p=0.1, low <-> high",manhattan,3,0.5249,10000,42
binary_t248_upper_w0p2__uniform,binary_t248_upper_w0p2,248,0.8,1.0,uniform,"равномерный шум: p=0.1, low <-> high",manhattan,5,0.5563,10000,42
binary_t248_upper_w0p2__uniform,binary_t248_upper_w0p2,248,0.8,1.0,uniform,"равномерный шум: p=0.1, low <-> high",manhattan,7,0.5603,10000,42
binary_t248_upper_w0p2__uniform,binary_t248_upper_w0p2,248,0.8,1.0,uniform,"равномерный шум: p=0.1, low <-> high",manhattan,9,0.5704,10000,42
binary_t248_upper_w0p2__uniform,binary_t248_upper_w0p2,248,0.8,1.0,uniform,"равномерный шум: p=0.1, low <-> high",weighted_euclidean,1,0.5578,10000,42
binary_t248_upper_w0p2__uniform,binary_t248_upper_w0p2,248,0.8,1.0,uniform,"равномерный шум: p=0.1, low <-> high",weighted_euclidean,3,0.5674,10000,42
binary_t248_upper_w0p2__uniform,binary_t248_upper_w0p2,248,0.8,1.0,uniform,"равномерный шум: p=0.1, low <-> high",weighted_euclidean,5,0.5917,10000,42
binary_t248_upper_w0p2__uniform,binary_t248_upper_w0p2,248,0.8,1.0,uniform,"равномерный шум: p=0.1, low <-> high",weighted_euclidean,7,0.6004,10000,42
binary_t248_upper_w0p2__uniform,binary_t248_upper_w0p2,248,0.8,1.0,uniform,"равномерный шум: p=0.1, low <-> high",weighted_euclidean,9,0.6062,10000,42
binary_t248_upper_w0p2__uniform,binary_t248_upper_w0p2,248,0.8,1.0,uniform,"равномерный шум: p=0.1, low <-> high",chebyshev,1,0.0996,10000,42
binary_t248_upper_w0p2__uniform,binary_t248_upper_w0p2,248,0.8,1.0,uniform,"равномерный шум: p=0.1, low <-> high",chebyshev,3,0.1,10000,42
binary_t248_upper_w0p2__uniform,binary_t248_upper_w0p2,248,0.8,1.0,uniform,"равномерный шум: p=0.1, low <-> high",chebyshev,5,0.0999,10000,42
binary_t248_upper_w0p2__uniform,binary_t248_upper_w0p2,248,0.8,1.0,uniform,"равномерный шум: p=0.1, low <-> high",chebyshev,7,0.0999,10000,42
binary_t248_upper_w0p2__uniform,binary_t248_upper_w0p2,248,0.8,1.0,uniform,"равномерный шум: p=0.1, low <-> high",chebyshev,9,0.0996,10000,42
binary_t248_upper_w0p2__contour,binary_t248_upper_w0p2,248,0.8,1.0,contour,"контурный шум: p_min=0.0, p_max=0.9, gamma=0.5, low <-> high",euclidean,1,0.4631,10000,42
binary_t248_upper_w0p2__contour,binary_t248_upper_w0p2,248,0.8,1.0,contour,"контурный шум: p_min=0.0, p_max=0.9, gamma=0.5, low <-> high",euclidean,3,0.4582,10000,42
binary_t248_upper_w0p2__contour,binary_t248_upper_w0p2,248,0.8,1.0,contour,"контурный шум: p_min=0.0, p_max=0.9, gamma=0.5, low <-> high",euclidean,5,0.4716,10000,42
binary_t248_upper_w0p2__contour,binary_t248_upper_w0p2,248,0.8,1.0,contour,"контурный шум: p_min=0.0, p_max=0.9, gamma=0.5, low <-> high",euclidean,7,0.4776,10000,42
binary_t248_upper_w0p2__contour,binary_t248_upper_w0p2,248,0.8,1.0,contour,"контурный шум: p_min=0.0, p_max=0.9, gamma=0.5, low <-> high",euclidean,9,0.4817,10000,42
binary_t248_upper_w0p2__contour,binary_t248_upper_w0p2,248,0.8,1.0,contour,"контурный шум: p_min=0.0, p_max=0.9, gamma=0.5, low <-> high",squared_euclidean,1,0.4631,10000,42
binary_t248_upper_w0p2__contour,binary_t248_upper_w0p2,248,0.8,1.0,contour,"контурный шум: p_min=0.0, p_max=0.9, gamma=0.5, low <-> high",squared_euclidean,3,0.4582,10000,42
binary_t248_upper_w0p2__contour,binary_t248_upper_w0p2,248,0.8,1.0,contour,"контурный шум: p_min=0.0, p_max=0.9, gamma=0.5, low <-> high",squared_euclidean,5,0.4716,10000,42
binary_t248_upper_w0p2__contour,binary_t248_upper_w0p2,248,0.8,1.0,contour,"контурный шум: p_min=0.0, p_max=0.9, gamma=0.5, low <-> high",squared_euclidean,7,0.4776,10000,42
binary_t248_upper_w0p2__contour,binary_t248_upper_w0p2,248,0.8,1.0,contour,"контурный шум: p_min=0.0, p_max=0.9, gamma=0.5, low <-> high",squared_euclidean,9,0.4817,10000,42
binary_t248_upper_w0p2__contour,binary_t248_upper_w0p2,248,0.8,1.0,contour,"контурный шум: p_min=0.0, p_max=0.9, gamma=0.5, low <-> high",manhattan,1,0.4508,10000,42
binary_t248_upper_w0p2__contour,binary_t248_upper_w0p2,248,0.8,1.0,contour,"контурный шум: p_min=0.0, p_max=0.9, gamma=0.5, low <-> high",manhattan,3,0.4511,10000,42
binary_t248_upper_w0p2__contour,binary_t248_upper_w0p2,248,0.8,1.0,contour,"контурный шум: p_min=0.0, p_max=0.9, gamma=0.5, low <-> high",manhattan,5,0.4648,10000,42
binary_t248_upper_w0p2__contour,binary_t248_upper_w0p2,248,0.8,1.0,contour,"контурный шум: p_min=0.0, p_max=0.9, gamma=0.5, low <-> high",manhattan,7,0.46520000000000006,10000,42
binary_t248_upper_w0p2__contour,binary_t248_upper_w0p2,248,0.8,1.0,contour,"контурный шум: p_min=0.0, p_max=0.9, gamma=0.5, low <-> high",manhattan,9,0.47229999999999994,10000,42
binary_t248_upper_w0p2__contour,binary_t248_upper_w0p2,248,0.8,1.0,contour,"контурный шум: p_min=0.0, p_max=0.9, gamma=0.5, low <-> high",weighted_euclidean,1,0.4562,10000,42
binary_t248_upper_w0p2__contour,binary_t248_upper_w0p2,248,0.8,1.0,contour,"контурный шум: p_min=0.0, p_max=0.9, gamma=0.5, low <-> high",weighted_euclidean,3,0.45629999999999993,10000,42
binary_t248_upper_w0p2__contour,binary_t248_upper_w0p2,248,0.8,1.0,contour,"контурный шум: p_min=0.0, p_max=0.9, gamma=0.5, low <-> high",weighted_euclidean,5,0.4695,10000,42
binary_t248_upper_w0p2__contour,binary_t248_upper_w0p2,248,0.8,1.0,contour,"контурный шум: p_min=0.0, p_max=0.9, gamma=0.5, low <-> high",weighted_euclidean,7,0.4797,10000,42
binary_t248_upper_w0p2__contour,binary_t248_upper_w0p2,248,0.8,1.0,contour,"контурный шум: p_min=0.0, p_max=0.9, gamma=0.5, low <-> high",weighted_euclidean,9,0.48350000000000004,10000,42
binary_t248_upper_w0p2__contour,binary_t248_upper_w0p2,248,0.8,1.0,contour,"контурный шум: p_min=0.0, p_max=0.9, gamma=0.5, low <-> high",chebyshev,1,0.0996,10000,42
binary_t248_upper_w0p2__contour,binary_t248_upper_w0p2,248,0.8,1.0,contour,"контурный шум: p_min=0.0, p_max=0.9, gamma=0.5, low <-> high",chebyshev,3,0.1,10000,42
binary_t248_upper_w0p2__contour,binary_t248_upper_w0p2,248,0.8,1.0,contour,"контурный шум: p_min=0.0, p_max=0.9, gamma=0.5, low <-> high",chebyshev,5,0.0999,10000,42
binary_t248_upper_w0p2__contour,binary_t248_upper_w0p2,248,0.8,1.0,contour,"контурный шум: p_min=0.0, p_max=0.9, gamma=0.5, low <-> high",chebyshev,7,0.0999,10000,42
binary_t248_upper_w0p2__contour,binary_t248_upper_w0p2,248,0.8,1.0,contour,"контурный шум: p_min=0.0, p_max=0.9, gamma=0.5, low <-> high",chebyshev,9,0.0996,10000,42
